Product_ID,Month,Category,Subcategory,List_Price,Unit_Cost,Base_Gross_Margin,Month_Num,Season_Index,Trend_Index,Demand_Index
P0001,2024-01-01,Electronics,Audio,3918.02,3516.9,0.1024,1,0.88,1.0,0.833
P0001,2024-02-01,Electronics,Audio,3918.02,3516.9,0.1024,2,0.9,1.03,0.888
P0001,2024-03-01,Electronics,Audio,3918.02,3516.9,0.1024,3,1.0,1.0609,0.929
P0001,2024-04-01,Electronics,Audio,3918.02,3516.9,0.1024,4,1.0,1.092727,1.176
P0001,2024-05-01,Electronics,Audio,3918.02,3516.9,0.1024,5,1.0,1.1255088100000001,1.29
P0001,2024-06-01,Electronics,Audio,3918.02,3516.9,0.1024,6,1.1,1.1592740743,1.423
P0001,2024-07-01,Electronics,Audio,3918.02,3516.9,0.1024,7,1.08,1.1940522965290001,1.415
P0001,2024-08-01,Electronics,Audio,3918.02,3516.9,0.1024,8,1.0,1.2298738654248702,1.512
P0001,2024-09-01,Electronics,Audio,3918.02,3516.9,0.1024,9,1.0,1.2667700813876164,1.249
P0001,2024-10-01,Electronics,Audio,3918.02,3516.9,0.1024,10,1.3,1.304773183829245,1.622
P0001,2024-11-01,Electronics,Audio,3918.02,3516.9,0.1024,11,1.42,1.3439163793441222,1.975
P0001,2024-12-01,Electronics,Audio,3918.02,3516.9,0.1024,12,1.5,1.384233870724446,2.275
P0001,2025-01-01,Electronics,Audio,3918.02,3516.9,0.1024,1,0.88,1.4257608868461793,1.227
P0001,2025-02-01,Electronics,Audio,3918.02,3516.9,0.1024,2,0.9,1.4685337134515648,1.26
P0001,2025-03-01,Electronics,Audio,3918.02,3516.9,0.1024,3,1.0,1.5125897248551117,1.272
P0001,2025-04-01,Electronics,Audio,3918.02,3516.9,0.1024,4,1.0,1.557967416600765,1.426
P0001,2025-05-01,Electronics,Audio,3918.02,3516.9,0.1024,5,1.0,1.6047064390987882,1.356
P0001,2025-06-01,Electronics,Audio,3918.02,3516.9,0.1024,6,1.1,1.6528476322717518,1.956
P0001,2025-07-01,Electronics,Audio,3918.02,3516.9,0.1024,7,1.08,1.7024330612399046,1.816
P0001,2025-08-01,Electronics,Audio,3918.02,3516.9,0.1024,8,1.0,1.7535060530771016,1.85
P0001,2025-09-01,Electronics,Audio,3918.02,3516.9,0.1024,9,1.0,1.8061112346694148,2.24
P0001,2025-10-01,Electronics,Audio,3918.02,3516.9,0.1024,10,1.3,1.8602945717094972,2.125
P0001,2025-11-01,Electronics,Audio,3918.02,3516.9,0.1024,11,1.42,1.9161034088607822,3.009
P0001,2025-12-01,Electronics,Audio,3918.02,3516.9,0.1024,12,1.5,1.9735865111266058,3.168
P0001,2026-01-01,Electronics,Audio,3918.02,3516.9,0.1024,1,0.88,2.032794106460404,1.786
P0001,2026-02-01,Electronics,Audio,3918.02,3516.9,0.1024,2,0.9,2.093777929654216,1.637
P0001,2026-03-01,Electronics,Audio,3918.02,3516.9,0.1024,3,1.0,2.156591267543843,2.017
P0001,2026-04-01,Electronics,Audio,3918.02,3516.9,0.1024,4,1.0,2.221289005570158,2.119
P0001,2026-05-01,Electronics,Audio,3918.02,3516.9,0.1024,5,1.0,2.287927675737263,2.399
P0001,2026-06-01,Electronics,Audio,3918.02,3516.9,0.1024,6,1.1,2.356565506009381,2.69
P0001,2026-07-01,Electronics,Audio,3918.02,3516.9,0.1024,7,1.08,2.427262471189662,2.264
P0001,2026-08-01,Electronics,Audio,3918.02,3516.9,0.1024,8,1.0,2.500080345325352,2.54
P0001,2026-09-01,Electronics,Audio,3918.02,3516.9,0.1024,9,1.0,2.575082755685113,2.685
P0002,2024-01-01,Electronics,Audio,810.77,534.43,0.3408,1,0.88,1.0,0.944
P0002,2024-02-01,Electronics,Audio,810.77,534.43,0.3408,2,0.9,1.03,0.757
P0002,2024-03-01,Electronics,Audio,810.77,534.43,0.3408,3,1.0,1.0609,0.856
P0002,2024-04-01,Electronics,Audio,810.77,534.43,0.3408,4,1.0,1.092727,1.001
P0002,2024-05-01,Electronics,Audio,810.77,534.43,0.3408,5,1.0,1.1255088100000001,1.152
P0002,2024-06-01,Electronics,Audio,810.77,534.43,0.3408,6,1.1,1.1592740743,1.263
P0002,2024-07-01,Electronics,Audio,810.77,534.43,0.3408,7,1.08,1.1940522965290001,1.321
P0002,2024-08-01,Electronics,Audio,810.77,534.43,0.3408,8,1.0,1.2298738654248702,1.161
P0002,2024-09-01,Electronics,Audio,810.77,534.43,0.3408,9,1.0,1.2667700813876164,1.328
P0002,2024-10-01,Electronics,Audio,810.77,534.43,0.3408,10,1.3,1.304773183829245,1.624
P0002,2024-11-01,Electronics,Audio,810.77,534.43,0.3408,11,1.42,1.3439163793441222,1.763
P0002,2024-12-01,Electronics,Audio,810.77,534.43,0.3408,12,1.5,1.384233870724446,1.861
P0002,2025-01-01,Electronics,Audio,810.77,534.43,0.3408,1,0.88,1.4257608868461793,1.137
P0002,2025-02-01,Electronics,Audio,810.77,534.43,0.3408,2,0.9,1.4685337134515648,1.422
P0002,2025-03-01,Electronics,Audio,810.77,534.43,0.3408,3,1.0,1.5125897248551117,1.977
P0002,2025-04-01,Electronics,Audio,810.77,534.43,0.3408,4,1.0,1.557967416600765,1.431
P0002,2025-05-01,Electronics,Audio,810.77,534.43,0.3408,5,1.0,1.6047064390987882,1.736
P0002,2025-06-01,Electronics,Audio,810.77,534.43,0.3408,6,1.1,1.6528476322717518,1.536
P0002,2025-07-01,Electronics,Audio,810.77,534.43,0.3408,7,1.08,1.7024330612399046,1.84
P0002,2025-08-01,Electronics,Audio,810.77,534.43,0.3408,8,1.0,1.7535060530771016,1.982
P0002,2025-09-01,Electronics,Audio,810.77,534.43,0.3408,9,1.0,1.8061112346694148,1.536
P0002,2025-10-01,Electronics,Audio,810.77,534.43,0.3408,10,1.3,1.8602945717094972,2.254
P0002,2025-11-01,Electronics,Audio,810.77,534.43,0.3408,11,1.42,1.9161034088607822,3.067
P0002,2025-12-01,Electronics,Audio,810.77,534.43,0.3408,12,1.5,1.9735865111266058,3.341
P0002,2026-01-01,Electronics,Audio,810.77,534.43,0.3408,1,0.88,2.032794106460404,1.969
P0002,2026-02-01,Electronics,Audio,810.77,534.43,0.3408,2,0.9,2.093777929654216,2.242
P0002,2026-03-01,Electronics,Audio,810.77,534.43,0.3408,3,1.0,2.156591267543843,1.989
P0002,2026-04-01,Electronics,Audio,810.77,534.43,0.3408,4,1.0,2.221289005570158,2.092
P0002,2026-05-01,Electronics,Audio,810.77,534.43,0.3408,5,1.0,2.287927675737263,2.25
P0002,2026-06-01,Electronics,Audio,810.77,534.43,0.3408,6,1.1,2.356565506009381,2.645
P0002,2026-07-01,Electronics,Audio,810.77,534.43,0.3408,7,1.08,2.427262471189662,2.522
P0002,2026-08-01,Electronics,Audio,810.77,534.43,0.3408,8,1.0,2.500080345325352,3.163
P0002,2026-09-01,Electronics,Audio,810.77,534.43,0.3408,9,1.0,2.575082755685113,2.701
P0003,2024-01-01,Electronics,Audio,8917.84,6245.36,0.2997,1,0.88,1.0,0.898
P0003,2024-02-01,Electronics,Audio,8917.84,6245.36,0.2997,2,0.9,1.03,0.736
P0003,2024-03-01,Electronics,Audio,8917.84,6245.36,0.2997,3,1.0,1.0609,1.052
P0003,2024-04-01,Electronics,Audio,8917.84,6245.36,0.2997,4,1.0,1.092727,1.152
P0003,2024-05-01,Electronics,Audio,8917.84,6245.36,0.2997,5,1.0,1.1255088100000001,1.177
P0003,2024-06-01,Electronics,Audio,8917.84,6245.36,0.2997,6,1.1,1.1592740743,1.164
P0003,2024-07-01,Electronics,Audio,8917.84,6245.36,0.2997,7,1.08,1.1940522965290001,1.507
P0003,2024-08-01,Electronics,Audio,8917.84,6245.36,0.2997,8,1.0,1.2298738654248702,1.321
P0003,2024-09-01,Electronics,Audio,8917.84,6245.36,0.2997,9,1.0,1.2667700813876164,1.351
P0003,2024-10-01,Electronics,Audio,8917.84,6245.36,0.2997,10,1.3,1.304773183829245,1.62
P0003,2024-11-01,Electronics,Audio,8917.84,6245.36,0.2997,11,1.42,1.3439163793441222,1.74
P0003,2024-12-01,Electronics,Audio,8917.84,6245.36,0.2997,12,1.5,1.384233870724446,1.708
P0003,2025-01-01,Electronics,Audio,8917.84,6245.36,0.2997,1,0.88,1.4257608868461793,1.372
P0003,2025-02-01,Electronics,Audio,8917.84,6245.36,0.2997,2,0.9,1.4685337134515648,1.302
P0003,2025-03-01,Electronics,Audio,8917.84,6245.36,0.2997,3,1.0,1.5125897248551117,1.571
P0003,2025-04-01,Electronics,Audio,8917.84,6245.36,0.2997,4,1.0,1.557967416600765,1.44
P0003,2025-05-01,Electronics,Audio,8917.84,6245.36,0.2997,5,1.0,1.6047064390987882,1.367
P0003,2025-06-01,Electronics,Audio,8917.84,6245.36,0.2997,6,1.1,1.6528476322717518,1.593
P0003,2025-07-01,Electronics,Audio,8917.84,6245.36,0.2997,7,1.08,1.7024330612399046,1.999
P0003,2025-08-01,Electronics,Audio,8917.84,6245.36,0.2997,8,1.0,1.7535060530771016,1.641
P0003,2025-09-01,Electronics,Audio,8917.84,6245.36,0.2997,9,1.0,1.8061112346694148,1.577
P0003,2025-10-01,Electronics,Audio,8917.84,6245.36,0.2997,10,1.3,1.8602945717094972,2.465
P0003,2025-11-01,Electronics,Audio,8917.84,6245.36,0.2997,11,1.42,1.9161034088607822,2.644
P0003,2025-12-01,Electronics,Audio,8917.84,6245.36,0.2997,12,1.5,1.9735865111266058,2.946
P0003,2026-01-01,Electronics,Audio,8917.84,6245.36,0.2997,1,0.88,2.032794106460404,1.743
P0003,2026-02-01,Electronics,Audio,8917.84,6245.36,0.2997,2,0.9,2.093777929654216,2.061
P0003,2026-03-01,Electronics,Audio,8917.84,6245.36,0.2997,3,1.0,2.156591267543843,1.785
P0003,2026-04-01,Electronics,Audio,8917.84,6245.36,0.2997,4,1.0,2.221289005570158,2.035
P0003,2026-05-01,Electronics,Audio,8917.84,6245.36,0.2997,5,1.0,2.287927675737263,2.361
P0003,2026-06-01,Electronics,Audio,8917.84,6245.36,0.2997,6,1.1,2.356565506009381,2.956
P0003,2026-07-01,Electronics,Audio,8917.84,6245.36,0.2997,7,1.08,2.427262471189662,2.982
P0003,2026-08-01,Electronics,Audio,8917.84,6245.36,0.2997,8,1.0,2.500080345325352,2.263
P0003,2026-09-01,Electronics,Audio,8917.84,6245.36,0.2997,9,1.0,2.575082755685113,2.678
P0004,2024-01-01,Electronics,Audio,1081.97,640.01,0.4085,1,0.88,1.0,1.063
P0004,2024-02-01,Electronics,Audio,1081.97,640.01,0.4085,2,0.9,1.03,0.957
P0004,2024-03-01,Electronics,Audio,1081.97,640.01,0.4085,3,1.0,1.0609,1.107
P0004,2024-04-01,Electronics,Audio,1081.97,640.01,0.4085,4,1.0,1.092727,1.111
P0004,2024-05-01,Electronics,Audio,1081.97,640.01,0.4085,5,1.0,1.1255088100000001,1.116
P0004,2024-06-01,Electronics,Audio,1081.97,640.01,0.4085,6,1.1,1.1592740743,1.168
P0004,2024-07-01,Electronics,Audio,1081.97,640.01,0.4085,7,1.08,1.1940522965290001,1.071
P0004,2024-08-01,Electronics,Audio,1081.97,640.01,0.4085,8,1.0,1.2298738654248702,1.124
P0004,2024-09-01,Electronics,Audio,1081.97,640.01,0.4085,9,1.0,1.2667700813876164,1.231
P0004,2024-10-01,Electronics,Audio,1081.97,640.01,0.4085,10,1.3,1.304773183829245,1.811
P0004,2024-11-01,Electronics,Audio,1081.97,640.01,0.4085,11,1.42,1.3439163793441222,1.724
P0004,2024-12-01,Electronics,Audio,1081.97,640.01,0.4085,12,1.5,1.384233870724446,2.303
P0004,2025-01-01,Electronics,Audio,1081.97,640.01,0.4085,1,0.88,1.4257608868461793,1.309
P0004,2025-02-01,Electronics,Audio,1081.97,640.01,0.4085,2,0.9,1.4685337134515648,1.296
P0004,2025-03-01,Electronics,Audio,1081.97,640.01,0.4085,3,1.0,1.5125897248551117,1.398
P0004,2025-04-01,Electronics,Audio,1081.97,640.01,0.4085,4,1.0,1.557967416600765,1.726
P0004,2025-05-01,Electronics,Audio,1081.97,640.01,0.4085,5,1.0,1.6047064390987882,1.757
P0004,2025-06-01,Electronics,Audio,1081.97,640.01,0.4085,6,1.1,1.6528476322717518,1.716
P0004,2025-07-01,Electronics,Audio,1081.97,640.01,0.4085,7,1.08,1.7024330612399046,1.888
P0004,2025-08-01,Electronics,Audio,1081.97,640.01,0.4085,8,1.0,1.7535060530771016,1.507
P0004,2025-09-01,Electronics,Audio,1081.97,640.01,0.4085,9,1.0,1.8061112346694148,1.614
P0004,2025-10-01,Electronics,Audio,1081.97,640.01,0.4085,10,1.3,1.8602945717094972,2.361
P0004,2025-11-01,Electronics,Audio,1081.97,640.01,0.4085,11,1.42,1.9161034088607822,3.017
P0004,2025-12-01,Electronics,Audio,1081.97,640.01,0.4085,12,1.5,1.9735865111266058,3.266
P0004,2026-01-01,Electronics,Audio,1081.97,640.01,0.4085,1,0.88,2.032794106460404,1.617
P0004,2026-02-01,Electronics,Audio,1081.97,640.01,0.4085,2,0.9,2.093777929654216,2.234
P0004,2026-03-01,Electronics,Audio,1081.97,640.01,0.4085,3,1.0,2.156591267543843,2.211
P0004,2026-04-01,Electronics,Audio,1081.97,640.01,0.4085,4,1.0,2.221289005570158,2.462
P0004,2026-05-01,Electronics,Audio,1081.97,640.01,0.4085,5,1.0,2.287927675737263,2.24
P0004,2026-06-01,Electronics,Audio,1081.97,640.01,0.4085,6,1.1,2.356565506009381,3.003
P0004,2026-07-01,Electronics,Audio,1081.97,640.01,0.4085,7,1.08,2.427262471189662,2.629
P0004,2026-08-01,Electronics,Audio,1081.97,640.01,0.4085,8,1.0,2.500080345325352,2.594
P0004,2026-09-01,Electronics,Audio,1081.97,640.01,0.4085,9,1.0,2.575082755685113,3.154
P0005,2024-01-01,Electronics,Audio,1418.85,843.61,0.4054,1,0.88,1.0,0.972
P0005,2024-02-01,Electronics,Audio,1418.85,843.61,0.4054,2,0.9,1.03,0.902
P0005,2024-03-01,Electronics,Audio,1418.85,843.61,0.4054,3,1.0,1.0609,1.021
P0005,2024-04-01,Electronics,Audio,1418.85,843.61,0.4054,4,1.0,1.092727,1.153
P0005,2024-05-01,Electronics,Audio,1418.85,843.61,0.4054,5,1.0,1.1255088100000001,0.935
P0005,2024-06-01,Electronics,Audio,1418.85,843.61,0.4054,6,1.1,1.1592740743,1.254
P0005,2024-07-01,Electronics,Audio,1418.85,843.61,0.4054,7,1.08,1.1940522965290001,1.321
P0005,2024-08-01,Electronics,Audio,1418.85,843.61,0.4054,8,1.0,1.2298738654248702,1.109
P0005,2024-09-01,Electronics,Audio,1418.85,843.61,0.4054,9,1.0,1.2667700813876164,1.372
P0005,2024-10-01,Electronics,Audio,1418.85,843.61,0.4054,10,1.3,1.304773183829245,2.09
P0005,2024-11-01,Electronics,Audio,1418.85,843.61,0.4054,11,1.42,1.3439163793441222,1.891
P0005,2024-12-01,Electronics,Audio,1418.85,843.61,0.4054,12,1.5,1.384233870724446,2.328
P0005,2025-01-01,Electronics,Audio,1418.85,843.61,0.4054,1,0.88,1.4257608868461793,1.382
P0005,2025-02-01,Electronics,Audio,1418.85,843.61,0.4054,2,0.9,1.4685337134515648,1.201
P0005,2025-03-01,Electronics,Audio,1418.85,843.61,0.4054,3,1.0,1.5125897248551117,1.142
P0005,2025-04-01,Electronics,Audio,1418.85,843.61,0.4054,4,1.0,1.557967416600765,1.327
P0005,2025-05-01,Electronics,Audio,1418.85,843.61,0.4054,5,1.0,1.6047064390987882,1.621
P0005,2025-06-01,Electronics,Audio,1418.85,843.61,0.4054,6,1.1,1.6528476322717518,1.703
P0005,2025-07-01,Electronics,Audio,1418.85,843.61,0.4054,7,1.08,1.7024330612399046,1.754
P0005,2025-08-01,Electronics,Audio,1418.85,843.61,0.4054,8,1.0,1.7535060530771016,1.689
P0005,2025-09-01,Electronics,Audio,1418.85,843.61,0.4054,9,1.0,1.8061112346694148,1.858
P0005,2025-10-01,Electronics,Audio,1418.85,843.61,0.4054,10,1.3,1.8602945717094972,2.464
P0005,2025-11-01,Electronics,Audio,1418.85,843.61,0.4054,11,1.42,1.9161034088607822,2.352
P0005,2025-12-01,Electronics,Audio,1418.85,843.61,0.4054,12,1.5,1.9735865111266058,2.967
P0005,2026-01-01,Electronics,Audio,1418.85,843.61,0.4054,1,0.88,2.032794106460404,1.751
P0005,2026-02-01,Electronics,Audio,1418.85,843.61,0.4054,2,0.9,2.093777929654216,2.05
P0005,2026-03-01,Electronics,Audio,1418.85,843.61,0.4054,3,1.0,2.156591267543843,1.94
P0005,2026-04-01,Electronics,Audio,1418.85,843.61,0.4054,4,1.0,2.221289005570158,2.006
P0005,2026-05-01,Electronics,Audio,1418.85,843.61,0.4054,5,1.0,2.287927675737263,2.045
P0005,2026-06-01,Electronics,Audio,1418.85,843.61,0.4054,6,1.1,2.356565506009381,3.125
P0005,2026-07-01,Electronics,Audio,1418.85,843.61,0.4054,7,1.08,2.427262471189662,2.651
P0005,2026-08-01,Electronics,Audio,1418.85,843.61,0.4054,8,1.0,2.500080345325352,2.601
P0005,2026-09-01,Electronics,Audio,1418.85,843.61,0.4054,9,1.0,2.575082755685113,2.782
P0006,2024-01-01,Electronics,Audio,2622.91,1571.6,0.4008,1,0.88,1.0,0.767
P0006,2024-02-01,Electronics,Audio,2622.91,1571.6,0.4008,2,0.9,1.03,1.026
P0006,2024-03-01,Electronics,Audio,2622.91,1571.6,0.4008,3,1.0,1.0609,0.979
P0006,2024-04-01,Electronics,Audio,2622.91,1571.6,0.4008,4,1.0,1.092727,1.063
P0006,2024-05-01,Electronics,Audio,2622.91,1571.6,0.4008,5,1.0,1.1255088100000001,1.041
P0006,2024-06-01,Electronics,Audio,2622.91,1571.6,0.4008,6,1.1,1.1592740743,1.225
P0006,2024-07-01,Electronics,Audio,2622.91,1571.6,0.4008,7,1.08,1.1940522965290001,1.271
P0006,2024-08-01,Electronics,Audio,2622.91,1571.6,0.4008,8,1.0,1.2298738654248702,1.564
P0006,2024-09-01,Electronics,Audio,2622.91,1571.6,0.4008,9,1.0,1.2667700813876164,1.172
P0006,2024-10-01,Electronics,Audio,2622.91,1571.6,0.4008,10,1.3,1.304773183829245,1.815
P0006,2024-11-01,Electronics,Audio,2622.91,1571.6,0.4008,11,1.42,1.3439163793441222,2.134
P0006,2024-12-01,Electronics,Audio,2622.91,1571.6,0.4008,12,1.5,1.384233870724446,2.573
P0006,2025-01-01,Electronics,Audio,2622.91,1571.6,0.4008,1,0.88,1.4257608868461793,1.354
P0006,2025-02-01,Electronics,Audio,2622.91,1571.6,0.4008,2,0.9,1.4685337134515648,1.283
P0006,2025-03-01,Electronics,Audio,2622.91,1571.6,0.4008,3,1.0,1.5125897248551117,1.644
P0006,2025-04-01,Electronics,Audio,2622.91,1571.6,0.4008,4,1.0,1.557967416600765,1.677
P0006,2025-05-01,Electronics,Audio,2622.91,1571.6,0.4008,5,1.0,1.6047064390987882,1.796
P0006,2025-06-01,Electronics,Audio,2622.91,1571.6,0.4008,6,1.1,1.6528476322717518,1.88
P0006,2025-07-01,Electronics,Audio,2622.91,1571.6,0.4008,7,1.08,1.7024330612399046,2.27
P0006,2025-08-01,Electronics,Audio,2622.91,1571.6,0.4008,8,1.0,1.7535060530771016,2.253
P0006,2025-09-01,Electronics,Audio,2622.91,1571.6,0.4008,9,1.0,1.8061112346694148,1.562
P0006,2025-10-01,Electronics,Audio,2622.91,1571.6,0.4008,10,1.3,1.8602945717094972,2.102
P0006,2025-11-01,Electronics,Audio,2622.91,1571.6,0.4008,11,1.42,1.9161034088607822,2.558
P0006,2025-12-01,Electronics,Audio,2622.91,1571.6,0.4008,12,1.5,1.9735865111266058,3.33
P0006,2026-01-01,Electronics,Audio,2622.91,1571.6,0.4008,1,0.88,2.032794106460404,1.729
P0006,2026-02-01,Electronics,Audio,2622.91,1571.6,0.4008,2,0.9,2.093777929654216,1.794
P0006,2026-03-01,Electronics,Audio,2622.91,1571.6,0.4008,3,1.0,2.156591267543843,2.056
P0006,2026-04-01,Electronics,Audio,2622.91,1571.6,0.4008,4,1.0,2.221289005570158,2.421
P0006,2026-05-01,Electronics,Audio,2622.91,1571.6,0.4008,5,1.0,2.287927675737263,2.417
P0006,2026-06-01,Electronics,Audio,2622.91,1571.6,0.4008,6,1.1,2.356565506009381,2.936
P0006,2026-07-01,Electronics,Audio,2622.91,1571.6,0.4008,7,1.08,2.427262471189662,2.721
P0006,2026-08-01,Electronics,Audio,2622.91,1571.6,0.4008,8,1.0,2.500080345325352,2.378
P0006,2026-09-01,Electronics,Audio,2622.91,1571.6,0.4008,9,1.0,2.575082755685113,2.35
P0007,2024-01-01,Electronics,Audio,4165.49,2539.33,0.3904,1,0.88,1.0,0.903
P0007,2024-02-01,Electronics,Audio,4165.49,2539.33,0.3904,2,0.9,1.03,1.091
P0007,2024-03-01,Electronics,Audio,4165.49,2539.33,0.3904,3,1.0,1.0609,1.216
P0007,2024-04-01,Electronics,Audio,4165.49,2539.33,0.3904,4,1.0,1.092727,1.125
P0007,2024-05-01,Electronics,Audio,4165.49,2539.33,0.3904,5,1.0,1.1255088100000001,1.099
P0007,2024-06-01,Electronics,Audio,4165.49,2539.33,0.3904,6,1.1,1.1592740743,1.279
P0007,2024-07-01,Electronics,Audio,4165.49,2539.33,0.3904,7,1.08,1.1940522965290001,1.444
P0007,2024-08-01,Electronics,Audio,4165.49,2539.33,0.3904,8,1.0,1.2298738654248702,1.282
P0007,2024-09-01,Electronics,Audio,4165.49,2539.33,0.3904,9,1.0,1.2667700813876164,1.224
P0007,2024-10-01,Electronics,Audio,4165.49,2539.33,0.3904,10,1.3,1.304773183829245,1.464
P0007,2024-11-01,Electronics,Audio,4165.49,2539.33,0.3904,11,1.42,1.3439163793441222,2.344
P0007,2024-12-01,Electronics,Audio,4165.49,2539.33,0.3904,12,1.5,1.384233870724446,1.965
P0007,2025-01-01,Electronics,Audio,4165.49,2539.33,0.3904,1,0.88,1.4257608868461793,1.332
P0007,2025-02-01,Electronics,Audio,4165.49,2539.33,0.3904,2,0.9,1.4685337134515648,1.614
P0007,2025-03-01,Electronics,Audio,4165.49,2539.33,0.3904,3,1.0,1.5125897248551117,1.344
P0007,2025-04-01,Electronics,Audio,4165.49,2539.33,0.3904,4,1.0,1.557967416600765,1.302
P0007,2025-05-01,Electronics,Audio,4165.49,2539.33,0.3904,5,1.0,1.6047064390987882,1.308
P0007,2025-06-01,Electronics,Audio,4165.49,2539.33,0.3904,6,1.1,1.6528476322717518,1.748
P0007,2025-07-01,Electronics,Audio,4165.49,2539.33,0.3904,7,1.08,1.7024330612399046,1.943
P0007,2025-08-01,Electronics,Audio,4165.49,2539.33,0.3904,8,1.0,1.7535060530771016,1.766
P0007,2025-09-01,Electronics,Audio,4165.49,2539.33,0.3904,9,1.0,1.8061112346694148,1.73
P0007,2025-10-01,Electronics,Audio,4165.49,2539.33,0.3904,10,1.3,1.8602945717094972,2.187
P0007,2025-11-01,Electronics,Audio,4165.49,2539.33,0.3904,11,1.42,1.9161034088607822,2.612
P0007,2025-12-01,Electronics,Audio,4165.49,2539.33,0.3904,12,1.5,1.9735865111266058,3.346
P0007,2026-01-01,Electronics,Audio,4165.49,2539.33,0.3904,1,0.88,2.032794106460404,1.489
P0007,2026-02-01,Electronics,Audio,4165.49,2539.33,0.3904,2,0.9,2.093777929654216,2.267
P0007,2026-03-01,Electronics,Audio,4165.49,2539.33,0.3904,3,1.0,2.156591267543843,2.432
P0007,2026-04-01,Electronics,Audio,4165.49,2539.33,0.3904,4,1.0,2.221289005570158,1.732
P0007,2026-05-01,Electronics,Audio,4165.49,2539.33,0.3904,5,1.0,2.287927675737263,2.634
P0007,2026-06-01,Electronics,Audio,4165.49,2539.33,0.3904,6,1.1,2.356565506009381,2.886
P0007,2026-07-01,Electronics,Audio,4165.49,2539.33,0.3904,7,1.08,2.427262471189662,2.744
P0007,2026-08-01,Electronics,Audio,4165.49,2539.33,0.3904,8,1.0,2.500080345325352,2.431
P0007,2026-09-01,Electronics,Audio,4165.49,2539.33,0.3904,9,1.0,2.575082755685113,2.643
P0008,2024-01-01,Electronics,Audio,6041.12,4301.1,0.288,1,0.88,1.0,0.89
P0008,2024-02-01,Electronics,Audio,6041.12,4301.1,0.288,2,0.9,1.03,0.823
P0008,2024-03-01,Electronics,Audio,6041.12,4301.1,0.288,3,1.0,1.0609,1.178
P0008,2024-04-01,Electronics,Audio,6041.12,4301.1,0.288,4,1.0,1.092727,0.923
P0008,2024-05-01,Electronics,Audio,6041.12,4301.1,0.288,5,1.0,1.1255088100000001,0.972
P0008,2024-06-01,Electronics,Audio,6041.12,4301.1,0.288,6,1.1,1.1592740743,1.406
P0008,2024-07-01,Electronics,Audio,6041.12,4301.1,0.288,7,1.08,1.1940522965290001,1.54
P0008,2024-08-01,Electronics,Audio,6041.12,4301.1,0.288,8,1.0,1.2298738654248702,1.194
P0008,2024-09-01,Electronics,Audio,6041.12,4301.1,0.288,9,1.0,1.2667700813876164,1.274
P0008,2024-10-01,Electronics,Audio,6041.12,4301.1,0.288,10,1.3,1.304773183829245,1.769
P0008,2024-11-01,Electronics,Audio,6041.12,4301.1,0.288,11,1.42,1.3439163793441222,1.867
P0008,2024-12-01,Electronics,Audio,6041.12,4301.1,0.288,12,1.5,1.384233870724446,2.163
P0008,2025-01-01,Electronics,Audio,6041.12,4301.1,0.288,1,0.88,1.4257608868461793,1.4
P0008,2025-02-01,Electronics,Audio,6041.12,4301.1,0.288,2,0.9,1.4685337134515648,1.444
P0008,2025-03-01,Electronics,Audio,6041.12,4301.1,0.288,3,1.0,1.5125897248551117,1.465
P0008,2025-04-01,Electronics,Audio,6041.12,4301.1,0.288,4,1.0,1.557967416600765,1.618
P0008,2025-05-01,Electronics,Audio,6041.12,4301.1,0.288,5,1.0,1.6047064390987882,1.484
P0008,2025-06-01,Electronics,Audio,6041.12,4301.1,0.288,6,1.1,1.6528476322717518,1.961
P0008,2025-07-01,Electronics,Audio,6041.12,4301.1,0.288,7,1.08,1.7024330612399046,1.681
P0008,2025-08-01,Electronics,Audio,6041.12,4301.1,0.288,8,1.0,1.7535060530771016,1.52
P0008,2025-09-01,Electronics,Audio,6041.12,4301.1,0.288,9,1.0,1.8061112346694148,1.985
P0008,2025-10-01,Electronics,Audio,6041.12,4301.1,0.288,10,1.3,1.8602945717094972,2.916
P0008,2025-11-01,Electronics,Audio,6041.12,4301.1,0.288,11,1.42,1.9161034088607822,3.322
P0008,2025-12-01,Electronics,Audio,6041.12,4301.1,0.288,12,1.5,1.9735865111266058,3.165
P0008,2026-01-01,Electronics,Audio,6041.12,4301.1,0.288,1,0.88,2.032794106460404,2.194
P0008,2026-02-01,Electronics,Audio,6041.12,4301.1,0.288,2,0.9,2.093777929654216,2.005
P0008,2026-03-01,Electronics,Audio,6041.12,4301.1,0.288,3,1.0,2.156591267543843,2.014
P0008,2026-04-01,Electronics,Audio,6041.12,4301.1,0.288,4,1.0,2.221289005570158,2.05
P0008,2026-05-01,Electronics,Audio,6041.12,4301.1,0.288,5,1.0,2.287927675737263,2.258
P0008,2026-06-01,Electronics,Audio,6041.12,4301.1,0.288,6,1.1,2.356565506009381,2.788
P0008,2026-07-01,Electronics,Audio,6041.12,4301.1,0.288,7,1.08,2.427262471189662,2.478
P0008,2026-08-01,Electronics,Audio,6041.12,4301.1,0.288,8,1.0,2.500080345325352,2.14
P0008,2026-09-01,Electronics,Audio,6041.12,4301.1,0.288,9,1.0,2.575082755685113,2.255
P0009,2024-01-01,Electronics,Audio,15347.47,12640.48,0.1764,1,0.88,1.0,0.967
P0009,2024-02-01,Electronics,Audio,15347.47,12640.48,0.1764,2,0.9,1.03,1.013
P0009,2024-03-01,Electronics,Audio,15347.47,12640.48,0.1764,3,1.0,1.0609,1.076
P0009,2024-04-01,Electronics,Audio,15347.47,12640.48,0.1764,4,1.0,1.092727,0.997
P0009,2024-05-01,Electronics,Audio,15347.47,12640.48,0.1764,5,1.0,1.1255088100000001,1.0
P0009,2024-06-01,Electronics,Audio,15347.47,12640.48,0.1764,6,1.1,1.1592740743,1.463
P0009,2024-07-01,Electronics,Audio,15347.47,12640.48,0.1764,7,1.08,1.1940522965290001,1.328
P0009,2024-08-01,Electronics,Audio,15347.47,12640.48,0.1764,8,1.0,1.2298738654248702,1.256
P0009,2024-09-01,Electronics,Audio,15347.47,12640.48,0.1764,9,1.0,1.2667700813876164,1.478
P0009,2024-10-01,Electronics,Audio,15347.47,12640.48,0.1764,10,1.3,1.304773183829245,1.528
P0009,2024-11-01,Electronics,Audio,15347.47,12640.48,0.1764,11,1.42,1.3439163793441222,2.18
P0009,2024-12-01,Electronics,Audio,15347.47,12640.48,0.1764,12,1.5,1.384233870724446,2.165
P0009,2025-01-01,Electronics,Audio,15347.47,12640.48,0.1764,1,0.88,1.4257608868461793,1.422
P0009,2025-02-01,Electronics,Audio,15347.47,12640.48,0.1764,2,0.9,1.4685337134515648,1.424
P0009,2025-03-01,Electronics,Audio,15347.47,12640.48,0.1764,3,1.0,1.5125897248551117,1.501
P0009,2025-04-01,Electronics,Audio,15347.47,12640.48,0.1764,4,1.0,1.557967416600765,1.542
P0009,2025-05-01,Electronics,Audio,15347.47,12640.48,0.1764,5,1.0,1.6047064390987882,1.563
P0009,2025-06-01,Electronics,Audio,15347.47,12640.48,0.1764,6,1.1,1.6528476322717518,1.571
P0009,2025-07-01,Electronics,Audio,15347.47,12640.48,0.1764,7,1.08,1.7024330612399046,1.815
P0009,2025-08-01,Electronics,Audio,15347.47,12640.48,0.1764,8,1.0,1.7535060530771016,1.867
P0009,2025-09-01,Electronics,Audio,15347.47,12640.48,0.1764,9,1.0,1.8061112346694148,1.568
P0009,2025-10-01,Electronics,Audio,15347.47,12640.48,0.1764,10,1.3,1.8602945717094972,2.571
P0009,2025-11-01,Electronics,Audio,15347.47,12640.48,0.1764,11,1.42,1.9161034088607822,2.607
P0009,2025-12-01,Electronics,Audio,15347.47,12640.48,0.1764,12,1.5,1.9735865111266058,3.076
P0009,2026-01-01,Electronics,Audio,15347.47,12640.48,0.1764,1,0.88,2.032794106460404,2.092
P0009,2026-02-01,Electronics,Audio,15347.47,12640.48,0.1764,2,0.9,2.093777929654216,1.418
P0009,2026-03-01,Electronics,Audio,15347.47,12640.48,0.1764,3,1.0,2.156591267543843,2.201
P0009,2026-04-01,Electronics,Audio,15347.47,12640.48,0.1764,4,1.0,2.221289005570158,2.736
P0009,2026-05-01,Electronics,Audio,15347.47,12640.48,0.1764,5,1.0,2.287927675737263,2.534
P0009,2026-06-01,Electronics,Audio,15347.47,12640.48,0.1764,6,1.1,2.356565506009381,3.109
P0009,2026-07-01,Electronics,Audio,15347.47,12640.48,0.1764,7,1.08,2.427262471189662,2.426
P0009,2026-08-01,Electronics,Audio,15347.47,12640.48,0.1764,8,1.0,2.500080345325352,2.774
P0009,2026-09-01,Electronics,Audio,15347.47,12640.48,0.1764,9,1.0,2.575082755685113,2.052
P0010,2024-01-01,Electronics,Audio,13203.36,8890.84,0.3266,1,0.88,1.0,1.056
P0010,2024-02-01,Electronics,Audio,13203.36,8890.84,0.3266,2,0.9,1.03,0.945
P0010,2024-03-01,Electronics,Audio,13203.36,8890.84,0.3266,3,1.0,1.0609,1.045
P0010,2024-04-01,Electronics,Audio,13203.36,8890.84,0.3266,4,1.0,1.092727,1.091
P0010,2024-05-01,Electronics,Audio,13203.36,8890.84,0.3266,5,1.0,1.1255088100000001,1.011
P0010,2024-06-01,Electronics,Audio,13203.36,8890.84,0.3266,6,1.1,1.1592740743,1.123
P0010,2024-07-01,Electronics,Audio,13203.36,8890.84,0.3266,7,1.08,1.1940522965290001,1.412
P0010,2024-08-01,Electronics,Audio,13203.36,8890.84,0.3266,8,1.0,1.2298738654248702,1.154
P0010,2024-09-01,Electronics,Audio,13203.36,8890.84,0.3266,9,1.0,1.2667700813876164,1.257
P0010,2024-10-01,Electronics,Audio,13203.36,8890.84,0.3266,10,1.3,1.304773183829245,1.748
P0010,2024-11-01,Electronics,Audio,13203.36,8890.84,0.3266,11,1.42,1.3439163793441222,1.769
P0010,2024-12-01,Electronics,Audio,13203.36,8890.84,0.3266,12,1.5,1.384233870724446,2.269
P0010,2025-01-01,Electronics,Audio,13203.36,8890.84,0.3266,1,0.88,1.4257608868461793,1.202
P0010,2025-02-01,Electronics,Audio,13203.36,8890.84,0.3266,2,0.9,1.4685337134515648,1.48
P0010,2025-03-01,Electronics,Audio,13203.36,8890.84,0.3266,3,1.0,1.5125897248551117,1.359
P0010,2025-04-01,Electronics,Audio,13203.36,8890.84,0.3266,4,1.0,1.557967416600765,1.497
P0010,2025-05-01,Electronics,Audio,13203.36,8890.84,0.3266,5,1.0,1.6047064390987882,1.845
P0010,2025-06-01,Electronics,Audio,13203.36,8890.84,0.3266,6,1.1,1.6528476322717518,1.831
P0010,2025-07-01,Electronics,Audio,13203.36,8890.84,0.3266,7,1.08,1.7024330612399046,2.03
P0010,2025-08-01,Electronics,Audio,13203.36,8890.84,0.3266,8,1.0,1.7535060530771016,1.444
P0010,2025-09-01,Electronics,Audio,13203.36,8890.84,0.3266,9,1.0,1.8061112346694148,1.996
P0010,2025-10-01,Electronics,Audio,13203.36,8890.84,0.3266,10,1.3,1.8602945717094972,2.489
P0010,2025-11-01,Electronics,Audio,13203.36,8890.84,0.3266,11,1.42,1.9161034088607822,3.154
P0010,2025-12-01,Electronics,Audio,13203.36,8890.84,0.3266,12,1.5,1.9735865111266058,3.009
P0010,2026-01-01,Electronics,Audio,13203.36,8890.84,0.3266,1,0.88,2.032794106460404,1.556
P0010,2026-02-01,Electronics,Audio,13203.36,8890.84,0.3266,2,0.9,2.093777929654216,2.078
P0010,2026-03-01,Electronics,Audio,13203.36,8890.84,0.3266,3,1.0,2.156591267543843,2.302
P0010,2026-04-01,Electronics,Audio,13203.36,8890.84,0.3266,4,1.0,2.221289005570158,2.191
P0010,2026-05-01,Electronics,Audio,13203.36,8890.84,0.3266,5,1.0,2.287927675737263,2.057
P0010,2026-06-01,Electronics,Audio,13203.36,8890.84,0.3266,6,1.1,2.356565506009381,2.313
P0010,2026-07-01,Electronics,Audio,13203.36,8890.84,0.3266,7,1.08,2.427262471189662,2.924
P0010,2026-08-01,Electronics,Audio,13203.36,8890.84,0.3266,8,1.0,2.500080345325352,2.143
P0010,2026-09-01,Electronics,Audio,13203.36,8890.84,0.3266,9,1.0,2.575082755685113,2.654
P0011,2024-01-01,Electronics,Mobile Accessories,3547.71,3187.82,0.1014,1,0.88,1.0,0.702
P0011,2024-02-01,Electronics,Mobile Accessories,3547.71,3187.82,0.1014,2,0.9,1.03,0.971
P0011,2024-03-01,Electronics,Mobile Accessories,3547.71,3187.82,0.1014,3,1.0,1.0609,1.129
P0011,2024-04-01,Electronics,Mobile Accessories,3547.71,3187.82,0.1014,4,1.0,1.092727,1.232
P0011,2024-05-01,Electronics,Mobile Accessories,3547.71,3187.82,0.1014,5,1.0,1.1255088100000001,1.053
P0011,2024-06-01,Electronics,Mobile Accessories,3547.71,3187.82,0.1014,6,1.1,1.1592740743,1.257
P0011,2024-07-01,Electronics,Mobile Accessories,3547.71,3187.82,0.1014,7,1.08,1.1940522965290001,1.251
P0011,2024-08-01,Electronics,Mobile Accessories,3547.71,3187.82,0.1014,8,1.0,1.2298738654248702,1.703
P0011,2024-09-01,Electronics,Mobile Accessories,3547.71,3187.82,0.1014,9,1.0,1.2667700813876164,1.352
P0011,2024-10-01,Electronics,Mobile Accessories,3547.71,3187.82,0.1014,10,1.3,1.304773183829245,1.717
P0011,2024-11-01,Electronics,Mobile Accessories,3547.71,3187.82,0.1014,11,1.42,1.3439163793441222,1.977
P0011,2024-12-01,Electronics,Mobile Accessories,3547.71,3187.82,0.1014,12,1.5,1.384233870724446,1.784
P0011,2025-01-01,Electronics,Mobile Accessories,3547.71,3187.82,0.1014,1,0.88,1.4257608868461793,1.345
P0011,2025-02-01,Electronics,Mobile Accessories,3547.71,3187.82,0.1014,2,0.9,1.4685337134515648,1.457
P0011,2025-03-01,Electronics,Mobile Accessories,3547.71,3187.82,0.1014,3,1.0,1.5125897248551117,1.369
P0011,2025-04-01,Electronics,Mobile Accessories,3547.71,3187.82,0.1014,4,1.0,1.557967416600765,1.495
P0011,2025-05-01,Electronics,Mobile Accessories,3547.71,3187.82,0.1014,5,1.0,1.6047064390987882,1.686
P0011,2025-06-01,Electronics,Mobile Accessories,3547.71,3187.82,0.1014,6,1.1,1.6528476322717518,1.834
P0011,2025-07-01,Electronics,Mobile Accessories,3547.71,3187.82,0.1014,7,1.08,1.7024330612399046,2.178
P0011,2025-08-01,Electronics,Mobile Accessories,3547.71,3187.82,0.1014,8,1.0,1.7535060530771016,1.969
P0011,2025-09-01,Electronics,Mobile Accessories,3547.71,3187.82,0.1014,9,1.0,1.8061112346694148,1.928
P0011,2025-10-01,Electronics,Mobile Accessories,3547.71,3187.82,0.1014,10,1.3,1.8602945717094972,2.72
P0011,2025-11-01,Electronics,Mobile Accessories,3547.71,3187.82,0.1014,11,1.42,1.9161034088607822,2.88
P0011,2025-12-01,Electronics,Mobile Accessories,3547.71,3187.82,0.1014,12,1.5,1.9735865111266058,3.439
P0011,2026-01-01,Electronics,Mobile Accessories,3547.71,3187.82,0.1014,1,0.88,2.032794106460404,2.205
P0011,2026-02-01,Electronics,Mobile Accessories,3547.71,3187.82,0.1014,2,0.9,2.093777929654216,1.843
P0011,2026-03-01,Electronics,Mobile Accessories,3547.71,3187.82,0.1014,3,1.0,2.156591267543843,1.83
P0011,2026-04-01,Electronics,Mobile Accessories,3547.71,3187.82,0.1014,4,1.0,2.221289005570158,2.305
P0011,2026-05-01,Electronics,Mobile Accessories,3547.71,3187.82,0.1014,5,1.0,2.287927675737263,2.338
P0011,2026-06-01,Electronics,Mobile Accessories,3547.71,3187.82,0.1014,6,1.1,2.356565506009381,2.279
P0011,2026-07-01,Electronics,Mobile Accessories,3547.71,3187.82,0.1014,7,1.08,2.427262471189662,2.675
P0011,2026-08-01,Electronics,Mobile Accessories,3547.71,3187.82,0.1014,8,1.0,2.500080345325352,2.178
P0011,2026-09-01,Electronics,Mobile Accessories,3547.71,3187.82,0.1014,9,1.0,2.575082755685113,2.721
P0012,2024-01-01,Electronics,Mobile Accessories,13246.13,8594.12,0.3512,1,0.88,1.0,1.037
P0012,2024-02-01,Electronics,Mobile Accessories,13246.13,8594.12,0.3512,2,0.9,1.03,0.845
P0012,2024-03-01,Electronics,Mobile Accessories,13246.13,8594.12,0.3512,3,1.0,1.0609,0.934
P0012,2024-04-01,Electronics,Mobile Accessories,13246.13,8594.12,0.3512,4,1.0,1.092727,1.128
P0012,2024-05-01,Electronics,Mobile Accessories,13246.13,8594.12,0.3512,5,1.0,1.1255088100000001,1.265
P0012,2024-06-01,Electronics,Mobile Accessories,13246.13,8594.12,0.3512,6,1.1,1.1592740743,1.419
P0012,2024-07-01,Electronics,Mobile Accessories,13246.13,8594.12,0.3512,7,1.08,1.1940522965290001,1.512
P0012,2024-08-01,Electronics,Mobile Accessories,13246.13,8594.12,0.3512,8,1.0,1.2298738654248702,1.141
P0012,2024-09-01,Electronics,Mobile Accessories,13246.13,8594.12,0.3512,9,1.0,1.2667700813876164,0.959
P0012,2024-10-01,Electronics,Mobile Accessories,13246.13,8594.12,0.3512,10,1.3,1.304773183829245,1.703
P0012,2024-11-01,Electronics,Mobile Accessories,13246.13,8594.12,0.3512,11,1.42,1.3439163793441222,2.034
P0012,2024-12-01,Electronics,Mobile Accessories,13246.13,8594.12,0.3512,12,1.5,1.384233870724446,2.281
P0012,2025-01-01,Electronics,Mobile Accessories,13246.13,8594.12,0.3512,1,0.88,1.4257608868461793,1.192
P0012,2025-02-01,Electronics,Mobile Accessories,13246.13,8594.12,0.3512,2,0.9,1.4685337134515648,1.181
P0012,2025-03-01,Electronics,Mobile Accessories,13246.13,8594.12,0.3512,3,1.0,1.5125897248551117,1.424
P0012,2025-04-01,Electronics,Mobile Accessories,13246.13,8594.12,0.3512,4,1.0,1.557967416600765,1.685
P0012,2025-05-01,Electronics,Mobile Accessories,13246.13,8594.12,0.3512,5,1.0,1.6047064390987882,1.609
P0012,2025-06-01,Electronics,Mobile Accessories,13246.13,8594.12,0.3512,6,1.1,1.6528476322717518,1.977
P0012,2025-07-01,Electronics,Mobile Accessories,13246.13,8594.12,0.3512,7,1.08,1.7024330612399046,2.042
P0012,2025-08-01,Electronics,Mobile Accessories,13246.13,8594.12,0.3512,8,1.0,1.7535060530771016,1.634
P0012,2025-09-01,Electronics,Mobile Accessories,13246.13,8594.12,0.3512,9,1.0,1.8061112346694148,2.0
P0012,2025-10-01,Electronics,Mobile Accessories,13246.13,8594.12,0.3512,10,1.3,1.8602945717094972,2.156
P0012,2025-11-01,Electronics,Mobile Accessories,13246.13,8594.12,0.3512,11,1.42,1.9161034088607822,2.708
P0012,2025-12-01,Electronics,Mobile Accessories,13246.13,8594.12,0.3512,12,1.5,1.9735865111266058,2.756
P0012,2026-01-01,Electronics,Mobile Accessories,13246.13,8594.12,0.3512,1,0.88,2.032794106460404,1.652
P0012,2026-02-01,Electronics,Mobile Accessories,13246.13,8594.12,0.3512,2,0.9,2.093777929654216,1.776
P0012,2026-03-01,Electronics,Mobile Accessories,13246.13,8594.12,0.3512,3,1.0,2.156591267543843,2.684
P0012,2026-04-01,Electronics,Mobile Accessories,13246.13,8594.12,0.3512,4,1.0,2.221289005570158,2.454
P0012,2026-05-01,Electronics,Mobile Accessories,13246.13,8594.12,0.3512,5,1.0,2.287927675737263,2.325
P0012,2026-06-01,Electronics,Mobile Accessories,13246.13,8594.12,0.3512,6,1.1,2.356565506009381,2.357
P0012,2026-07-01,Electronics,Mobile Accessories,13246.13,8594.12,0.3512,7,1.08,2.427262471189662,2.648
P0012,2026-08-01,Electronics,Mobile Accessories,13246.13,8594.12,0.3512,8,1.0,2.500080345325352,2.461
P0012,2026-09-01,Electronics,Mobile Accessories,13246.13,8594.12,0.3512,9,1.0,2.575082755685113,2.192
P0013,2024-01-01,Electronics,Mobile Accessories,3918.16,2896.79,0.2607,1,0.88,1.0,0.856
P0013,2024-02-01,Electronics,Mobile Accessories,3918.16,2896.79,0.2607,2,0.9,1.03,1.142
P0013,2024-03-01,Electronics,Mobile Accessories,3918.16,2896.79,0.2607,3,1.0,1.0609,1.008
P0013,2024-04-01,Electronics,Mobile Accessories,3918.16,2896.79,0.2607,4,1.0,1.092727,1.018
P0013,2024-05-01,Electronics,Mobile Accessories,3918.16,2896.79,0.2607,5,1.0,1.1255088100000001,1.268
P0013,2024-06-01,Electronics,Mobile Accessories,3918.16,2896.79,0.2607,6,1.1,1.1592740743,1.053
P0013,2024-07-01,Electronics,Mobile Accessories,3918.16,2896.79,0.2607,7,1.08,1.1940522965290001,1.415
P0013,2024-08-01,Electronics,Mobile Accessories,3918.16,2896.79,0.2607,8,1.0,1.2298738654248702,1.02
P0013,2024-09-01,Electronics,Mobile Accessories,3918.16,2896.79,0.2607,9,1.0,1.2667700813876164,1.027
P0013,2024-10-01,Electronics,Mobile Accessories,3918.16,2896.79,0.2607,10,1.3,1.304773183829245,1.751
P0013,2024-11-01,Electronics,Mobile Accessories,3918.16,2896.79,0.2607,11,1.42,1.3439163793441222,1.976
P0013,2024-12-01,Electronics,Mobile Accessories,3918.16,2896.79,0.2607,12,1.5,1.384233870724446,1.998
P0013,2025-01-01,Electronics,Mobile Accessories,3918.16,2896.79,0.2607,1,0.88,1.4257608868461793,1.103
P0013,2025-02-01,Electronics,Mobile Accessories,3918.16,2896.79,0.2607,2,0.9,1.4685337134515648,1.421
P0013,2025-03-01,Electronics,Mobile Accessories,3918.16,2896.79,0.2607,3,1.0,1.5125897248551117,1.703
P0013,2025-04-01,Electronics,Mobile Accessories,3918.16,2896.79,0.2607,4,1.0,1.557967416600765,1.601
P0013,2025-05-01,Electronics,Mobile Accessories,3918.16,2896.79,0.2607,5,1.0,1.6047064390987882,1.453
P0013,2025-06-01,Electronics,Mobile Accessories,3918.16,2896.79,0.2607,6,1.1,1.6528476322717518,1.779
P0013,2025-07-01,Electronics,Mobile Accessories,3918.16,2896.79,0.2607,7,1.08,1.7024330612399046,1.979
P0013,2025-08-01,Electronics,Mobile Accessories,3918.16,2896.79,0.2607,8,1.0,1.7535060530771016,1.436
P0013,2025-09-01,Electronics,Mobile Accessories,3918.16,2896.79,0.2607,9,1.0,1.8061112346694148,1.919
P0013,2025-10-01,Electronics,Mobile Accessories,3918.16,2896.79,0.2607,10,1.3,1.8602945717094972,2.878
P0013,2025-11-01,Electronics,Mobile Accessories,3918.16,2896.79,0.2607,11,1.42,1.9161034088607822,2.583
P0013,2025-12-01,Electronics,Mobile Accessories,3918.16,2896.79,0.2607,12,1.5,1.9735865111266058,3.309
P0013,2026-01-01,Electronics,Mobile Accessories,3918.16,2896.79,0.2607,1,0.88,2.032794106460404,2.08
P0013,2026-02-01,Electronics,Mobile Accessories,3918.16,2896.79,0.2607,2,0.9,2.093777929654216,1.654
P0013,2026-03-01,Electronics,Mobile Accessories,3918.16,2896.79,0.2607,3,1.0,2.156591267543843,1.954
P0013,2026-04-01,Electronics,Mobile Accessories,3918.16,2896.79,0.2607,4,1.0,2.221289005570158,2.265
P0013,2026-05-01,Electronics,Mobile Accessories,3918.16,2896.79,0.2607,5,1.0,2.287927675737263,2.181
P0013,2026-06-01,Electronics,Mobile Accessories,3918.16,2896.79,0.2607,6,1.1,2.356565506009381,3.026
P0013,2026-07-01,Electronics,Mobile Accessories,3918.16,2896.79,0.2607,7,1.08,2.427262471189662,2.759
P0013,2026-08-01,Electronics,Mobile Accessories,3918.16,2896.79,0.2607,8,1.0,2.500080345325352,1.953
P0013,2026-09-01,Electronics,Mobile Accessories,3918.16,2896.79,0.2607,9,1.0,2.575082755685113,2.486
P0014,2024-01-01,Electronics,Mobile Accessories,1229.53,991.29,0.1938,1,0.88,1.0,0.911
P0014,2024-02-01,Electronics,Mobile Accessories,1229.53,991.29,0.1938,2,0.9,1.03,0.924
P0014,2024-03-01,Electronics,Mobile Accessories,1229.53,991.29,0.1938,3,1.0,1.0609,1.012
P0014,2024-04-01,Electronics,Mobile Accessories,1229.53,991.29,0.1938,4,1.0,1.092727,1.241
P0014,2024-05-01,Electronics,Mobile Accessories,1229.53,991.29,0.1938,5,1.0,1.1255088100000001,0.963
P0014,2024-06-01,Electronics,Mobile Accessories,1229.53,991.29,0.1938,6,1.1,1.1592740743,1.295
P0014,2024-07-01,Electronics,Mobile Accessories,1229.53,991.29,0.1938,7,1.08,1.1940522965290001,1.175
P0014,2024-08-01,Electronics,Mobile Accessories,1229.53,991.29,0.1938,8,1.0,1.2298738654248702,1.229
P0014,2024-09-01,Electronics,Mobile Accessories,1229.53,991.29,0.1938,9,1.0,1.2667700813876164,1.167
P0014,2024-10-01,Electronics,Mobile Accessories,1229.53,991.29,0.1938,10,1.3,1.304773183829245,1.884
P0014,2024-11-01,Electronics,Mobile Accessories,1229.53,991.29,0.1938,11,1.42,1.3439163793441222,1.995
P0014,2024-12-01,Electronics,Mobile Accessories,1229.53,991.29,0.1938,12,1.5,1.384233870724446,2.177
P0014,2025-01-01,Electronics,Mobile Accessories,1229.53,991.29,0.1938,1,0.88,1.4257608868461793,1.152
P0014,2025-02-01,Electronics,Mobile Accessories,1229.53,991.29,0.1938,2,0.9,1.4685337134515648,1.519
P0014,2025-03-01,Electronics,Mobile Accessories,1229.53,991.29,0.1938,3,1.0,1.5125897248551117,1.647
P0014,2025-04-01,Electronics,Mobile Accessories,1229.53,991.29,0.1938,4,1.0,1.557967416600765,1.457
P0014,2025-05-01,Electronics,Mobile Accessories,1229.53,991.29,0.1938,5,1.0,1.6047064390987882,1.492
P0014,2025-06-01,Electronics,Mobile Accessories,1229.53,991.29,0.1938,6,1.1,1.6528476322717518,1.564
P0014,2025-07-01,Electronics,Mobile Accessories,1229.53,991.29,0.1938,7,1.08,1.7024330612399046,1.614
P0014,2025-08-01,Electronics,Mobile Accessories,1229.53,991.29,0.1938,8,1.0,1.7535060530771016,1.635
P0014,2025-09-01,Electronics,Mobile Accessories,1229.53,991.29,0.1938,9,1.0,1.8061112346694148,1.673
P0014,2025-10-01,Electronics,Mobile Accessories,1229.53,991.29,0.1938,10,1.3,1.8602945717094972,2.38
P0014,2025-11-01,Electronics,Mobile Accessories,1229.53,991.29,0.1938,11,1.42,1.9161034088607822,2.647
P0014,2025-12-01,Electronics,Mobile Accessories,1229.53,991.29,0.1938,12,1.5,1.9735865111266058,2.735
P0014,2026-01-01,Electronics,Mobile Accessories,1229.53,991.29,0.1938,1,0.88,2.032794106460404,1.607
P0014,2026-02-01,Electronics,Mobile Accessories,1229.53,991.29,0.1938,2,0.9,2.093777929654216,1.592
P0014,2026-03-01,Electronics,Mobile Accessories,1229.53,991.29,0.1938,3,1.0,2.156591267543843,2.384
P0014,2026-04-01,Electronics,Mobile Accessories,1229.53,991.29,0.1938,4,1.0,2.221289005570158,2.249
P0014,2026-05-01,Electronics,Mobile Accessories,1229.53,991.29,0.1938,5,1.0,2.287927675737263,2.747
P0014,2026-06-01,Electronics,Mobile Accessories,1229.53,991.29,0.1938,6,1.1,2.356565506009381,3.161
P0014,2026-07-01,Electronics,Mobile Accessories,1229.53,991.29,0.1938,7,1.08,2.427262471189662,2.116
P0014,2026-08-01,Electronics,Mobile Accessories,1229.53,991.29,0.1938,8,1.0,2.500080345325352,2.341
P0014,2026-09-01,Electronics,Mobile Accessories,1229.53,991.29,0.1938,9,1.0,2.575082755685113,2.488
P0015,2024-01-01,Electronics,Mobile Accessories,16655.9,11038.96,0.3372,1,0.88,1.0,0.972
P0015,2024-02-01,Electronics,Mobile Accessories,16655.9,11038.96,0.3372,2,0.9,1.03,0.798
P0015,2024-03-01,Electronics,Mobile Accessories,16655.9,11038.96,0.3372,3,1.0,1.0609,1.031
P0015,2024-04-01,Electronics,Mobile Accessories,16655.9,11038.96,0.3372,4,1.0,1.092727,1.008
P0015,2024-05-01,Electronics,Mobile Accessories,16655.9,11038.96,0.3372,5,1.0,1.1255088100000001,1.277
P0015,2024-06-01,Electronics,Mobile Accessories,16655.9,11038.96,0.3372,6,1.1,1.1592740743,1.25
P0015,2024-07-01,Electronics,Mobile Accessories,16655.9,11038.96,0.3372,7,1.08,1.1940522965290001,1.234
P0015,2024-08-01,Electronics,Mobile Accessories,16655.9,11038.96,0.3372,8,1.0,1.2298738654248702,1.413
P0015,2024-09-01,Electronics,Mobile Accessories,16655.9,11038.96,0.3372,9,1.0,1.2667700813876164,1.184
P0015,2024-10-01,Electronics,Mobile Accessories,16655.9,11038.96,0.3372,10,1.3,1.304773183829245,1.577
P0015,2024-11-01,Electronics,Mobile Accessories,16655.9,11038.96,0.3372,11,1.42,1.3439163793441222,2.054
P0015,2024-12-01,Electronics,Mobile Accessories,16655.9,11038.96,0.3372,12,1.5,1.384233870724446,2.204
P0015,2025-01-01,Electronics,Mobile Accessories,16655.9,11038.96,0.3372,1,0.88,1.4257608868461793,1.548
P0015,2025-02-01,Electronics,Mobile Accessories,16655.9,11038.96,0.3372,2,0.9,1.4685337134515648,1.18
P0015,2025-03-01,Electronics,Mobile Accessories,16655.9,11038.96,0.3372,3,1.0,1.5125897248551117,1.653
P0015,2025-04-01,Electronics,Mobile Accessories,16655.9,11038.96,0.3372,4,1.0,1.557967416600765,1.282
P0015,2025-05-01,Electronics,Mobile Accessories,16655.9,11038.96,0.3372,5,1.0,1.6047064390987882,1.408
P0015,2025-06-01,Electronics,Mobile Accessories,16655.9,11038.96,0.3372,6,1.1,1.6528476322717518,1.91
P0015,2025-07-01,Electronics,Mobile Accessories,16655.9,11038.96,0.3372,7,1.08,1.7024330612399046,1.643
P0015,2025-08-01,Electronics,Mobile Accessories,16655.9,11038.96,0.3372,8,1.0,1.7535060530771016,1.918
P0015,2025-09-01,Electronics,Mobile Accessories,16655.9,11038.96,0.3372,9,1.0,1.8061112346694148,1.982
P0015,2025-10-01,Electronics,Mobile Accessories,16655.9,11038.96,0.3372,10,1.3,1.8602945717094972,2.2
P0015,2025-11-01,Electronics,Mobile Accessories,16655.9,11038.96,0.3372,11,1.42,1.9161034088607822,2.558
P0015,2025-12-01,Electronics,Mobile Accessories,16655.9,11038.96,0.3372,12,1.5,1.9735865111266058,3.393
P0015,2026-01-01,Electronics,Mobile Accessories,16655.9,11038.96,0.3372,1,0.88,2.032794106460404,2.0
P0015,2026-02-01,Electronics,Mobile Accessories,16655.9,11038.96,0.3372,2,0.9,2.093777929654216,2.151
P0015,2026-03-01,Electronics,Mobile Accessories,16655.9,11038.96,0.3372,3,1.0,2.156591267543843,2.045
P0015,2026-04-01,Electronics,Mobile Accessories,16655.9,11038.96,0.3372,4,1.0,2.221289005570158,2.388
P0015,2026-05-01,Electronics,Mobile Accessories,16655.9,11038.96,0.3372,5,1.0,2.287927675737263,2.385
P0015,2026-06-01,Electronics,Mobile Accessories,16655.9,11038.96,0.3372,6,1.1,2.356565506009381,2.594
P0015,2026-07-01,Electronics,Mobile Accessories,16655.9,11038.96,0.3372,7,1.08,2.427262471189662,2.361
P0015,2026-08-01,Electronics,Mobile Accessories,16655.9,11038.96,0.3372,8,1.0,2.500080345325352,1.968
P0015,2026-09-01,Electronics,Mobile Accessories,16655.9,11038.96,0.3372,9,1.0,2.575082755685113,2.792
P0016,2024-01-01,Electronics,Mobile Accessories,6446.72,4266.61,0.3382,1,0.88,1.0,0.858
P0016,2024-02-01,Electronics,Mobile Accessories,6446.72,4266.61,0.3382,2,0.9,1.03,0.97
P0016,2024-03-01,Electronics,Mobile Accessories,6446.72,4266.61,0.3382,3,1.0,1.0609,1.38
P0016,2024-04-01,Electronics,Mobile Accessories,6446.72,4266.61,0.3382,4,1.0,1.092727,1.042
P0016,2024-05-01,Electronics,Mobile Accessories,6446.72,4266.61,0.3382,5,1.0,1.1255088100000001,1.184
P0016,2024-06-01,Electronics,Mobile Accessories,6446.72,4266.61,0.3382,6,1.1,1.1592740743,1.294
P0016,2024-07-01,Electronics,Mobile Accessories,6446.72,4266.61,0.3382,7,1.08,1.1940522965290001,1.117
P0016,2024-08-01,Electronics,Mobile Accessories,6446.72,4266.61,0.3382,8,1.0,1.2298738654248702,1.182
P0016,2024-09-01,Electronics,Mobile Accessories,6446.72,4266.61,0.3382,9,1.0,1.2667700813876164,1.385
P0016,2024-10-01,Electronics,Mobile Accessories,6446.72,4266.61,0.3382,10,1.3,1.304773183829245,1.816
P0016,2024-11-01,Electronics,Mobile Accessories,6446.72,4266.61,0.3382,11,1.42,1.3439163793441222,2.038
P0016,2024-12-01,Electronics,Mobile Accessories,6446.72,4266.61,0.3382,12,1.5,1.384233870724446,2.094
P0016,2025-01-01,Electronics,Mobile Accessories,6446.72,4266.61,0.3382,1,0.88,1.4257608868461793,1.408
P0016,2025-02-01,Electronics,Mobile Accessories,6446.72,4266.61,0.3382,2,0.9,1.4685337134515648,1.203
P0016,2025-03-01,Electronics,Mobile Accessories,6446.72,4266.61,0.3382,3,1.0,1.5125897248551117,1.635
P0016,2025-04-01,Electronics,Mobile Accessories,6446.72,4266.61,0.3382,4,1.0,1.557967416600765,1.229
P0016,2025-05-01,Electronics,Mobile Accessories,6446.72,4266.61,0.3382,5,1.0,1.6047064390987882,1.922
P0016,2025-06-01,Electronics,Mobile Accessories,6446.72,4266.61,0.3382,6,1.1,1.6528476322717518,1.613
P0016,2025-07-01,Electronics,Mobile Accessories,6446.72,4266.61,0.3382,7,1.08,1.7024330612399046,1.829
P0016,2025-08-01,Electronics,Mobile Accessories,6446.72,4266.61,0.3382,8,1.0,1.7535060530771016,1.728
P0016,2025-09-01,Electronics,Mobile Accessories,6446.72,4266.61,0.3382,9,1.0,1.8061112346694148,1.875
P0016,2025-10-01,Electronics,Mobile Accessories,6446.72,4266.61,0.3382,10,1.3,1.8602945717094972,2.754
P0016,2025-11-01,Electronics,Mobile Accessories,6446.72,4266.61,0.3382,11,1.42,1.9161034088607822,3.201
P0016,2025-12-01,Electronics,Mobile Accessories,6446.72,4266.61,0.3382,12,1.5,1.9735865111266058,2.619
P0016,2026-01-01,Electronics,Mobile Accessories,6446.72,4266.61,0.3382,1,0.88,2.032794106460404,1.31
P0016,2026-02-01,Electronics,Mobile Accessories,6446.72,4266.61,0.3382,2,0.9,2.093777929654216,2.132
P0016,2026-03-01,Electronics,Mobile Accessories,6446.72,4266.61,0.3382,3,1.0,2.156591267543843,2.022
P0016,2026-04-01,Electronics,Mobile Accessories,6446.72,4266.61,0.3382,4,1.0,2.221289005570158,2.095
P0016,2026-05-01,Electronics,Mobile Accessories,6446.72,4266.61,0.3382,5,1.0,2.287927675737263,1.839
P0016,2026-06-01,Electronics,Mobile Accessories,6446.72,4266.61,0.3382,6,1.1,2.356565506009381,2.757
P0016,2026-07-01,Electronics,Mobile Accessories,6446.72,4266.61,0.3382,7,1.08,2.427262471189662,2.555
P0016,2026-08-01,Electronics,Mobile Accessories,6446.72,4266.61,0.3382,8,1.0,2.500080345325352,2.153
P0016,2026-09-01,Electronics,Mobile Accessories,6446.72,4266.61,0.3382,9,1.0,2.575082755685113,2.552
P0017,2024-01-01,Electronics,Mobile Accessories,17622.54,9273.24,0.4738,1,0.88,1.0,0.989
P0017,2024-02-01,Electronics,Mobile Accessories,17622.54,9273.24,0.4738,2,0.9,1.03,0.923
P0017,2024-03-01,Electronics,Mobile Accessories,17622.54,9273.24,0.4738,3,1.0,1.0609,1.003
P0017,2024-04-01,Electronics,Mobile Accessories,17622.54,9273.24,0.4738,4,1.0,1.092727,1.148
P0017,2024-05-01,Electronics,Mobile Accessories,17622.54,9273.24,0.4738,5,1.0,1.1255088100000001,1.003
P0017,2024-06-01,Electronics,Mobile Accessories,17622.54,9273.24,0.4738,6,1.1,1.1592740743,1.206
P0017,2024-07-01,Electronics,Mobile Accessories,17622.54,9273.24,0.4738,7,1.08,1.1940522965290001,1.113
P0017,2024-08-01,Electronics,Mobile Accessories,17622.54,9273.24,0.4738,8,1.0,1.2298738654248702,1.113
P0017,2024-09-01,Electronics,Mobile Accessories,17622.54,9273.24,0.4738,9,1.0,1.2667700813876164,1.363
P0017,2024-10-01,Electronics,Mobile Accessories,17622.54,9273.24,0.4738,10,1.3,1.304773183829245,1.254
P0017,2024-11-01,Electronics,Mobile Accessories,17622.54,9273.24,0.4738,11,1.42,1.3439163793441222,1.987
P0017,2024-12-01,Electronics,Mobile Accessories,17622.54,9273.24,0.4738,12,1.5,1.384233870724446,1.796
P0017,2025-01-01,Electronics,Mobile Accessories,17622.54,9273.24,0.4738,1,0.88,1.4257608868461793,1.174
P0017,2025-02-01,Electronics,Mobile Accessories,17622.54,9273.24,0.4738,2,0.9,1.4685337134515648,1.412
P0017,2025-03-01,Electronics,Mobile Accessories,17622.54,9273.24,0.4738,3,1.0,1.5125897248551117,1.159
P0017,2025-04-01,Electronics,Mobile Accessories,17622.54,9273.24,0.4738,4,1.0,1.557967416600765,1.602
P0017,2025-05-01,Electronics,Mobile Accessories,17622.54,9273.24,0.4738,5,1.0,1.6047064390987882,1.515
P0017,2025-06-01,Electronics,Mobile Accessories,17622.54,9273.24,0.4738,6,1.1,1.6528476322717518,1.87
P0017,2025-07-01,Electronics,Mobile Accessories,17622.54,9273.24,0.4738,7,1.08,1.7024330612399046,2.018
P0017,2025-08-01,Electronics,Mobile Accessories,17622.54,9273.24,0.4738,8,1.0,1.7535060530771016,1.528
P0017,2025-09-01,Electronics,Mobile Accessories,17622.54,9273.24,0.4738,9,1.0,1.8061112346694148,1.918
P0017,2025-10-01,Electronics,Mobile Accessories,17622.54,9273.24,0.4738,10,1.3,1.8602945717094972,2.36
P0017,2025-11-01,Electronics,Mobile Accessories,17622.54,9273.24,0.4738,11,1.42,1.9161034088607822,2.644
P0017,2025-12-01,Electronics,Mobile Accessories,17622.54,9273.24,0.4738,12,1.5,1.9735865111266058,2.643
P0017,2026-01-01,Electronics,Mobile Accessories,17622.54,9273.24,0.4738,1,0.88,2.032794106460404,1.616
P0017,2026-02-01,Electronics,Mobile Accessories,17622.54,9273.24,0.4738,2,0.9,2.093777929654216,2.043
P0017,2026-03-01,Electronics,Mobile Accessories,17622.54,9273.24,0.4738,3,1.0,2.156591267543843,2.156
P0017,2026-04-01,Electronics,Mobile Accessories,17622.54,9273.24,0.4738,4,1.0,2.221289005570158,1.927
P0017,2026-05-01,Electronics,Mobile Accessories,17622.54,9273.24,0.4738,5,1.0,2.287927675737263,2.522
P0017,2026-06-01,Electronics,Mobile Accessories,17622.54,9273.24,0.4738,6,1.1,2.356565506009381,2.226
P0017,2026-07-01,Electronics,Mobile Accessories,17622.54,9273.24,0.4738,7,1.08,2.427262471189662,2.665
P0017,2026-08-01,Electronics,Mobile Accessories,17622.54,9273.24,0.4738,8,1.0,2.500080345325352,2.456
P0017,2026-09-01,Electronics,Mobile Accessories,17622.54,9273.24,0.4738,9,1.0,2.575082755685113,2.225
P0018,2024-01-01,Electronics,Mobile Accessories,1773.42,1294.76,0.2699,1,0.88,1.0,0.896
P0018,2024-02-01,Electronics,Mobile Accessories,1773.42,1294.76,0.2699,2,0.9,1.03,0.746
P0018,2024-03-01,Electronics,Mobile Accessories,1773.42,1294.76,0.2699,3,1.0,1.0609,0.984
P0018,2024-04-01,Electronics,Mobile Accessories,1773.42,1294.76,0.2699,4,1.0,1.092727,1.032
P0018,2024-05-01,Electronics,Mobile Accessories,1773.42,1294.76,0.2699,5,1.0,1.1255088100000001,0.958
P0018,2024-06-01,Electronics,Mobile Accessories,1773.42,1294.76,0.2699,6,1.1,1.1592740743,1.26
P0018,2024-07-01,Electronics,Mobile Accessories,1773.42,1294.76,0.2699,7,1.08,1.1940522965290001,1.222
P0018,2024-08-01,Electronics,Mobile Accessories,1773.42,1294.76,0.2699,8,1.0,1.2298738654248702,1.107
P0018,2024-09-01,Electronics,Mobile Accessories,1773.42,1294.76,0.2699,9,1.0,1.2667700813876164,1.274
P0018,2024-10-01,Electronics,Mobile Accessories,1773.42,1294.76,0.2699,10,1.3,1.304773183829245,1.395
P0018,2024-11-01,Electronics,Mobile Accessories,1773.42,1294.76,0.2699,11,1.42,1.3439163793441222,1.871
P0018,2024-12-01,Electronics,Mobile Accessories,1773.42,1294.76,0.2699,12,1.5,1.384233870724446,1.78
P0018,2025-01-01,Electronics,Mobile Accessories,1773.42,1294.76,0.2699,1,0.88,1.4257608868461793,1.37
P0018,2025-02-01,Electronics,Mobile Accessories,1773.42,1294.76,0.2699,2,0.9,1.4685337134515648,1.413
P0018,2025-03-01,Electronics,Mobile Accessories,1773.42,1294.76,0.2699,3,1.0,1.5125897248551117,1.823
P0018,2025-04-01,Electronics,Mobile Accessories,1773.42,1294.76,0.2699,4,1.0,1.557967416600765,1.715
P0018,2025-05-01,Electronics,Mobile Accessories,1773.42,1294.76,0.2699,5,1.0,1.6047064390987882,1.599
P0018,2025-06-01,Electronics,Mobile Accessories,1773.42,1294.76,0.2699,6,1.1,1.6528476322717518,1.75
P0018,2025-07-01,Electronics,Mobile Accessories,1773.42,1294.76,0.2699,7,1.08,1.7024330612399046,2.046
P0018,2025-08-01,Electronics,Mobile Accessories,1773.42,1294.76,0.2699,8,1.0,1.7535060530771016,1.546
P0018,2025-09-01,Electronics,Mobile Accessories,1773.42,1294.76,0.2699,9,1.0,1.8061112346694148,1.975
P0018,2025-10-01,Electronics,Mobile Accessories,1773.42,1294.76,0.2699,10,1.3,1.8602945717094972,2.814
P0018,2025-11-01,Electronics,Mobile Accessories,1773.42,1294.76,0.2699,11,1.42,1.9161034088607822,2.449
P0018,2025-12-01,Electronics,Mobile Accessories,1773.42,1294.76,0.2699,12,1.5,1.9735865111266058,2.654
P0018,2026-01-01,Electronics,Mobile Accessories,1773.42,1294.76,0.2699,1,0.88,2.032794106460404,1.499
P0018,2026-02-01,Electronics,Mobile Accessories,1773.42,1294.76,0.2699,2,0.9,2.093777929654216,1.817
P0018,2026-03-01,Electronics,Mobile Accessories,1773.42,1294.76,0.2699,3,1.0,2.156591267543843,2.393
P0018,2026-04-01,Electronics,Mobile Accessories,1773.42,1294.76,0.2699,4,1.0,2.221289005570158,2.205
P0018,2026-05-01,Electronics,Mobile Accessories,1773.42,1294.76,0.2699,5,1.0,2.287927675737263,2.523
P0018,2026-06-01,Electronics,Mobile Accessories,1773.42,1294.76,0.2699,6,1.1,2.356565506009381,2.671
P0018,2026-07-01,Electronics,Mobile Accessories,1773.42,1294.76,0.2699,7,1.08,2.427262471189662,2.583
P0018,2026-08-01,Electronics,Mobile Accessories,1773.42,1294.76,0.2699,8,1.0,2.500080345325352,2.57
P0018,2026-09-01,Electronics,Mobile Accessories,1773.42,1294.76,0.2699,9,1.0,2.575082755685113,2.264
P0019,2024-01-01,Electronics,Mobile Accessories,5742.44,4301.69,0.2509,1,0.88,1.0,0.786
P0019,2024-02-01,Electronics,Mobile Accessories,5742.44,4301.69,0.2509,2,0.9,1.03,0.965
P0019,2024-03-01,Electronics,Mobile Accessories,5742.44,4301.69,0.2509,3,1.0,1.0609,1.097
P0019,2024-04-01,Electronics,Mobile Accessories,5742.44,4301.69,0.2509,4,1.0,1.092727,0.887
P0019,2024-05-01,Electronics,Mobile Accessories,5742.44,4301.69,0.2509,5,1.0,1.1255088100000001,1.104
P0019,2024-06-01,Electronics,Mobile Accessories,5742.44,4301.69,0.2509,6,1.1,1.1592740743,0.952
P0019,2024-07-01,Electronics,Mobile Accessories,5742.44,4301.69,0.2509,7,1.08,1.1940522965290001,1.197
P0019,2024-08-01,Electronics,Mobile Accessories,5742.44,4301.69,0.2509,8,1.0,1.2298738654248702,1.068
P0019,2024-09-01,Electronics,Mobile Accessories,5742.44,4301.69,0.2509,9,1.0,1.2667700813876164,1.632
P0019,2024-10-01,Electronics,Mobile Accessories,5742.44,4301.69,0.2509,10,1.3,1.304773183829245,1.605
P0019,2024-11-01,Electronics,Mobile Accessories,5742.44,4301.69,0.2509,11,1.42,1.3439163793441222,2.352
P0019,2024-12-01,Electronics,Mobile Accessories,5742.44,4301.69,0.2509,12,1.5,1.384233870724446,2.11
P0019,2025-01-01,Electronics,Mobile Accessories,5742.44,4301.69,0.2509,1,0.88,1.4257608868461793,1.26
P0019,2025-02-01,Electronics,Mobile Accessories,5742.44,4301.69,0.2509,2,0.9,1.4685337134515648,1.247
P0019,2025-03-01,Electronics,Mobile Accessories,5742.44,4301.69,0.2509,3,1.0,1.5125897248551117,1.725
P0019,2025-04-01,Electronics,Mobile Accessories,5742.44,4301.69,0.2509,4,1.0,1.557967416600765,1.852
P0019,2025-05-01,Electronics,Mobile Accessories,5742.44,4301.69,0.2509,5,1.0,1.6047064390987882,1.846
P0019,2025-06-01,Electronics,Mobile Accessories,5742.44,4301.69,0.2509,6,1.1,1.6528476322717518,1.505
P0019,2025-07-01,Electronics,Mobile Accessories,5742.44,4301.69,0.2509,7,1.08,1.7024330612399046,1.889
P0019,2025-08-01,Electronics,Mobile Accessories,5742.44,4301.69,0.2509,8,1.0,1.7535060530771016,1.693
P0019,2025-09-01,Electronics,Mobile Accessories,5742.44,4301.69,0.2509,9,1.0,1.8061112346694148,1.892
P0019,2025-10-01,Electronics,Mobile Accessories,5742.44,4301.69,0.2509,10,1.3,1.8602945717094972,2.462
P0019,2025-11-01,Electronics,Mobile Accessories,5742.44,4301.69,0.2509,11,1.42,1.9161034088607822,2.772
P0019,2025-12-01,Electronics,Mobile Accessories,5742.44,4301.69,0.2509,12,1.5,1.9735865111266058,3.311
P0019,2026-01-01,Electronics,Mobile Accessories,5742.44,4301.69,0.2509,1,0.88,2.032794106460404,1.814
P0019,2026-02-01,Electronics,Mobile Accessories,5742.44,4301.69,0.2509,2,0.9,2.093777929654216,2.15
P0019,2026-03-01,Electronics,Mobile Accessories,5742.44,4301.69,0.2509,3,1.0,2.156591267543843,1.805
P0019,2026-04-01,Electronics,Mobile Accessories,5742.44,4301.69,0.2509,4,1.0,2.221289005570158,2.502
P0019,2026-05-01,Electronics,Mobile Accessories,5742.44,4301.69,0.2509,5,1.0,2.287927675737263,2.214
P0019,2026-06-01,Electronics,Mobile Accessories,5742.44,4301.69,0.2509,6,1.1,2.356565506009381,2.158
P0019,2026-07-01,Electronics,Mobile Accessories,5742.44,4301.69,0.2509,7,1.08,2.427262471189662,2.605
P0019,2026-08-01,Electronics,Mobile Accessories,5742.44,4301.69,0.2509,8,1.0,2.500080345325352,2.391
P0019,2026-09-01,Electronics,Mobile Accessories,5742.44,4301.69,0.2509,9,1.0,2.575082755685113,2.594
P0020,2024-01-01,Electronics,Mobile Accessories,1331.08,1025.51,0.2296,1,0.88,1.0,0.844
P0020,2024-02-01,Electronics,Mobile Accessories,1331.08,1025.51,0.2296,2,0.9,1.03,1.134
P0020,2024-03-01,Electronics,Mobile Accessories,1331.08,1025.51,0.2296,3,1.0,1.0609,1.072
P0020,2024-04-01,Electronics,Mobile Accessories,1331.08,1025.51,0.2296,4,1.0,1.092727,0.932
P0020,2024-05-01,Electronics,Mobile Accessories,1331.08,1025.51,0.2296,5,1.0,1.1255088100000001,1.193
P0020,2024-06-01,Electronics,Mobile Accessories,1331.08,1025.51,0.2296,6,1.1,1.1592740743,1.312
P0020,2024-07-01,Electronics,Mobile Accessories,1331.08,1025.51,0.2296,7,1.08,1.1940522965290001,1.05
P0020,2024-08-01,Electronics,Mobile Accessories,1331.08,1025.51,0.2296,8,1.0,1.2298738654248702,1.413
P0020,2024-09-01,Electronics,Mobile Accessories,1331.08,1025.51,0.2296,9,1.0,1.2667700813876164,1.308
P0020,2024-10-01,Electronics,Mobile Accessories,1331.08,1025.51,0.2296,10,1.3,1.304773183829245,1.435
P0020,2024-11-01,Electronics,Mobile Accessories,1331.08,1025.51,0.2296,11,1.42,1.3439163793441222,2.184
P0020,2024-12-01,Electronics,Mobile Accessories,1331.08,1025.51,0.2296,12,1.5,1.384233870724446,2.179
P0020,2025-01-01,Electronics,Mobile Accessories,1331.08,1025.51,0.2296,1,0.88,1.4257608868461793,1.216
P0020,2025-02-01,Electronics,Mobile Accessories,1331.08,1025.51,0.2296,2,0.9,1.4685337134515648,1.408
P0020,2025-03-01,Electronics,Mobile Accessories,1331.08,1025.51,0.2296,3,1.0,1.5125897248551117,1.552
P0020,2025-04-01,Electronics,Mobile Accessories,1331.08,1025.51,0.2296,4,1.0,1.557967416600765,1.3
P0020,2025-05-01,Electronics,Mobile Accessories,1331.08,1025.51,0.2296,5,1.0,1.6047064390987882,1.739
P0020,2025-06-01,Electronics,Mobile Accessories,1331.08,1025.51,0.2296,6,1.1,1.6528476322717518,2.168
P0020,2025-07-01,Electronics,Mobile Accessories,1331.08,1025.51,0.2296,7,1.08,1.7024330612399046,1.919
P0020,2025-08-01,Electronics,Mobile Accessories,1331.08,1025.51,0.2296,8,1.0,1.7535060530771016,1.651
P0020,2025-09-01,Electronics,Mobile Accessories,1331.08,1025.51,0.2296,9,1.0,1.8061112346694148,1.629
P0020,2025-10-01,Electronics,Mobile Accessories,1331.08,1025.51,0.2296,10,1.3,1.8602945717094972,2.87
P0020,2025-11-01,Electronics,Mobile Accessories,1331.08,1025.51,0.2296,11,1.42,1.9161034088607822,3.046
P0020,2025-12-01,Electronics,Mobile Accessories,1331.08,1025.51,0.2296,12,1.5,1.9735865111266058,2.651
P0020,2026-01-01,Electronics,Mobile Accessories,1331.08,1025.51,0.2296,1,0.88,2.032794106460404,2.16
P0020,2026-02-01,Electronics,Mobile Accessories,1331.08,1025.51,0.2296,2,0.9,2.093777929654216,1.654
P0020,2026-03-01,Electronics,Mobile Accessories,1331.08,1025.51,0.2296,3,1.0,2.156591267543843,2.198
P0020,2026-04-01,Electronics,Mobile Accessories,1331.08,1025.51,0.2296,4,1.0,2.221289005570158,2.03
P0020,2026-05-01,Electronics,Mobile Accessories,1331.08,1025.51,0.2296,5,1.0,2.287927675737263,2.448
P0020,2026-06-01,Electronics,Mobile Accessories,1331.08,1025.51,0.2296,6,1.1,2.356565506009381,2.641
P0020,2026-07-01,Electronics,Mobile Accessories,1331.08,1025.51,0.2296,7,1.08,2.427262471189662,2.375
P0020,2026-08-01,Electronics,Mobile Accessories,1331.08,1025.51,0.2296,8,1.0,2.500080345325352,2.54
P0020,2026-09-01,Electronics,Mobile Accessories,1331.08,1025.51,0.2296,9,1.0,2.575082755685113,3.179
P0021,2024-01-01,Electronics,Smart Devices,3040.45,2788.34,0.0829,1,0.88,1.0,0.869
P0021,2024-02-01,Electronics,Smart Devices,3040.45,2788.34,0.0829,2,0.9,1.03,1.051
P0021,2024-03-01,Electronics,Smart Devices,3040.45,2788.34,0.0829,3,1.0,1.0609,0.973
P0021,2024-04-01,Electronics,Smart Devices,3040.45,2788.34,0.0829,4,1.0,1.092727,1.111
P0021,2024-05-01,Electronics,Smart Devices,3040.45,2788.34,0.0829,5,1.0,1.1255088100000001,1.256
P0021,2024-06-01,Electronics,Smart Devices,3040.45,2788.34,0.0829,6,1.1,1.1592740743,1.555
P0021,2024-07-01,Electronics,Smart Devices,3040.45,2788.34,0.0829,7,1.08,1.1940522965290001,1.413
P0021,2024-08-01,Electronics,Smart Devices,3040.45,2788.34,0.0829,8,1.0,1.2298738654248702,1.078
P0021,2024-09-01,Electronics,Smart Devices,3040.45,2788.34,0.0829,9,1.0,1.2667700813876164,1.361
P0021,2024-10-01,Electronics,Smart Devices,3040.45,2788.34,0.0829,10,1.3,1.304773183829245,1.525
P0021,2024-11-01,Electronics,Smart Devices,3040.45,2788.34,0.0829,11,1.42,1.3439163793441222,1.858
P0021,2024-12-01,Electronics,Smart Devices,3040.45,2788.34,0.0829,12,1.5,1.384233870724446,2.141
P0021,2025-01-01,Electronics,Smart Devices,3040.45,2788.34,0.0829,1,0.88,1.4257608868461793,1.192
P0021,2025-02-01,Electronics,Smart Devices,3040.45,2788.34,0.0829,2,0.9,1.4685337134515648,1.563
P0021,2025-03-01,Electronics,Smart Devices,3040.45,2788.34,0.0829,3,1.0,1.5125897248551117,1.783
P0021,2025-04-01,Electronics,Smart Devices,3040.45,2788.34,0.0829,4,1.0,1.557967416600765,1.826
P0021,2025-05-01,Electronics,Smart Devices,3040.45,2788.34,0.0829,5,1.0,1.6047064390987882,1.667
P0021,2025-06-01,Electronics,Smart Devices,3040.45,2788.34,0.0829,6,1.1,1.6528476322717518,1.607
P0021,2025-07-01,Electronics,Smart Devices,3040.45,2788.34,0.0829,7,1.08,1.7024330612399046,2.332
P0021,2025-08-01,Electronics,Smart Devices,3040.45,2788.34,0.0829,8,1.0,1.7535060530771016,1.839
P0021,2025-09-01,Electronics,Smart Devices,3040.45,2788.34,0.0829,9,1.0,1.8061112346694148,2.13
P0021,2025-10-01,Electronics,Smart Devices,3040.45,2788.34,0.0829,10,1.3,1.8602945717094972,2.789
P0021,2025-11-01,Electronics,Smart Devices,3040.45,2788.34,0.0829,11,1.42,1.9161034088607822,2.743
P0021,2025-12-01,Electronics,Smart Devices,3040.45,2788.34,0.0829,12,1.5,1.9735865111266058,3.274
P0021,2026-01-01,Electronics,Smart Devices,3040.45,2788.34,0.0829,1,0.88,2.032794106460404,1.73
P0021,2026-02-01,Electronics,Smart Devices,3040.45,2788.34,0.0829,2,0.9,2.093777929654216,2.034
P0021,2026-03-01,Electronics,Smart Devices,3040.45,2788.34,0.0829,3,1.0,2.156591267543843,2.685
P0021,2026-04-01,Electronics,Smart Devices,3040.45,2788.34,0.0829,4,1.0,2.221289005570158,2.021
P0021,2026-05-01,Electronics,Smart Devices,3040.45,2788.34,0.0829,5,1.0,2.287927675737263,2.516
P0021,2026-06-01,Electronics,Smart Devices,3040.45,2788.34,0.0829,6,1.1,2.356565506009381,2.531
P0021,2026-07-01,Electronics,Smart Devices,3040.45,2788.34,0.0829,7,1.08,2.427262471189662,2.776
P0021,2026-08-01,Electronics,Smart Devices,3040.45,2788.34,0.0829,8,1.0,2.500080345325352,2.17
P0021,2026-09-01,Electronics,Smart Devices,3040.45,2788.34,0.0829,9,1.0,2.575082755685113,2.416
P0022,2024-01-01,Electronics,Smart Devices,1179.54,897.04,0.2395,1,0.88,1.0,0.967
P0022,2024-02-01,Electronics,Smart Devices,1179.54,897.04,0.2395,2,0.9,1.03,0.804
P0022,2024-03-01,Electronics,Smart Devices,1179.54,897.04,0.2395,3,1.0,1.0609,0.982
P0022,2024-04-01,Electronics,Smart Devices,1179.54,897.04,0.2395,4,1.0,1.092727,1.131
P0022,2024-05-01,Electronics,Smart Devices,1179.54,897.04,0.2395,5,1.0,1.1255088100000001,1.224
P0022,2024-06-01,Electronics,Smart Devices,1179.54,897.04,0.2395,6,1.1,1.1592740743,1.288
P0022,2024-07-01,Electronics,Smart Devices,1179.54,897.04,0.2395,7,1.08,1.1940522965290001,1.711
P0022,2024-08-01,Electronics,Smart Devices,1179.54,897.04,0.2395,8,1.0,1.2298738654248702,1.225
P0022,2024-09-01,Electronics,Smart Devices,1179.54,897.04,0.2395,9,1.0,1.2667700813876164,1.177
P0022,2024-10-01,Electronics,Smart Devices,1179.54,897.04,0.2395,10,1.3,1.304773183829245,1.914
P0022,2024-11-01,Electronics,Smart Devices,1179.54,897.04,0.2395,11,1.42,1.3439163793441222,2.087
P0022,2024-12-01,Electronics,Smart Devices,1179.54,897.04,0.2395,12,1.5,1.384233870724446,2.161
P0022,2025-01-01,Electronics,Smart Devices,1179.54,897.04,0.2395,1,0.88,1.4257608868461793,1.189
P0022,2025-02-01,Electronics,Smart Devices,1179.54,897.04,0.2395,2,0.9,1.4685337134515648,1.23
P0022,2025-03-01,Electronics,Smart Devices,1179.54,897.04,0.2395,3,1.0,1.5125897248551117,1.63
P0022,2025-04-01,Electronics,Smart Devices,1179.54,897.04,0.2395,4,1.0,1.557967416600765,1.628
P0022,2025-05-01,Electronics,Smart Devices,1179.54,897.04,0.2395,5,1.0,1.6047064390987882,1.401
P0022,2025-06-01,Electronics,Smart Devices,1179.54,897.04,0.2395,6,1.1,1.6528476322717518,2.191
P0022,2025-07-01,Electronics,Smart Devices,1179.54,897.04,0.2395,7,1.08,1.7024330612399046,1.898
P0022,2025-08-01,Electronics,Smart Devices,1179.54,897.04,0.2395,8,1.0,1.7535060530771016,1.445
P0022,2025-09-01,Electronics,Smart Devices,1179.54,897.04,0.2395,9,1.0,1.8061112346694148,2.012
P0022,2025-10-01,Electronics,Smart Devices,1179.54,897.04,0.2395,10,1.3,1.8602945717094972,2.435
P0022,2025-11-01,Electronics,Smart Devices,1179.54,897.04,0.2395,11,1.42,1.9161034088607822,3.017
P0022,2025-12-01,Electronics,Smart Devices,1179.54,897.04,0.2395,12,1.5,1.9735865111266058,3.15
P0022,2026-01-01,Electronics,Smart Devices,1179.54,897.04,0.2395,1,0.88,2.032794106460404,1.867
P0022,2026-02-01,Electronics,Smart Devices,1179.54,897.04,0.2395,2,0.9,2.093777929654216,1.521
P0022,2026-03-01,Electronics,Smart Devices,1179.54,897.04,0.2395,3,1.0,2.156591267543843,2.143
P0022,2026-04-01,Electronics,Smart Devices,1179.54,897.04,0.2395,4,1.0,2.221289005570158,2.209
P0022,2026-05-01,Electronics,Smart Devices,1179.54,897.04,0.2395,5,1.0,2.287927675737263,1.848
P0022,2026-06-01,Electronics,Smart Devices,1179.54,897.04,0.2395,6,1.1,2.356565506009381,2.483
P0022,2026-07-01,Electronics,Smart Devices,1179.54,897.04,0.2395,7,1.08,2.427262471189662,2.275
P0022,2026-08-01,Electronics,Smart Devices,1179.54,897.04,0.2395,8,1.0,2.500080345325352,3.368
P0022,2026-09-01,Electronics,Smart Devices,1179.54,897.04,0.2395,9,1.0,2.575082755685113,3.121
P0023,2024-01-01,Electronics,Smart Devices,11082.06,7976.58,0.2802,1,0.88,1.0,0.992
P0023,2024-02-01,Electronics,Smart Devices,11082.06,7976.58,0.2802,2,0.9,1.03,0.807
P0023,2024-03-01,Electronics,Smart Devices,11082.06,7976.58,0.2802,3,1.0,1.0609,1.014
P0023,2024-04-01,Electronics,Smart Devices,11082.06,7976.58,0.2802,4,1.0,1.092727,1.168
P0023,2024-05-01,Electronics,Smart Devices,11082.06,7976.58,0.2802,5,1.0,1.1255088100000001,1.026
P0023,2024-06-01,Electronics,Smart Devices,11082.06,7976.58,0.2802,6,1.1,1.1592740743,1.335
P0023,2024-07-01,Electronics,Smart Devices,11082.06,7976.58,0.2802,7,1.08,1.1940522965290001,1.078
P0023,2024-08-01,Electronics,Smart Devices,11082.06,7976.58,0.2802,8,1.0,1.2298738654248702,1.213
P0023,2024-09-01,Electronics,Smart Devices,11082.06,7976.58,0.2802,9,1.0,1.2667700813876164,1.228
P0023,2024-10-01,Electronics,Smart Devices,11082.06,7976.58,0.2802,10,1.3,1.304773183829245,1.853
P0023,2024-11-01,Electronics,Smart Devices,11082.06,7976.58,0.2802,11,1.42,1.3439163793441222,1.729
P0023,2024-12-01,Electronics,Smart Devices,11082.06,7976.58,0.2802,12,1.5,1.384233870724446,2.445
P0023,2025-01-01,Electronics,Smart Devices,11082.06,7976.58,0.2802,1,0.88,1.4257608868461793,1.081
P0023,2025-02-01,Electronics,Smart Devices,11082.06,7976.58,0.2802,2,0.9,1.4685337134515648,1.603
P0023,2025-03-01,Electronics,Smart Devices,11082.06,7976.58,0.2802,3,1.0,1.5125897248551117,1.492
P0023,2025-04-01,Electronics,Smart Devices,11082.06,7976.58,0.2802,4,1.0,1.557967416600765,1.737
P0023,2025-05-01,Electronics,Smart Devices,11082.06,7976.58,0.2802,5,1.0,1.6047064390987882,1.526
P0023,2025-06-01,Electronics,Smart Devices,11082.06,7976.58,0.2802,6,1.1,1.6528476322717518,1.668
P0023,2025-07-01,Electronics,Smart Devices,11082.06,7976.58,0.2802,7,1.08,1.7024330612399046,1.605
P0023,2025-08-01,Electronics,Smart Devices,11082.06,7976.58,0.2802,8,1.0,1.7535060530771016,1.834
P0023,2025-09-01,Electronics,Smart Devices,11082.06,7976.58,0.2802,9,1.0,1.8061112346694148,1.929
P0023,2025-10-01,Electronics,Smart Devices,11082.06,7976.58,0.2802,10,1.3,1.8602945717094972,2.62
P0023,2025-11-01,Electronics,Smart Devices,11082.06,7976.58,0.2802,11,1.42,1.9161034088607822,2.719
P0023,2025-12-01,Electronics,Smart Devices,11082.06,7976.58,0.2802,12,1.5,1.9735865111266058,2.833
P0023,2026-01-01,Electronics,Smart Devices,11082.06,7976.58,0.2802,1,0.88,2.032794106460404,2.081
P0023,2026-02-01,Electronics,Smart Devices,11082.06,7976.58,0.2802,2,0.9,2.093777929654216,1.667
P0023,2026-03-01,Electronics,Smart Devices,11082.06,7976.58,0.2802,3,1.0,2.156591267543843,1.993
P0023,2026-04-01,Electronics,Smart Devices,11082.06,7976.58,0.2802,4,1.0,2.221289005570158,1.991
P0023,2026-05-01,Electronics,Smart Devices,11082.06,7976.58,0.2802,5,1.0,2.287927675737263,2.172
P0023,2026-06-01,Electronics,Smart Devices,11082.06,7976.58,0.2802,6,1.1,2.356565506009381,2.917
P0023,2026-07-01,Electronics,Smart Devices,11082.06,7976.58,0.2802,7,1.08,2.427262471189662,2.497
P0023,2026-08-01,Electronics,Smart Devices,11082.06,7976.58,0.2802,8,1.0,2.500080345325352,2.199
P0023,2026-09-01,Electronics,Smart Devices,11082.06,7976.58,0.2802,9,1.0,2.575082755685113,3.0
P0024,2024-01-01,Electronics,Smart Devices,3847.83,2042.1,0.4693,1,0.88,1.0,0.898
P0024,2024-02-01,Electronics,Smart Devices,3847.83,2042.1,0.4693,2,0.9,1.03,1.078
P0024,2024-03-01,Electronics,Smart Devices,3847.83,2042.1,0.4693,3,1.0,1.0609,1.003
P0024,2024-04-01,Electronics,Smart Devices,3847.83,2042.1,0.4693,4,1.0,1.092727,1.093
P0024,2024-05-01,Electronics,Smart Devices,3847.83,2042.1,0.4693,5,1.0,1.1255088100000001,0.946
P0024,2024-06-01,Electronics,Smart Devices,3847.83,2042.1,0.4693,6,1.1,1.1592740743,0.99
P0024,2024-07-01,Electronics,Smart Devices,3847.83,2042.1,0.4693,7,1.08,1.1940522965290001,1.133
P0024,2024-08-01,Electronics,Smart Devices,3847.83,2042.1,0.4693,8,1.0,1.2298738654248702,1.268
P0024,2024-09-01,Electronics,Smart Devices,3847.83,2042.1,0.4693,9,1.0,1.2667700813876164,1.38
P0024,2024-10-01,Electronics,Smart Devices,3847.83,2042.1,0.4693,10,1.3,1.304773183829245,1.636
P0024,2024-11-01,Electronics,Smart Devices,3847.83,2042.1,0.4693,11,1.42,1.3439163793441222,1.872
P0024,2024-12-01,Electronics,Smart Devices,3847.83,2042.1,0.4693,12,1.5,1.384233870724446,1.728
P0024,2025-01-01,Electronics,Smart Devices,3847.83,2042.1,0.4693,1,0.88,1.4257608868461793,1.522
P0024,2025-02-01,Electronics,Smart Devices,3847.83,2042.1,0.4693,2,0.9,1.4685337134515648,1.195
P0024,2025-03-01,Electronics,Smart Devices,3847.83,2042.1,0.4693,3,1.0,1.5125897248551117,1.44
P0024,2025-04-01,Electronics,Smart Devices,3847.83,2042.1,0.4693,4,1.0,1.557967416600765,1.504
P0024,2025-05-01,Electronics,Smart Devices,3847.83,2042.1,0.4693,5,1.0,1.6047064390987882,1.802
P0024,2025-06-01,Electronics,Smart Devices,3847.83,2042.1,0.4693,6,1.1,1.6528476322717518,2.043
P0024,2025-07-01,Electronics,Smart Devices,3847.83,2042.1,0.4693,7,1.08,1.7024330612399046,1.947
P0024,2025-08-01,Electronics,Smart Devices,3847.83,2042.1,0.4693,8,1.0,1.7535060530771016,1.637
P0024,2025-09-01,Electronics,Smart Devices,3847.83,2042.1,0.4693,9,1.0,1.8061112346694148,1.491
P0024,2025-10-01,Electronics,Smart Devices,3847.83,2042.1,0.4693,10,1.3,1.8602945717094972,2.424
P0024,2025-11-01,Electronics,Smart Devices,3847.83,2042.1,0.4693,11,1.42,1.9161034088607822,3.465
P0024,2025-12-01,Electronics,Smart Devices,3847.83,2042.1,0.4693,12,1.5,1.9735865111266058,2.596
P0024,2026-01-01,Electronics,Smart Devices,3847.83,2042.1,0.4693,1,0.88,2.032794106460404,1.575
P0024,2026-02-01,Electronics,Smart Devices,3847.83,2042.1,0.4693,2,0.9,2.093777929654216,2.075
P0024,2026-03-01,Electronics,Smart Devices,3847.83,2042.1,0.4693,3,1.0,2.156591267543843,2.299
P0024,2026-04-01,Electronics,Smart Devices,3847.83,2042.1,0.4693,4,1.0,2.221289005570158,2.452
P0024,2026-05-01,Electronics,Smart Devices,3847.83,2042.1,0.4693,5,1.0,2.287927675737263,2.579
P0024,2026-06-01,Electronics,Smart Devices,3847.83,2042.1,0.4693,6,1.1,2.356565506009381,2.519
P0024,2026-07-01,Electronics,Smart Devices,3847.83,2042.1,0.4693,7,1.08,2.427262471189662,2.589
P0024,2026-08-01,Electronics,Smart Devices,3847.83,2042.1,0.4693,8,1.0,2.500080345325352,2.794
P0024,2026-09-01,Electronics,Smart Devices,3847.83,2042.1,0.4693,9,1.0,2.575082755685113,2.309
P0025,2024-01-01,Electronics,Smart Devices,2331.74,1363.98,0.415,1,0.88,1.0,0.762
P0025,2024-02-01,Electronics,Smart Devices,2331.74,1363.98,0.415,2,0.9,1.03,0.818
P0025,2024-03-01,Electronics,Smart Devices,2331.74,1363.98,0.415,3,1.0,1.0609,1.007
P0025,2024-04-01,Electronics,Smart Devices,2331.74,1363.98,0.415,4,1.0,1.092727,1.104
P0025,2024-05-01,Electronics,Smart Devices,2331.74,1363.98,0.415,5,1.0,1.1255088100000001,1.235
P0025,2024-06-01,Electronics,Smart Devices,2331.74,1363.98,0.415,6,1.1,1.1592740743,1.355
P0025,2024-07-01,Electronics,Smart Devices,2331.74,1363.98,0.415,7,1.08,1.1940522965290001,1.189
P0025,2024-08-01,Electronics,Smart Devices,2331.74,1363.98,0.415,8,1.0,1.2298738654248702,1.113
P0025,2024-09-01,Electronics,Smart Devices,2331.74,1363.98,0.415,9,1.0,1.2667700813876164,1.159
P0025,2024-10-01,Electronics,Smart Devices,2331.74,1363.98,0.415,10,1.3,1.304773183829245,1.532
P0025,2024-11-01,Electronics,Smart Devices,2331.74,1363.98,0.415,11,1.42,1.3439163793441222,1.891
P0025,2024-12-01,Electronics,Smart Devices,2331.74,1363.98,0.415,12,1.5,1.384233870724446,2.181
P0025,2025-01-01,Electronics,Smart Devices,2331.74,1363.98,0.415,1,0.88,1.4257608868461793,1.256
P0025,2025-02-01,Electronics,Smart Devices,2331.74,1363.98,0.415,2,0.9,1.4685337134515648,1.23
P0025,2025-03-01,Electronics,Smart Devices,2331.74,1363.98,0.415,3,1.0,1.5125897248551117,1.734
P0025,2025-04-01,Electronics,Smart Devices,2331.74,1363.98,0.415,4,1.0,1.557967416600765,1.532
P0025,2025-05-01,Electronics,Smart Devices,2331.74,1363.98,0.415,5,1.0,1.6047064390987882,1.656
P0025,2025-06-01,Electronics,Smart Devices,2331.74,1363.98,0.415,6,1.1,1.6528476322717518,1.826
P0025,2025-07-01,Electronics,Smart Devices,2331.74,1363.98,0.415,7,1.08,1.7024330612399046,2.035
P0025,2025-08-01,Electronics,Smart Devices,2331.74,1363.98,0.415,8,1.0,1.7535060530771016,1.453
P0025,2025-09-01,Electronics,Smart Devices,2331.74,1363.98,0.415,9,1.0,1.8061112346694148,1.69
P0025,2025-10-01,Electronics,Smart Devices,2331.74,1363.98,0.415,10,1.3,1.8602945717094972,2.416
P0025,2025-11-01,Electronics,Smart Devices,2331.74,1363.98,0.415,11,1.42,1.9161034088607822,2.309
P0025,2025-12-01,Electronics,Smart Devices,2331.74,1363.98,0.415,12,1.5,1.9735865111266058,2.907
P0025,2026-01-01,Electronics,Smart Devices,2331.74,1363.98,0.415,1,0.88,2.032794106460404,1.773
P0025,2026-02-01,Electronics,Smart Devices,2331.74,1363.98,0.415,2,0.9,2.093777929654216,1.646
P0025,2026-03-01,Electronics,Smart Devices,2331.74,1363.98,0.415,3,1.0,2.156591267543843,2.03
P0025,2026-04-01,Electronics,Smart Devices,2331.74,1363.98,0.415,4,1.0,2.221289005570158,2.374
P0025,2026-05-01,Electronics,Smart Devices,2331.74,1363.98,0.415,5,1.0,2.287927675737263,2.124
P0025,2026-06-01,Electronics,Smart Devices,2331.74,1363.98,0.415,6,1.1,2.356565506009381,2.616
P0025,2026-07-01,Electronics,Smart Devices,2331.74,1363.98,0.415,7,1.08,2.427262471189662,2.796
P0025,2026-08-01,Electronics,Smart Devices,2331.74,1363.98,0.415,8,1.0,2.500080345325352,2.545
P0025,2026-09-01,Electronics,Smart Devices,2331.74,1363.98,0.415,9,1.0,2.575082755685113,2.492
P0026,2024-01-01,Electronics,Smart Devices,1489.16,852.72,0.4274,1,0.88,1.0,1.021
P0026,2024-02-01,Electronics,Smart Devices,1489.16,852.72,0.4274,2,0.9,1.03,0.903
P0026,2024-03-01,Electronics,Smart Devices,1489.16,852.72,0.4274,3,1.0,1.0609,0.916
P0026,2024-04-01,Electronics,Smart Devices,1489.16,852.72,0.4274,4,1.0,1.092727,1.292
P0026,2024-05-01,Electronics,Smart Devices,1489.16,852.72,0.4274,5,1.0,1.1255088100000001,1.315
P0026,2024-06-01,Electronics,Smart Devices,1489.16,852.72,0.4274,6,1.1,1.1592740743,1.435
P0026,2024-07-01,Electronics,Smart Devices,1489.16,852.72,0.4274,7,1.08,1.1940522965290001,1.314
P0026,2024-08-01,Electronics,Smart Devices,1489.16,852.72,0.4274,8,1.0,1.2298738654248702,1.4
P0026,2024-09-01,Electronics,Smart Devices,1489.16,852.72,0.4274,9,1.0,1.2667700813876164,1.398
P0026,2024-10-01,Electronics,Smart Devices,1489.16,852.72,0.4274,10,1.3,1.304773183829245,1.43
P0026,2024-11-01,Electronics,Smart Devices,1489.16,852.72,0.4274,11,1.42,1.3439163793441222,1.978
P0026,2024-12-01,Electronics,Smart Devices,1489.16,852.72,0.4274,12,1.5,1.384233870724446,2.738
P0026,2025-01-01,Electronics,Smart Devices,1489.16,852.72,0.4274,1,0.88,1.4257608868461793,1.425
P0026,2025-02-01,Electronics,Smart Devices,1489.16,852.72,0.4274,2,0.9,1.4685337134515648,1.291
P0026,2025-03-01,Electronics,Smart Devices,1489.16,852.72,0.4274,3,1.0,1.5125897248551117,1.365
P0026,2025-04-01,Electronics,Smart Devices,1489.16,852.72,0.4274,4,1.0,1.557967416600765,1.801
P0026,2025-05-01,Electronics,Smart Devices,1489.16,852.72,0.4274,5,1.0,1.6047064390987882,1.761
P0026,2025-06-01,Electronics,Smart Devices,1489.16,852.72,0.4274,6,1.1,1.6528476322717518,1.626
P0026,2025-07-01,Electronics,Smart Devices,1489.16,852.72,0.4274,7,1.08,1.7024330612399046,1.996
P0026,2025-08-01,Electronics,Smart Devices,1489.16,852.72,0.4274,8,1.0,1.7535060530771016,1.701
P0026,2025-09-01,Electronics,Smart Devices,1489.16,852.72,0.4274,9,1.0,1.8061112346694148,1.642
P0026,2025-10-01,Electronics,Smart Devices,1489.16,852.72,0.4274,10,1.3,1.8602945717094972,2.565
P0026,2025-11-01,Electronics,Smart Devices,1489.16,852.72,0.4274,11,1.42,1.9161034088607822,3.102
P0026,2025-12-01,Electronics,Smart Devices,1489.16,852.72,0.4274,12,1.5,1.9735865111266058,3.539
P0026,2026-01-01,Electronics,Smart Devices,1489.16,852.72,0.4274,1,0.88,2.032794106460404,2.105
P0026,2026-02-01,Electronics,Smart Devices,1489.16,852.72,0.4274,2,0.9,2.093777929654216,2.077
P0026,2026-03-01,Electronics,Smart Devices,1489.16,852.72,0.4274,3,1.0,2.156591267543843,2.18
P0026,2026-04-01,Electronics,Smart Devices,1489.16,852.72,0.4274,4,1.0,2.221289005570158,1.913
P0026,2026-05-01,Electronics,Smart Devices,1489.16,852.72,0.4274,5,1.0,2.287927675737263,2.065
P0026,2026-06-01,Electronics,Smart Devices,1489.16,852.72,0.4274,6,1.1,2.356565506009381,2.415
P0026,2026-07-01,Electronics,Smart Devices,1489.16,852.72,0.4274,7,1.08,2.427262471189662,2.606
P0026,2026-08-01,Electronics,Smart Devices,1489.16,852.72,0.4274,8,1.0,2.500080345325352,2.812
P0026,2026-09-01,Electronics,Smart Devices,1489.16,852.72,0.4274,9,1.0,2.575082755685113,2.318
P0027,2024-01-01,Electronics,Smart Devices,2952.76,2483.68,0.1589,1,0.88,1.0,0.991
P0027,2024-02-01,Electronics,Smart Devices,2952.76,2483.68,0.1589,2,0.9,1.03,1.026
P0027,2024-03-01,Electronics,Smart Devices,2952.76,2483.68,0.1589,3,1.0,1.0609,0.967
P0027,2024-04-01,Electronics,Smart Devices,2952.76,2483.68,0.1589,4,1.0,1.092727,1.048
P0027,2024-05-01,Electronics,Smart Devices,2952.76,2483.68,0.1589,5,1.0,1.1255088100000001,1.122
P0027,2024-06-01,Electronics,Smart Devices,2952.76,2483.68,0.1589,6,1.1,1.1592740743,1.269
P0027,2024-07-01,Electronics,Smart Devices,2952.76,2483.68,0.1589,7,1.08,1.1940522965290001,1.041
P0027,2024-08-01,Electronics,Smart Devices,2952.76,2483.68,0.1589,8,1.0,1.2298738654248702,1.18
P0027,2024-09-01,Electronics,Smart Devices,2952.76,2483.68,0.1589,9,1.0,1.2667700813876164,1.191
P0027,2024-10-01,Electronics,Smart Devices,2952.76,2483.68,0.1589,10,1.3,1.304773183829245,1.478
P0027,2024-11-01,Electronics,Smart Devices,2952.76,2483.68,0.1589,11,1.42,1.3439163793441222,1.357
P0027,2024-12-01,Electronics,Smart Devices,2952.76,2483.68,0.1589,12,1.5,1.384233870724446,2.167
P0027,2025-01-01,Electronics,Smart Devices,2952.76,2483.68,0.1589,1,0.88,1.4257608868461793,1.06
P0027,2025-02-01,Electronics,Smart Devices,2952.76,2483.68,0.1589,2,0.9,1.4685337134515648,1.263
P0027,2025-03-01,Electronics,Smart Devices,2952.76,2483.68,0.1589,3,1.0,1.5125897248551117,1.378
P0027,2025-04-01,Electronics,Smart Devices,2952.76,2483.68,0.1589,4,1.0,1.557967416600765,1.566
P0027,2025-05-01,Electronics,Smart Devices,2952.76,2483.68,0.1589,5,1.0,1.6047064390987882,1.973
P0027,2025-06-01,Electronics,Smart Devices,2952.76,2483.68,0.1589,6,1.1,1.6528476322717518,2.037
P0027,2025-07-01,Electronics,Smart Devices,2952.76,2483.68,0.1589,7,1.08,1.7024330612399046,1.933
P0027,2025-08-01,Electronics,Smart Devices,2952.76,2483.68,0.1589,8,1.0,1.7535060530771016,1.891
P0027,2025-09-01,Electronics,Smart Devices,2952.76,2483.68,0.1589,9,1.0,1.8061112346694148,1.821
P0027,2025-10-01,Electronics,Smart Devices,2952.76,2483.68,0.1589,10,1.3,1.8602945717094972,2.349
P0027,2025-11-01,Electronics,Smart Devices,2952.76,2483.68,0.1589,11,1.42,1.9161034088607822,3.347
P0027,2025-12-01,Electronics,Smart Devices,2952.76,2483.68,0.1589,12,1.5,1.9735865111266058,3.059
P0027,2026-01-01,Electronics,Smart Devices,2952.76,2483.68,0.1589,1,0.88,2.032794106460404,1.716
P0027,2026-02-01,Electronics,Smart Devices,2952.76,2483.68,0.1589,2,0.9,2.093777929654216,1.982
P0027,2026-03-01,Electronics,Smart Devices,2952.76,2483.68,0.1589,3,1.0,2.156591267543843,2.307
P0027,2026-04-01,Electronics,Smart Devices,2952.76,2483.68,0.1589,4,1.0,2.221289005570158,2.603
P0027,2026-05-01,Electronics,Smart Devices,2952.76,2483.68,0.1589,5,1.0,2.287927675737263,2.919
P0027,2026-06-01,Electronics,Smart Devices,2952.76,2483.68,0.1589,6,1.1,2.356565506009381,2.448
P0027,2026-07-01,Electronics,Smart Devices,2952.76,2483.68,0.1589,7,1.08,2.427262471189662,2.793
P0027,2026-08-01,Electronics,Smart Devices,2952.76,2483.68,0.1589,8,1.0,2.500080345325352,2.329
P0027,2026-09-01,Electronics,Smart Devices,2952.76,2483.68,0.1589,9,1.0,2.575082755685113,2.981
P0028,2024-01-01,Electronics,Smart Devices,7831.08,6141.74,0.2157,1,0.88,1.0,0.89
P0028,2024-02-01,Electronics,Smart Devices,7831.08,6141.74,0.2157,2,0.9,1.03,1.153
P0028,2024-03-01,Electronics,Smart Devices,7831.08,6141.74,0.2157,3,1.0,1.0609,1.04
P0028,2024-04-01,Electronics,Smart Devices,7831.08,6141.74,0.2157,4,1.0,1.092727,1.173
P0028,2024-05-01,Electronics,Smart Devices,7831.08,6141.74,0.2157,5,1.0,1.1255088100000001,1.337
P0028,2024-06-01,Electronics,Smart Devices,7831.08,6141.74,0.2157,6,1.1,1.1592740743,1.303
P0028,2024-07-01,Electronics,Smart Devices,7831.08,6141.74,0.2157,7,1.08,1.1940522965290001,1.089
P0028,2024-08-01,Electronics,Smart Devices,7831.08,6141.74,0.2157,8,1.0,1.2298738654248702,1.404
P0028,2024-09-01,Electronics,Smart Devices,7831.08,6141.74,0.2157,9,1.0,1.2667700813876164,1.463
P0028,2024-10-01,Electronics,Smart Devices,7831.08,6141.74,0.2157,10,1.3,1.304773183829245,1.633
P0028,2024-11-01,Electronics,Smart Devices,7831.08,6141.74,0.2157,11,1.42,1.3439163793441222,1.855
P0028,2024-12-01,Electronics,Smart Devices,7831.08,6141.74,0.2157,12,1.5,1.384233870724446,2.101
P0028,2025-01-01,Electronics,Smart Devices,7831.08,6141.74,0.2157,1,0.88,1.4257608868461793,1.081
P0028,2025-02-01,Electronics,Smart Devices,7831.08,6141.74,0.2157,2,0.9,1.4685337134515648,1.38
P0028,2025-03-01,Electronics,Smart Devices,7831.08,6141.74,0.2157,3,1.0,1.5125897248551117,1.381
P0028,2025-04-01,Electronics,Smart Devices,7831.08,6141.74,0.2157,4,1.0,1.557967416600765,1.482
P0028,2025-05-01,Electronics,Smart Devices,7831.08,6141.74,0.2157,5,1.0,1.6047064390987882,1.4
P0028,2025-06-01,Electronics,Smart Devices,7831.08,6141.74,0.2157,6,1.1,1.6528476322717518,1.803
P0028,2025-07-01,Electronics,Smart Devices,7831.08,6141.74,0.2157,7,1.08,1.7024330612399046,1.551
P0028,2025-08-01,Electronics,Smart Devices,7831.08,6141.74,0.2157,8,1.0,1.7535060530771016,1.727
P0028,2025-09-01,Electronics,Smart Devices,7831.08,6141.74,0.2157,9,1.0,1.8061112346694148,1.306
P0028,2025-10-01,Electronics,Smart Devices,7831.08,6141.74,0.2157,10,1.3,1.8602945717094972,1.968
P0028,2025-11-01,Electronics,Smart Devices,7831.08,6141.74,0.2157,11,1.42,1.9161034088607822,2.556
P0028,2025-12-01,Electronics,Smart Devices,7831.08,6141.74,0.2157,12,1.5,1.9735865111266058,2.471
P0028,2026-01-01,Electronics,Smart Devices,7831.08,6141.74,0.2157,1,0.88,2.032794106460404,1.731
P0028,2026-02-01,Electronics,Smart Devices,7831.08,6141.74,0.2157,2,0.9,2.093777929654216,1.787
P0028,2026-03-01,Electronics,Smart Devices,7831.08,6141.74,0.2157,3,1.0,2.156591267543843,2.225
P0028,2026-04-01,Electronics,Smart Devices,7831.08,6141.74,0.2157,4,1.0,2.221289005570158,2.197
P0028,2026-05-01,Electronics,Smart Devices,7831.08,6141.74,0.2157,5,1.0,2.287927675737263,1.983
P0028,2026-06-01,Electronics,Smart Devices,7831.08,6141.74,0.2157,6,1.1,2.356565506009381,2.345
P0028,2026-07-01,Electronics,Smart Devices,7831.08,6141.74,0.2157,7,1.08,2.427262471189662,2.285
P0028,2026-08-01,Electronics,Smart Devices,7831.08,6141.74,0.2157,8,1.0,2.500080345325352,2.24
P0028,2026-09-01,Electronics,Smart Devices,7831.08,6141.74,0.2157,9,1.0,2.575082755685113,2.727
P0029,2024-01-01,Electronics,Smart Devices,3581.51,2623.06,0.2676,1,0.88,1.0,0.913
P0029,2024-02-01,Electronics,Smart Devices,3581.51,2623.06,0.2676,2,0.9,1.03,1.004
P0029,2024-03-01,Electronics,Smart Devices,3581.51,2623.06,0.2676,3,1.0,1.0609,1.063
P0029,2024-04-01,Electronics,Smart Devices,3581.51,2623.06,0.2676,4,1.0,1.092727,0.861
P0029,2024-05-01,Electronics,Smart Devices,3581.51,2623.06,0.2676,5,1.0,1.1255088100000001,1.086
P0029,2024-06-01,Electronics,Smart Devices,3581.51,2623.06,0.2676,6,1.1,1.1592740743,1.154
P0029,2024-07-01,Electronics,Smart Devices,3581.51,2623.06,0.2676,7,1.08,1.1940522965290001,1.119
P0029,2024-08-01,Electronics,Smart Devices,3581.51,2623.06,0.2676,8,1.0,1.2298738654248702,1.457
P0029,2024-09-01,Electronics,Smart Devices,3581.51,2623.06,0.2676,9,1.0,1.2667700813876164,1.328
P0029,2024-10-01,Electronics,Smart Devices,3581.51,2623.06,0.2676,10,1.3,1.304773183829245,1.531
P0029,2024-11-01,Electronics,Smart Devices,3581.51,2623.06,0.2676,11,1.42,1.3439163793441222,1.686
P0029,2024-12-01,Electronics,Smart Devices,3581.51,2623.06,0.2676,12,1.5,1.384233870724446,2.174
P0029,2025-01-01,Electronics,Smart Devices,3581.51,2623.06,0.2676,1,0.88,1.4257608868461793,1.344
P0029,2025-02-01,Electronics,Smart Devices,3581.51,2623.06,0.2676,2,0.9,1.4685337134515648,1.202
P0029,2025-03-01,Electronics,Smart Devices,3581.51,2623.06,0.2676,3,1.0,1.5125897248551117,1.672
P0029,2025-04-01,Electronics,Smart Devices,3581.51,2623.06,0.2676,4,1.0,1.557967416600765,1.393
P0029,2025-05-01,Electronics,Smart Devices,3581.51,2623.06,0.2676,5,1.0,1.6047064390987882,1.64
P0029,2025-06-01,Electronics,Smart Devices,3581.51,2623.06,0.2676,6,1.1,1.6528476322717518,1.603
P0029,2025-07-01,Electronics,Smart Devices,3581.51,2623.06,0.2676,7,1.08,1.7024330612399046,2.031
P0029,2025-08-01,Electronics,Smart Devices,3581.51,2623.06,0.2676,8,1.0,1.7535060530771016,1.534
P0029,2025-09-01,Electronics,Smart Devices,3581.51,2623.06,0.2676,9,1.0,1.8061112346694148,2.165
P0029,2025-10-01,Electronics,Smart Devices,3581.51,2623.06,0.2676,10,1.3,1.8602945717094972,2.379
P0029,2025-11-01,Electronics,Smart Devices,3581.51,2623.06,0.2676,11,1.42,1.9161034088607822,2.928
P0029,2025-12-01,Electronics,Smart Devices,3581.51,2623.06,0.2676,12,1.5,1.9735865111266058,3.998
P0029,2026-01-01,Electronics,Smart Devices,3581.51,2623.06,0.2676,1,0.88,2.032794106460404,1.791
P0029,2026-02-01,Electronics,Smart Devices,3581.51,2623.06,0.2676,2,0.9,2.093777929654216,1.821
P0029,2026-03-01,Electronics,Smart Devices,3581.51,2623.06,0.2676,3,1.0,2.156591267543843,2.237
P0029,2026-04-01,Electronics,Smart Devices,3581.51,2623.06,0.2676,4,1.0,2.221289005570158,2.252
P0029,2026-05-01,Electronics,Smart Devices,3581.51,2623.06,0.2676,5,1.0,2.287927675737263,2.537
P0029,2026-06-01,Electronics,Smart Devices,3581.51,2623.06,0.2676,6,1.1,2.356565506009381,2.123
P0029,2026-07-01,Electronics,Smart Devices,3581.51,2623.06,0.2676,7,1.08,2.427262471189662,2.341
P0029,2026-08-01,Electronics,Smart Devices,3581.51,2623.06,0.2676,8,1.0,2.500080345325352,2.165
P0029,2026-09-01,Electronics,Smart Devices,3581.51,2623.06,0.2676,9,1.0,2.575082755685113,2.548
P0030,2024-01-01,Electronics,Smart Devices,2552.81,1873.23,0.2662,1,0.88,1.0,0.852
P0030,2024-02-01,Electronics,Smart Devices,2552.81,1873.23,0.2662,2,0.9,1.03,0.927
P0030,2024-03-01,Electronics,Smart Devices,2552.81,1873.23,0.2662,3,1.0,1.0609,1.111
P0030,2024-04-01,Electronics,Smart Devices,2552.81,1873.23,0.2662,4,1.0,1.092727,0.995
P0030,2024-05-01,Electronics,Smart Devices,2552.81,1873.23,0.2662,5,1.0,1.1255088100000001,1.096
P0030,2024-06-01,Electronics,Smart Devices,2552.81,1873.23,0.2662,6,1.1,1.1592740743,0.948
P0030,2024-07-01,Electronics,Smart Devices,2552.81,1873.23,0.2662,7,1.08,1.1940522965290001,1.193
P0030,2024-08-01,Electronics,Smart Devices,2552.81,1873.23,0.2662,8,1.0,1.2298738654248702,1.321
P0030,2024-09-01,Electronics,Smart Devices,2552.81,1873.23,0.2662,9,1.0,1.2667700813876164,1.003
P0030,2024-10-01,Electronics,Smart Devices,2552.81,1873.23,0.2662,10,1.3,1.304773183829245,1.617
P0030,2024-11-01,Electronics,Smart Devices,2552.81,1873.23,0.2662,11,1.42,1.3439163793441222,1.623
P0030,2024-12-01,Electronics,Smart Devices,2552.81,1873.23,0.2662,12,1.5,1.384233870724446,2.138
P0030,2025-01-01,Electronics,Smart Devices,2552.81,1873.23,0.2662,1,0.88,1.4257608868461793,1.103
P0030,2025-02-01,Electronics,Smart Devices,2552.81,1873.23,0.2662,2,0.9,1.4685337134515648,1.319
P0030,2025-03-01,Electronics,Smart Devices,2552.81,1873.23,0.2662,3,1.0,1.5125897248551117,1.587
P0030,2025-04-01,Electronics,Smart Devices,2552.81,1873.23,0.2662,4,1.0,1.557967416600765,1.379
P0030,2025-05-01,Electronics,Smart Devices,2552.81,1873.23,0.2662,5,1.0,1.6047064390987882,1.743
P0030,2025-06-01,Electronics,Smart Devices,2552.81,1873.23,0.2662,6,1.1,1.6528476322717518,1.973
P0030,2025-07-01,Electronics,Smart Devices,2552.81,1873.23,0.2662,7,1.08,1.7024330612399046,1.947
P0030,2025-08-01,Electronics,Smart Devices,2552.81,1873.23,0.2662,8,1.0,1.7535060530771016,1.657
P0030,2025-09-01,Electronics,Smart Devices,2552.81,1873.23,0.2662,9,1.0,1.8061112346694148,1.58
P0030,2025-10-01,Electronics,Smart Devices,2552.81,1873.23,0.2662,10,1.3,1.8602945717094972,2.651
P0030,2025-11-01,Electronics,Smart Devices,2552.81,1873.23,0.2662,11,1.42,1.9161034088607822,2.591
P0030,2025-12-01,Electronics,Smart Devices,2552.81,1873.23,0.2662,12,1.5,1.9735865111266058,2.391
P0030,2026-01-01,Electronics,Smart Devices,2552.81,1873.23,0.2662,1,0.88,2.032794106460404,1.528
P0030,2026-02-01,Electronics,Smart Devices,2552.81,1873.23,0.2662,2,0.9,2.093777929654216,1.959
P0030,2026-03-01,Electronics,Smart Devices,2552.81,1873.23,0.2662,3,1.0,2.156591267543843,2.321
P0030,2026-04-01,Electronics,Smart Devices,2552.81,1873.23,0.2662,4,1.0,2.221289005570158,3.102
P0030,2026-05-01,Electronics,Smart Devices,2552.81,1873.23,0.2662,5,1.0,2.287927675737263,2.414
P0030,2026-06-01,Electronics,Smart Devices,2552.81,1873.23,0.2662,6,1.1,2.356565506009381,2.773
P0030,2026-07-01,Electronics,Smart Devices,2552.81,1873.23,0.2662,7,1.08,2.427262471189662,3.588
P0030,2026-08-01,Electronics,Smart Devices,2552.81,1873.23,0.2662,8,1.0,2.500080345325352,2.426
P0030,2026-09-01,Electronics,Smart Devices,2552.81,1873.23,0.2662,9,1.0,2.575082755685113,2.373
P0031,2024-01-01,Home & Living,Kitchen,7475.01,6337.69,0.1521,1,0.88,1.0,0.925
P0031,2024-02-01,Home & Living,Kitchen,7475.01,6337.69,0.1521,2,0.9,1.015,1.171
P0031,2024-03-01,Home & Living,Kitchen,7475.01,6337.69,0.1521,3,1.0,1.0302249999999997,1.206
P0031,2024-04-01,Home & Living,Kitchen,7475.01,6337.69,0.1521,4,1.0,1.0456783749999996,1.378
P0031,2024-05-01,Home & Living,Kitchen,7475.01,6337.69,0.1521,5,1.0,1.0613635506249997,1.088
P0031,2024-06-01,Home & Living,Kitchen,7475.01,6337.69,0.1521,6,1.1,1.0772840038843745,1.203
P0031,2024-07-01,Home & Living,Kitchen,7475.01,6337.69,0.1521,7,1.08,1.09344326394264,1.39
P0031,2024-08-01,Home & Living,Kitchen,7475.01,6337.69,0.1521,8,1.0,1.1098449129017796,1.29
P0031,2024-09-01,Home & Living,Kitchen,7475.01,6337.69,0.1521,9,1.0,1.1264925865953062,1.358
P0031,2024-10-01,Home & Living,Kitchen,7475.01,6337.69,0.1521,10,1.3,1.1433899753942356,1.621
P0031,2024-11-01,Home & Living,Kitchen,7475.01,6337.69,0.1521,11,1.42,1.160540825025149,1.348
P0031,2024-12-01,Home & Living,Kitchen,7475.01,6337.69,0.1521,12,1.5,1.177948937400526,1.996
P0031,2025-01-01,Home & Living,Kitchen,7475.01,6337.69,0.1521,1,0.88,1.195618171461534,0.991
P0031,2025-02-01,Home & Living,Kitchen,7475.01,6337.69,0.1521,2,0.9,1.2135524440334569,0.958
P0031,2025-03-01,Home & Living,Kitchen,7475.01,6337.69,0.1521,3,1.0,1.2317557306939584,1.356
P0031,2025-04-01,Home & Living,Kitchen,7475.01,6337.69,0.1521,4,1.0,1.2502320666543678,1.1
P0031,2025-05-01,Home & Living,Kitchen,7475.01,6337.69,0.1521,5,1.0,1.2689855476541831,1.279
P0031,2025-06-01,Home & Living,Kitchen,7475.01,6337.69,0.1521,6,1.1,1.2880203308689957,1.44
P0031,2025-07-01,Home & Living,Kitchen,7475.01,6337.69,0.1521,7,1.08,1.3073406358320305,1.475
P0031,2025-08-01,Home & Living,Kitchen,7475.01,6337.69,0.1521,8,1.0,1.3269507453695109,1.285
P0031,2025-09-01,Home & Living,Kitchen,7475.01,6337.69,0.1521,9,1.0,1.3468550065500535,1.353
P0031,2025-10-01,Home & Living,Kitchen,7475.01,6337.69,0.1521,10,1.3,1.3670578316483042,1.939
P0031,2025-11-01,Home & Living,Kitchen,7475.01,6337.69,0.1521,11,1.42,1.3875636991230285,1.827
P0031,2025-12-01,Home & Living,Kitchen,7475.01,6337.69,0.1521,12,1.5,1.4083771546098738,2.226
P0031,2026-01-01,Home & Living,Kitchen,7475.01,6337.69,0.1521,1,0.88,1.4295028119290218,1.197
P0031,2026-02-01,Home & Living,Kitchen,7475.01,6337.69,0.1521,2,0.9,1.4509453541079569,1.261
P0031,2026-03-01,Home & Living,Kitchen,7475.01,6337.69,0.1521,3,1.0,1.4727095344195762,1.613
P0031,2026-04-01,Home & Living,Kitchen,7475.01,6337.69,0.1521,4,1.0,1.4948001774358697,1.533
P0031,2026-05-01,Home & Living,Kitchen,7475.01,6337.69,0.1521,5,1.0,1.5172221800974075,1.918
P0031,2026-06-01,Home & Living,Kitchen,7475.01,6337.69,0.1521,6,1.1,1.5399805127988686,1.797
P0031,2026-07-01,Home & Living,Kitchen,7475.01,6337.69,0.1521,7,1.08,1.5630802204908514,1.685
P0031,2026-08-01,Home & Living,Kitchen,7475.01,6337.69,0.1521,8,1.0,1.586526423798214,1.633
P0031,2026-09-01,Home & Living,Kitchen,7475.01,6337.69,0.1521,9,1.0,1.6103243201551871,1.326
P0032,2024-01-01,Home & Living,Kitchen,1221.96,647.2,0.4704,1,0.88,1.0,1.016
P0032,2024-02-01,Home & Living,Kitchen,1221.96,647.2,0.4704,2,0.9,1.015,1.101
P0032,2024-03-01,Home & Living,Kitchen,1221.96,647.2,0.4704,3,1.0,1.0302249999999997,1.047
P0032,2024-04-01,Home & Living,Kitchen,1221.96,647.2,0.4704,4,1.0,1.0456783749999996,1.016
P0032,2024-05-01,Home & Living,Kitchen,1221.96,647.2,0.4704,5,1.0,1.0613635506249997,1.215
P0032,2024-06-01,Home & Living,Kitchen,1221.96,647.2,0.4704,6,1.1,1.0772840038843745,1.014
P0032,2024-07-01,Home & Living,Kitchen,1221.96,647.2,0.4704,7,1.08,1.09344326394264,1.077
P0032,2024-08-01,Home & Living,Kitchen,1221.96,647.2,0.4704,8,1.0,1.1098449129017796,1.115
P0032,2024-09-01,Home & Living,Kitchen,1221.96,647.2,0.4704,9,1.0,1.1264925865953062,1.161
P0032,2024-10-01,Home & Living,Kitchen,1221.96,647.2,0.4704,10,1.3,1.1433899753942356,1.421
P0032,2024-11-01,Home & Living,Kitchen,1221.96,647.2,0.4704,11,1.42,1.160540825025149,1.331
P0032,2024-12-01,Home & Living,Kitchen,1221.96,647.2,0.4704,12,1.5,1.177948937400526,1.886
P0032,2025-01-01,Home & Living,Kitchen,1221.96,647.2,0.4704,1,0.88,1.195618171461534,1.098
P0032,2025-02-01,Home & Living,Kitchen,1221.96,647.2,0.4704,2,0.9,1.2135524440334569,1.054
P0032,2025-03-01,Home & Living,Kitchen,1221.96,647.2,0.4704,3,1.0,1.2317557306939584,1.465
P0032,2025-04-01,Home & Living,Kitchen,1221.96,647.2,0.4704,4,1.0,1.2502320666543678,1.018
P0032,2025-05-01,Home & Living,Kitchen,1221.96,647.2,0.4704,5,1.0,1.2689855476541831,1.177
P0032,2025-06-01,Home & Living,Kitchen,1221.96,647.2,0.4704,6,1.1,1.2880203308689957,1.431
P0032,2025-07-01,Home & Living,Kitchen,1221.96,647.2,0.4704,7,1.08,1.3073406358320305,1.259
P0032,2025-08-01,Home & Living,Kitchen,1221.96,647.2,0.4704,8,1.0,1.3269507453695109,1.345
P0032,2025-09-01,Home & Living,Kitchen,1221.96,647.2,0.4704,9,1.0,1.3468550065500535,1.32
P0032,2025-10-01,Home & Living,Kitchen,1221.96,647.2,0.4704,10,1.3,1.3670578316483042,1.372
P0032,2025-11-01,Home & Living,Kitchen,1221.96,647.2,0.4704,11,1.42,1.3875636991230285,1.702
P0032,2025-12-01,Home & Living,Kitchen,1221.96,647.2,0.4704,12,1.5,1.4083771546098738,2.178
P0032,2026-01-01,Home & Living,Kitchen,1221.96,647.2,0.4704,1,0.88,1.4295028119290218,1.24
P0032,2026-02-01,Home & Living,Kitchen,1221.96,647.2,0.4704,2,0.9,1.4509453541079569,1.296
P0032,2026-03-01,Home & Living,Kitchen,1221.96,647.2,0.4704,3,1.0,1.4727095344195762,1.683
P0032,2026-04-01,Home & Living,Kitchen,1221.96,647.2,0.4704,4,1.0,1.4948001774358697,1.623
P0032,2026-05-01,Home & Living,Kitchen,1221.96,647.2,0.4704,5,1.0,1.5172221800974075,1.581
P0032,2026-06-01,Home & Living,Kitchen,1221.96,647.2,0.4704,6,1.1,1.5399805127988686,1.579
P0032,2026-07-01,Home & Living,Kitchen,1221.96,647.2,0.4704,7,1.08,1.5630802204908514,1.572
P0032,2026-08-01,Home & Living,Kitchen,1221.96,647.2,0.4704,8,1.0,1.586526423798214,1.422
P0032,2026-09-01,Home & Living,Kitchen,1221.96,647.2,0.4704,9,1.0,1.6103243201551871,1.365
P0033,2024-01-01,Home & Living,Kitchen,570.75,321.83,0.4361,1,0.88,1.0,0.859
P0033,2024-02-01,Home & Living,Kitchen,570.75,321.83,0.4361,2,0.9,1.015,0.745
P0033,2024-03-01,Home & Living,Kitchen,570.75,321.83,0.4361,3,1.0,1.0302249999999997,0.903
P0033,2024-04-01,Home & Living,Kitchen,570.75,321.83,0.4361,4,1.0,1.0456783749999996,1.04
P0033,2024-05-01,Home & Living,Kitchen,570.75,321.83,0.4361,5,1.0,1.0613635506249997,1.1
P0033,2024-06-01,Home & Living,Kitchen,570.75,321.83,0.4361,6,1.1,1.0772840038843745,1.111
P0033,2024-07-01,Home & Living,Kitchen,570.75,321.83,0.4361,7,1.08,1.09344326394264,1.165
P0033,2024-08-01,Home & Living,Kitchen,570.75,321.83,0.4361,8,1.0,1.1098449129017796,1.378
P0033,2024-09-01,Home & Living,Kitchen,570.75,321.83,0.4361,9,1.0,1.1264925865953062,1.001
P0033,2024-10-01,Home & Living,Kitchen,570.75,321.83,0.4361,10,1.3,1.1433899753942356,1.538
P0033,2024-11-01,Home & Living,Kitchen,570.75,321.83,0.4361,11,1.42,1.160540825025149,2.19
P0033,2024-12-01,Home & Living,Kitchen,570.75,321.83,0.4361,12,1.5,1.177948937400526,1.939
P0033,2025-01-01,Home & Living,Kitchen,570.75,321.83,0.4361,1,0.88,1.195618171461534,1.011
P0033,2025-02-01,Home & Living,Kitchen,570.75,321.83,0.4361,2,0.9,1.2135524440334569,1.158
P0033,2025-03-01,Home & Living,Kitchen,570.75,321.83,0.4361,3,1.0,1.2317557306939584,1.355
P0033,2025-04-01,Home & Living,Kitchen,570.75,321.83,0.4361,4,1.0,1.2502320666543678,1.492
P0033,2025-05-01,Home & Living,Kitchen,570.75,321.83,0.4361,5,1.0,1.2689855476541831,1.549
P0033,2025-06-01,Home & Living,Kitchen,570.75,321.83,0.4361,6,1.1,1.2880203308689957,1.256
P0033,2025-07-01,Home & Living,Kitchen,570.75,321.83,0.4361,7,1.08,1.3073406358320305,1.45
P0033,2025-08-01,Home & Living,Kitchen,570.75,321.83,0.4361,8,1.0,1.3269507453695109,0.981
P0033,2025-09-01,Home & Living,Kitchen,570.75,321.83,0.4361,9,1.0,1.3468550065500535,1.474
P0033,2025-10-01,Home & Living,Kitchen,570.75,321.83,0.4361,10,1.3,1.3670578316483042,2.206
P0033,2025-11-01,Home & Living,Kitchen,570.75,321.83,0.4361,11,1.42,1.3875636991230285,2.092
P0033,2025-12-01,Home & Living,Kitchen,570.75,321.83,0.4361,12,1.5,1.4083771546098738,2.342
P0033,2026-01-01,Home & Living,Kitchen,570.75,321.83,0.4361,1,0.88,1.4295028119290218,1.338
P0033,2026-02-01,Home & Living,Kitchen,570.75,321.83,0.4361,2,0.9,1.4509453541079569,1.295
P0033,2026-03-01,Home & Living,Kitchen,570.75,321.83,0.4361,3,1.0,1.4727095344195762,1.443
P0033,2026-04-01,Home & Living,Kitchen,570.75,321.83,0.4361,4,1.0,1.4948001774358697,1.498
P0033,2026-05-01,Home & Living,Kitchen,570.75,321.83,0.4361,5,1.0,1.5172221800974075,1.677
P0033,2026-06-01,Home & Living,Kitchen,570.75,321.83,0.4361,6,1.1,1.5399805127988686,1.458
P0033,2026-07-01,Home & Living,Kitchen,570.75,321.83,0.4361,7,1.08,1.5630802204908514,1.881
P0033,2026-08-01,Home & Living,Kitchen,570.75,321.83,0.4361,8,1.0,1.586526423798214,2.094
P0033,2026-09-01,Home & Living,Kitchen,570.75,321.83,0.4361,9,1.0,1.6103243201551871,1.642
P0034,2024-01-01,Home & Living,Kitchen,2172.29,1464.23,0.326,1,0.88,1.0,0.954
P0034,2024-02-01,Home & Living,Kitchen,2172.29,1464.23,0.326,2,0.9,1.015,0.943
P0034,2024-03-01,Home & Living,Kitchen,2172.29,1464.23,0.326,3,1.0,1.0302249999999997,0.953
P0034,2024-04-01,Home & Living,Kitchen,2172.29,1464.23,0.326,4,1.0,1.0456783749999996,1.062
P0034,2024-05-01,Home & Living,Kitchen,2172.29,1464.23,0.326,5,1.0,1.0613635506249997,1.029
P0034,2024-06-01,Home & Living,Kitchen,2172.29,1464.23,0.326,6,1.1,1.0772840038843745,1.354
P0034,2024-07-01,Home & Living,Kitchen,2172.29,1464.23,0.326,7,1.08,1.09344326394264,0.975
P0034,2024-08-01,Home & Living,Kitchen,2172.29,1464.23,0.326,8,1.0,1.1098449129017796,1.115
P0034,2024-09-01,Home & Living,Kitchen,2172.29,1464.23,0.326,9,1.0,1.1264925865953062,1.228
P0034,2024-10-01,Home & Living,Kitchen,2172.29,1464.23,0.326,10,1.3,1.1433899753942356,1.388
P0034,2024-11-01,Home & Living,Kitchen,2172.29,1464.23,0.326,11,1.42,1.160540825025149,1.59
P0034,2024-12-01,Home & Living,Kitchen,2172.29,1464.23,0.326,12,1.5,1.177948937400526,1.579
P0034,2025-01-01,Home & Living,Kitchen,2172.29,1464.23,0.326,1,0.88,1.195618171461534,1.143
P0034,2025-02-01,Home & Living,Kitchen,2172.29,1464.23,0.326,2,0.9,1.2135524440334569,1.037
P0034,2025-03-01,Home & Living,Kitchen,2172.29,1464.23,0.326,3,1.0,1.2317557306939584,1.266
P0034,2025-04-01,Home & Living,Kitchen,2172.29,1464.23,0.326,4,1.0,1.2502320666543678,1.07
P0034,2025-05-01,Home & Living,Kitchen,2172.29,1464.23,0.326,5,1.0,1.2689855476541831,1.585
P0034,2025-06-01,Home & Living,Kitchen,2172.29,1464.23,0.326,6,1.1,1.2880203308689957,1.021
P0034,2025-07-01,Home & Living,Kitchen,2172.29,1464.23,0.326,7,1.08,1.3073406358320305,1.324
P0034,2025-08-01,Home & Living,Kitchen,2172.29,1464.23,0.326,8,1.0,1.3269507453695109,1.519
P0034,2025-09-01,Home & Living,Kitchen,2172.29,1464.23,0.326,9,1.0,1.3468550065500535,1.018
P0034,2025-10-01,Home & Living,Kitchen,2172.29,1464.23,0.326,10,1.3,1.3670578316483042,2.284
P0034,2025-11-01,Home & Living,Kitchen,2172.29,1464.23,0.326,11,1.42,1.3875636991230285,1.557
P0034,2025-12-01,Home & Living,Kitchen,2172.29,1464.23,0.326,12,1.5,1.4083771546098738,2.249
P0034,2026-01-01,Home & Living,Kitchen,2172.29,1464.23,0.326,1,0.88,1.4295028119290218,1.27
P0034,2026-02-01,Home & Living,Kitchen,2172.29,1464.23,0.326,2,0.9,1.4509453541079569,1.443
P0034,2026-03-01,Home & Living,Kitchen,2172.29,1464.23,0.326,3,1.0,1.4727095344195762,1.48
P0034,2026-04-01,Home & Living,Kitchen,2172.29,1464.23,0.326,4,1.0,1.4948001774358697,1.228
P0034,2026-05-01,Home & Living,Kitchen,2172.29,1464.23,0.326,5,1.0,1.5172221800974075,1.647
P0034,2026-06-01,Home & Living,Kitchen,2172.29,1464.23,0.326,6,1.1,1.5399805127988686,1.74
P0034,2026-07-01,Home & Living,Kitchen,2172.29,1464.23,0.326,7,1.08,1.5630802204908514,1.849
P0034,2026-08-01,Home & Living,Kitchen,2172.29,1464.23,0.326,8,1.0,1.586526423798214,1.824
P0034,2026-09-01,Home & Living,Kitchen,2172.29,1464.23,0.326,9,1.0,1.6103243201551871,1.445
P0035,2024-01-01,Home & Living,Kitchen,2805.04,2250.71,0.1976,1,0.88,1.0,0.882
P0035,2024-02-01,Home & Living,Kitchen,2805.04,2250.71,0.1976,2,0.9,1.015,0.98
P0035,2024-03-01,Home & Living,Kitchen,2805.04,2250.71,0.1976,3,1.0,1.0302249999999997,1.081
P0035,2024-04-01,Home & Living,Kitchen,2805.04,2250.71,0.1976,4,1.0,1.0456783749999996,0.965
P0035,2024-05-01,Home & Living,Kitchen,2805.04,2250.71,0.1976,5,1.0,1.0613635506249997,1.045
P0035,2024-06-01,Home & Living,Kitchen,2805.04,2250.71,0.1976,6,1.1,1.0772840038843745,1.203
P0035,2024-07-01,Home & Living,Kitchen,2805.04,2250.71,0.1976,7,1.08,1.09344326394264,1.344
P0035,2024-08-01,Home & Living,Kitchen,2805.04,2250.71,0.1976,8,1.0,1.1098449129017796,1.07
P0035,2024-09-01,Home & Living,Kitchen,2805.04,2250.71,0.1976,9,1.0,1.1264925865953062,1.118
P0035,2024-10-01,Home & Living,Kitchen,2805.04,2250.71,0.1976,10,1.3,1.1433899753942356,1.457
P0035,2024-11-01,Home & Living,Kitchen,2805.04,2250.71,0.1976,11,1.42,1.160540825025149,1.879
P0035,2024-12-01,Home & Living,Kitchen,2805.04,2250.71,0.1976,12,1.5,1.177948937400526,1.793
P0035,2025-01-01,Home & Living,Kitchen,2805.04,2250.71,0.1976,1,0.88,1.195618171461534,1.154
P0035,2025-02-01,Home & Living,Kitchen,2805.04,2250.71,0.1976,2,0.9,1.2135524440334569,1.024
P0035,2025-03-01,Home & Living,Kitchen,2805.04,2250.71,0.1976,3,1.0,1.2317557306939584,1.557
P0035,2025-04-01,Home & Living,Kitchen,2805.04,2250.71,0.1976,4,1.0,1.2502320666543678,1.193
P0035,2025-05-01,Home & Living,Kitchen,2805.04,2250.71,0.1976,5,1.0,1.2689855476541831,1.185
P0035,2025-06-01,Home & Living,Kitchen,2805.04,2250.71,0.1976,6,1.1,1.2880203308689957,1.348
P0035,2025-07-01,Home & Living,Kitchen,2805.04,2250.71,0.1976,7,1.08,1.3073406358320305,1.37
P0035,2025-08-01,Home & Living,Kitchen,2805.04,2250.71,0.1976,8,1.0,1.3269507453695109,1.461
P0035,2025-09-01,Home & Living,Kitchen,2805.04,2250.71,0.1976,9,1.0,1.3468550065500535,1.443
P0035,2025-10-01,Home & Living,Kitchen,2805.04,2250.71,0.1976,10,1.3,1.3670578316483042,1.936
P0035,2025-11-01,Home & Living,Kitchen,2805.04,2250.71,0.1976,11,1.42,1.3875636991230285,1.794
P0035,2025-12-01,Home & Living,Kitchen,2805.04,2250.71,0.1976,12,1.5,1.4083771546098738,2.185
P0035,2026-01-01,Home & Living,Kitchen,2805.04,2250.71,0.1976,1,0.88,1.4295028119290218,1.132
P0035,2026-02-01,Home & Living,Kitchen,2805.04,2250.71,0.1976,2,0.9,1.4509453541079569,1.281
P0035,2026-03-01,Home & Living,Kitchen,2805.04,2250.71,0.1976,3,1.0,1.4727095344195762,1.241
P0035,2026-04-01,Home & Living,Kitchen,2805.04,2250.71,0.1976,4,1.0,1.4948001774358697,1.357
P0035,2026-05-01,Home & Living,Kitchen,2805.04,2250.71,0.1976,5,1.0,1.5172221800974075,1.47
P0035,2026-06-01,Home & Living,Kitchen,2805.04,2250.71,0.1976,6,1.1,1.5399805127988686,1.852
P0035,2026-07-01,Home & Living,Kitchen,2805.04,2250.71,0.1976,7,1.08,1.5630802204908514,1.377
P0035,2026-08-01,Home & Living,Kitchen,2805.04,2250.71,0.1976,8,1.0,1.586526423798214,1.439
P0035,2026-09-01,Home & Living,Kitchen,2805.04,2250.71,0.1976,9,1.0,1.6103243201551871,1.574
P0036,2024-01-01,Home & Living,Kitchen,3991.24,2398.69,0.399,1,0.88,1.0,0.887
P0036,2024-02-01,Home & Living,Kitchen,3991.24,2398.69,0.399,2,0.9,1.015,0.937
P0036,2024-03-01,Home & Living,Kitchen,3991.24,2398.69,0.399,3,1.0,1.0302249999999997,1.038
P0036,2024-04-01,Home & Living,Kitchen,3991.24,2398.69,0.399,4,1.0,1.0456783749999996,1.124
P0036,2024-05-01,Home & Living,Kitchen,3991.24,2398.69,0.399,5,1.0,1.0613635506249997,1.25
P0036,2024-06-01,Home & Living,Kitchen,3991.24,2398.69,0.399,6,1.1,1.0772840038843745,1.334
P0036,2024-07-01,Home & Living,Kitchen,3991.24,2398.69,0.399,7,1.08,1.09344326394264,1.268
P0036,2024-08-01,Home & Living,Kitchen,3991.24,2398.69,0.399,8,1.0,1.1098449129017796,1.374
P0036,2024-09-01,Home & Living,Kitchen,3991.24,2398.69,0.399,9,1.0,1.1264925865953062,1.293
P0036,2024-10-01,Home & Living,Kitchen,3991.24,2398.69,0.399,10,1.3,1.1433899753942356,1.618
P0036,2024-11-01,Home & Living,Kitchen,3991.24,2398.69,0.399,11,1.42,1.160540825025149,1.423
P0036,2024-12-01,Home & Living,Kitchen,3991.24,2398.69,0.399,12,1.5,1.177948937400526,1.884
P0036,2025-01-01,Home & Living,Kitchen,3991.24,2398.69,0.399,1,0.88,1.195618171461534,1.129
P0036,2025-02-01,Home & Living,Kitchen,3991.24,2398.69,0.399,2,0.9,1.2135524440334569,1.245
P0036,2025-03-01,Home & Living,Kitchen,3991.24,2398.69,0.399,3,1.0,1.2317557306939584,1.145
P0036,2025-04-01,Home & Living,Kitchen,3991.24,2398.69,0.399,4,1.0,1.2502320666543678,1.172
P0036,2025-05-01,Home & Living,Kitchen,3991.24,2398.69,0.399,5,1.0,1.2689855476541831,0.927
P0036,2025-06-01,Home & Living,Kitchen,3991.24,2398.69,0.399,6,1.1,1.2880203308689957,1.539
P0036,2025-07-01,Home & Living,Kitchen,3991.24,2398.69,0.399,7,1.08,1.3073406358320305,1.252
P0036,2025-08-01,Home & Living,Kitchen,3991.24,2398.69,0.399,8,1.0,1.3269507453695109,1.217
P0036,2025-09-01,Home & Living,Kitchen,3991.24,2398.69,0.399,9,1.0,1.3468550065500535,1.072
P0036,2025-10-01,Home & Living,Kitchen,3991.24,2398.69,0.399,10,1.3,1.3670578316483042,1.713
P0036,2025-11-01,Home & Living,Kitchen,3991.24,2398.69,0.399,11,1.42,1.3875636991230285,1.545
P0036,2025-12-01,Home & Living,Kitchen,3991.24,2398.69,0.399,12,1.5,1.4083771546098738,2.618
P0036,2026-01-01,Home & Living,Kitchen,3991.24,2398.69,0.399,1,0.88,1.4295028119290218,1.232
P0036,2026-02-01,Home & Living,Kitchen,3991.24,2398.69,0.399,2,0.9,1.4509453541079569,1.485
P0036,2026-03-01,Home & Living,Kitchen,3991.24,2398.69,0.399,3,1.0,1.4727095344195762,1.95
P0036,2026-04-01,Home & Living,Kitchen,3991.24,2398.69,0.399,4,1.0,1.4948001774358697,1.377
P0036,2026-05-01,Home & Living,Kitchen,3991.24,2398.69,0.399,5,1.0,1.5172221800974075,1.387
P0036,2026-06-01,Home & Living,Kitchen,3991.24,2398.69,0.399,6,1.1,1.5399805127988686,1.42
P0036,2026-07-01,Home & Living,Kitchen,3991.24,2398.69,0.399,7,1.08,1.5630802204908514,1.664
P0036,2026-08-01,Home & Living,Kitchen,3991.24,2398.69,0.399,8,1.0,1.586526423798214,1.424
P0036,2026-09-01,Home & Living,Kitchen,3991.24,2398.69,0.399,9,1.0,1.6103243201551871,1.92
P0037,2024-01-01,Home & Living,Kitchen,2089.93,1226.68,0.4131,1,0.88,1.0,0.871
P0037,2024-02-01,Home & Living,Kitchen,2089.93,1226.68,0.4131,2,0.9,1.015,0.928
P0037,2024-03-01,Home & Living,Kitchen,2089.93,1226.68,0.4131,3,1.0,1.0302249999999997,1.168
P0037,2024-04-01,Home & Living,Kitchen,2089.93,1226.68,0.4131,4,1.0,1.0456783749999996,1.014
P0037,2024-05-01,Home & Living,Kitchen,2089.93,1226.68,0.4131,5,1.0,1.0613635506249997,1.188
P0037,2024-06-01,Home & Living,Kitchen,2089.93,1226.68,0.4131,6,1.1,1.0772840038843745,1.233
P0037,2024-07-01,Home & Living,Kitchen,2089.93,1226.68,0.4131,7,1.08,1.09344326394264,1.379
P0037,2024-08-01,Home & Living,Kitchen,2089.93,1226.68,0.4131,8,1.0,1.1098449129017796,1.136
P0037,2024-09-01,Home & Living,Kitchen,2089.93,1226.68,0.4131,9,1.0,1.1264925865953062,1.218
P0037,2024-10-01,Home & Living,Kitchen,2089.93,1226.68,0.4131,10,1.3,1.1433899753942356,1.506
P0037,2024-11-01,Home & Living,Kitchen,2089.93,1226.68,0.4131,11,1.42,1.160540825025149,1.674
P0037,2024-12-01,Home & Living,Kitchen,2089.93,1226.68,0.4131,12,1.5,1.177948937400526,1.787
P0037,2025-01-01,Home & Living,Kitchen,2089.93,1226.68,0.4131,1,0.88,1.195618171461534,1.025
P0037,2025-02-01,Home & Living,Kitchen,2089.93,1226.68,0.4131,2,0.9,1.2135524440334569,1.091
P0037,2025-03-01,Home & Living,Kitchen,2089.93,1226.68,0.4131,3,1.0,1.2317557306939584,1.349
P0037,2025-04-01,Home & Living,Kitchen,2089.93,1226.68,0.4131,4,1.0,1.2502320666543678,1.325
P0037,2025-05-01,Home & Living,Kitchen,2089.93,1226.68,0.4131,5,1.0,1.2689855476541831,1.267
P0037,2025-06-01,Home & Living,Kitchen,2089.93,1226.68,0.4131,6,1.1,1.2880203308689957,1.539
P0037,2025-07-01,Home & Living,Kitchen,2089.93,1226.68,0.4131,7,1.08,1.3073406358320305,1.36
P0037,2025-08-01,Home & Living,Kitchen,2089.93,1226.68,0.4131,8,1.0,1.3269507453695109,1.555
P0037,2025-09-01,Home & Living,Kitchen,2089.93,1226.68,0.4131,9,1.0,1.3468550065500535,1.398
P0037,2025-10-01,Home & Living,Kitchen,2089.93,1226.68,0.4131,10,1.3,1.3670578316483042,2.063
P0037,2025-11-01,Home & Living,Kitchen,2089.93,1226.68,0.4131,11,1.42,1.3875636991230285,1.677
P0037,2025-12-01,Home & Living,Kitchen,2089.93,1226.68,0.4131,12,1.5,1.4083771546098738,2.405
P0037,2026-01-01,Home & Living,Kitchen,2089.93,1226.68,0.4131,1,0.88,1.4295028119290218,1.304
P0037,2026-02-01,Home & Living,Kitchen,2089.93,1226.68,0.4131,2,0.9,1.4509453541079569,1.21
P0037,2026-03-01,Home & Living,Kitchen,2089.93,1226.68,0.4131,3,1.0,1.4727095344195762,1.249
P0037,2026-04-01,Home & Living,Kitchen,2089.93,1226.68,0.4131,4,1.0,1.4948001774358697,1.759
P0037,2026-05-01,Home & Living,Kitchen,2089.93,1226.68,0.4131,5,1.0,1.5172221800974075,1.509
P0037,2026-06-01,Home & Living,Kitchen,2089.93,1226.68,0.4131,6,1.1,1.5399805127988686,1.686
P0037,2026-07-01,Home & Living,Kitchen,2089.93,1226.68,0.4131,7,1.08,1.5630802204908514,2.112
P0037,2026-08-01,Home & Living,Kitchen,2089.93,1226.68,0.4131,8,1.0,1.586526423798214,1.479
P0037,2026-09-01,Home & Living,Kitchen,2089.93,1226.68,0.4131,9,1.0,1.6103243201551871,1.591
P0038,2024-01-01,Home & Living,Kitchen,2291.46,1624.45,0.2911,1,0.88,1.0,0.869
P0038,2024-02-01,Home & Living,Kitchen,2291.46,1624.45,0.2911,2,0.9,1.015,0.815
P0038,2024-03-01,Home & Living,Kitchen,2291.46,1624.45,0.2911,3,1.0,1.0302249999999997,0.911
P0038,2024-04-01,Home & Living,Kitchen,2291.46,1624.45,0.2911,4,1.0,1.0456783749999996,0.921
P0038,2024-05-01,Home & Living,Kitchen,2291.46,1624.45,0.2911,5,1.0,1.0613635506249997,1.099
P0038,2024-06-01,Home & Living,Kitchen,2291.46,1624.45,0.2911,6,1.1,1.0772840038843745,1.352
P0038,2024-07-01,Home & Living,Kitchen,2291.46,1624.45,0.2911,7,1.08,1.09344326394264,1.084
P0038,2024-08-01,Home & Living,Kitchen,2291.46,1624.45,0.2911,8,1.0,1.1098449129017796,1.154
P0038,2024-09-01,Home & Living,Kitchen,2291.46,1624.45,0.2911,9,1.0,1.1264925865953062,1.075
P0038,2024-10-01,Home & Living,Kitchen,2291.46,1624.45,0.2911,10,1.3,1.1433899753942356,1.269
P0038,2024-11-01,Home & Living,Kitchen,2291.46,1624.45,0.2911,11,1.42,1.160540825025149,1.82
P0038,2024-12-01,Home & Living,Kitchen,2291.46,1624.45,0.2911,12,1.5,1.177948937400526,2.249
P0038,2025-01-01,Home & Living,Kitchen,2291.46,1624.45,0.2911,1,0.88,1.195618171461534,0.877
P0038,2025-02-01,Home & Living,Kitchen,2291.46,1624.45,0.2911,2,0.9,1.2135524440334569,1.186
P0038,2025-03-01,Home & Living,Kitchen,2291.46,1624.45,0.2911,3,1.0,1.2317557306939584,1.272
P0038,2025-04-01,Home & Living,Kitchen,2291.46,1624.45,0.2911,4,1.0,1.2502320666543678,1.286
P0038,2025-05-01,Home & Living,Kitchen,2291.46,1624.45,0.2911,5,1.0,1.2689855476541831,1.325
P0038,2025-06-01,Home & Living,Kitchen,2291.46,1624.45,0.2911,6,1.1,1.2880203308689957,1.228
P0038,2025-07-01,Home & Living,Kitchen,2291.46,1624.45,0.2911,7,1.08,1.3073406358320305,1.371
P0038,2025-08-01,Home & Living,Kitchen,2291.46,1624.45,0.2911,8,1.0,1.3269507453695109,1.736
P0038,2025-09-01,Home & Living,Kitchen,2291.46,1624.45,0.2911,9,1.0,1.3468550065500535,1.39
P0038,2025-10-01,Home & Living,Kitchen,2291.46,1624.45,0.2911,10,1.3,1.3670578316483042,1.614
P0038,2025-11-01,Home & Living,Kitchen,2291.46,1624.45,0.2911,11,1.42,1.3875636991230285,2.062
P0038,2025-12-01,Home & Living,Kitchen,2291.46,1624.45,0.2911,12,1.5,1.4083771546098738,1.627
P0038,2026-01-01,Home & Living,Kitchen,2291.46,1624.45,0.2911,1,0.88,1.4295028119290218,1.561
P0038,2026-02-01,Home & Living,Kitchen,2291.46,1624.45,0.2911,2,0.9,1.4509453541079569,1.415
P0038,2026-03-01,Home & Living,Kitchen,2291.46,1624.45,0.2911,3,1.0,1.4727095344195762,1.3
P0038,2026-04-01,Home & Living,Kitchen,2291.46,1624.45,0.2911,4,1.0,1.4948001774358697,1.725
P0038,2026-05-01,Home & Living,Kitchen,2291.46,1624.45,0.2911,5,1.0,1.5172221800974075,1.405
P0038,2026-06-01,Home & Living,Kitchen,2291.46,1624.45,0.2911,6,1.1,1.5399805127988686,1.886
P0038,2026-07-01,Home & Living,Kitchen,2291.46,1624.45,0.2911,7,1.08,1.5630802204908514,1.615
P0038,2026-08-01,Home & Living,Kitchen,2291.46,1624.45,0.2911,8,1.0,1.586526423798214,1.788
P0038,2026-09-01,Home & Living,Kitchen,2291.46,1624.45,0.2911,9,1.0,1.6103243201551871,1.394
P0039,2024-01-01,Home & Living,Kitchen,485.18,330.98,0.3178,1,0.88,1.0,0.765
P0039,2024-02-01,Home & Living,Kitchen,485.18,330.98,0.3178,2,0.9,1.015,0.738
P0039,2024-03-01,Home & Living,Kitchen,485.18,330.98,0.3178,3,1.0,1.0302249999999997,1.107
P0039,2024-04-01,Home & Living,Kitchen,485.18,330.98,0.3178,4,1.0,1.0456783749999996,1.164
P0039,2024-05-01,Home & Living,Kitchen,485.18,330.98,0.3178,5,1.0,1.0613635506249997,1.031
P0039,2024-06-01,Home & Living,Kitchen,485.18,330.98,0.3178,6,1.1,1.0772840038843745,1.102
P0039,2024-07-01,Home & Living,Kitchen,485.18,330.98,0.3178,7,1.08,1.09344326394264,1.078
P0039,2024-08-01,Home & Living,Kitchen,485.18,330.98,0.3178,8,1.0,1.1098449129017796,1.016
P0039,2024-09-01,Home & Living,Kitchen,485.18,330.98,0.3178,9,1.0,1.1264925865953062,1.22
P0039,2024-10-01,Home & Living,Kitchen,485.18,330.98,0.3178,10,1.3,1.1433899753942356,1.505
P0039,2024-11-01,Home & Living,Kitchen,485.18,330.98,0.3178,11,1.42,1.160540825025149,1.661
P0039,2024-12-01,Home & Living,Kitchen,485.18,330.98,0.3178,12,1.5,1.177948937400526,2.14
P0039,2025-01-01,Home & Living,Kitchen,485.18,330.98,0.3178,1,0.88,1.195618171461534,1.025
P0039,2025-02-01,Home & Living,Kitchen,485.18,330.98,0.3178,2,0.9,1.2135524440334569,1.154
P0039,2025-03-01,Home & Living,Kitchen,485.18,330.98,0.3178,3,1.0,1.2317557306939584,1.167
P0039,2025-04-01,Home & Living,Kitchen,485.18,330.98,0.3178,4,1.0,1.2502320666543678,1.433
P0039,2025-05-01,Home & Living,Kitchen,485.18,330.98,0.3178,5,1.0,1.2689855476541831,1.181
P0039,2025-06-01,Home & Living,Kitchen,485.18,330.98,0.3178,6,1.1,1.2880203308689957,1.048
P0039,2025-07-01,Home & Living,Kitchen,485.18,330.98,0.3178,7,1.08,1.3073406358320305,1.469
P0039,2025-08-01,Home & Living,Kitchen,485.18,330.98,0.3178,8,1.0,1.3269507453695109,1.509
P0039,2025-09-01,Home & Living,Kitchen,485.18,330.98,0.3178,9,1.0,1.3468550065500535,1.269
P0039,2025-10-01,Home & Living,Kitchen,485.18,330.98,0.3178,10,1.3,1.3670578316483042,2.028
P0039,2025-11-01,Home & Living,Kitchen,485.18,330.98,0.3178,11,1.42,1.3875636991230285,2.279
P0039,2025-12-01,Home & Living,Kitchen,485.18,330.98,0.3178,12,1.5,1.4083771546098738,2.148
P0039,2026-01-01,Home & Living,Kitchen,485.18,330.98,0.3178,1,0.88,1.4295028119290218,1.501
P0039,2026-02-01,Home & Living,Kitchen,485.18,330.98,0.3178,2,0.9,1.4509453541079569,1.142
P0039,2026-03-01,Home & Living,Kitchen,485.18,330.98,0.3178,3,1.0,1.4727095344195762,1.388
P0039,2026-04-01,Home & Living,Kitchen,485.18,330.98,0.3178,4,1.0,1.4948001774358697,1.461
P0039,2026-05-01,Home & Living,Kitchen,485.18,330.98,0.3178,5,1.0,1.5172221800974075,1.435
P0039,2026-06-01,Home & Living,Kitchen,485.18,330.98,0.3178,6,1.1,1.5399805127988686,1.463
P0039,2026-07-01,Home & Living,Kitchen,485.18,330.98,0.3178,7,1.08,1.5630802204908514,1.808
P0039,2026-08-01,Home & Living,Kitchen,485.18,330.98,0.3178,8,1.0,1.586526423798214,1.521
P0039,2026-09-01,Home & Living,Kitchen,485.18,330.98,0.3178,9,1.0,1.6103243201551871,1.468
P0040,2024-01-01,Home & Living,Kitchen,2356.15,1498.31,0.3641,1,0.88,1.0,0.877
P0040,2024-02-01,Home & Living,Kitchen,2356.15,1498.31,0.3641,2,0.9,1.015,0.807
P0040,2024-03-01,Home & Living,Kitchen,2356.15,1498.31,0.3641,3,1.0,1.0302249999999997,1.16
P0040,2024-04-01,Home & Living,Kitchen,2356.15,1498.31,0.3641,4,1.0,1.0456783749999996,1.152
P0040,2024-05-01,Home & Living,Kitchen,2356.15,1498.31,0.3641,5,1.0,1.0613635506249997,0.869
P0040,2024-06-01,Home & Living,Kitchen,2356.15,1498.31,0.3641,6,1.1,1.0772840038843745,1.19
P0040,2024-07-01,Home & Living,Kitchen,2356.15,1498.31,0.3641,7,1.08,1.09344326394264,1.18
P0040,2024-08-01,Home & Living,Kitchen,2356.15,1498.31,0.3641,8,1.0,1.1098449129017796,0.971
P0040,2024-09-01,Home & Living,Kitchen,2356.15,1498.31,0.3641,9,1.0,1.1264925865953062,1.184
P0040,2024-10-01,Home & Living,Kitchen,2356.15,1498.31,0.3641,10,1.3,1.1433899753942356,1.447
P0040,2024-11-01,Home & Living,Kitchen,2356.15,1498.31,0.3641,11,1.42,1.160540825025149,1.91
P0040,2024-12-01,Home & Living,Kitchen,2356.15,1498.31,0.3641,12,1.5,1.177948937400526,1.804
P0040,2025-01-01,Home & Living,Kitchen,2356.15,1498.31,0.3641,1,0.88,1.195618171461534,0.964
P0040,2025-02-01,Home & Living,Kitchen,2356.15,1498.31,0.3641,2,0.9,1.2135524440334569,0.984
P0040,2025-03-01,Home & Living,Kitchen,2356.15,1498.31,0.3641,3,1.0,1.2317557306939584,1.322
P0040,2025-04-01,Home & Living,Kitchen,2356.15,1498.31,0.3641,4,1.0,1.2502320666543678,1.594
P0040,2025-05-01,Home & Living,Kitchen,2356.15,1498.31,0.3641,5,1.0,1.2689855476541831,0.956
P0040,2025-06-01,Home & Living,Kitchen,2356.15,1498.31,0.3641,6,1.1,1.2880203308689957,1.883
P0040,2025-07-01,Home & Living,Kitchen,2356.15,1498.31,0.3641,7,1.08,1.3073406358320305,1.289
P0040,2025-08-01,Home & Living,Kitchen,2356.15,1498.31,0.3641,8,1.0,1.3269507453695109,1.509
P0040,2025-09-01,Home & Living,Kitchen,2356.15,1498.31,0.3641,9,1.0,1.3468550065500535,1.513
P0040,2025-10-01,Home & Living,Kitchen,2356.15,1498.31,0.3641,10,1.3,1.3670578316483042,1.624
P0040,2025-11-01,Home & Living,Kitchen,2356.15,1498.31,0.3641,11,1.42,1.3875636991230285,1.776
P0040,2025-12-01,Home & Living,Kitchen,2356.15,1498.31,0.3641,12,1.5,1.4083771546098738,2.121
P0040,2026-01-01,Home & Living,Kitchen,2356.15,1498.31,0.3641,1,0.88,1.4295028119290218,1.276
P0040,2026-02-01,Home & Living,Kitchen,2356.15,1498.31,0.3641,2,0.9,1.4509453541079569,1.17
P0040,2026-03-01,Home & Living,Kitchen,2356.15,1498.31,0.3641,3,1.0,1.4727095344195762,1.439
P0040,2026-04-01,Home & Living,Kitchen,2356.15,1498.31,0.3641,4,1.0,1.4948001774358697,1.58
P0040,2026-05-01,Home & Living,Kitchen,2356.15,1498.31,0.3641,5,1.0,1.5172221800974075,1.651
P0040,2026-06-01,Home & Living,Kitchen,2356.15,1498.31,0.3641,6,1.1,1.5399805127988686,1.778
P0040,2026-07-01,Home & Living,Kitchen,2356.15,1498.31,0.3641,7,1.08,1.5630802204908514,1.549
P0040,2026-08-01,Home & Living,Kitchen,2356.15,1498.31,0.3641,8,1.0,1.586526423798214,1.444
P0040,2026-09-01,Home & Living,Kitchen,2356.15,1498.31,0.3641,9,1.0,1.6103243201551871,1.811
P0041,2024-01-01,Home & Living,Home Decor,208.22,138.37,0.3355,1,0.88,1.0,1.025
P0041,2024-02-01,Home & Living,Home Decor,208.22,138.37,0.3355,2,0.9,1.015,1.062
P0041,2024-03-01,Home & Living,Home Decor,208.22,138.37,0.3355,3,1.0,1.0302249999999997,0.917
P0041,2024-04-01,Home & Living,Home Decor,208.22,138.37,0.3355,4,1.0,1.0456783749999996,1.083
P0041,2024-05-01,Home & Living,Home Decor,208.22,138.37,0.3355,5,1.0,1.0613635506249997,1.119
P0041,2024-06-01,Home & Living,Home Decor,208.22,138.37,0.3355,6,1.1,1.0772840038843745,1.179
P0041,2024-07-01,Home & Living,Home Decor,208.22,138.37,0.3355,7,1.08,1.09344326394264,1.018
P0041,2024-08-01,Home & Living,Home Decor,208.22,138.37,0.3355,8,1.0,1.1098449129017796,0.974
P0041,2024-09-01,Home & Living,Home Decor,208.22,138.37,0.3355,9,1.0,1.1264925865953062,1.216
P0041,2024-10-01,Home & Living,Home Decor,208.22,138.37,0.3355,10,1.3,1.1433899753942356,1.265
P0041,2024-11-01,Home & Living,Home Decor,208.22,138.37,0.3355,11,1.42,1.160540825025149,2.225
P0041,2024-12-01,Home & Living,Home Decor,208.22,138.37,0.3355,12,1.5,1.177948937400526,2.172
P0041,2025-01-01,Home & Living,Home Decor,208.22,138.37,0.3355,1,0.88,1.195618171461534,1.0
P0041,2025-02-01,Home & Living,Home Decor,208.22,138.37,0.3355,2,0.9,1.2135524440334569,1.26
P0041,2025-03-01,Home & Living,Home Decor,208.22,138.37,0.3355,3,1.0,1.2317557306939584,1.205
P0041,2025-04-01,Home & Living,Home Decor,208.22,138.37,0.3355,4,1.0,1.2502320666543678,1.237
P0041,2025-05-01,Home & Living,Home Decor,208.22,138.37,0.3355,5,1.0,1.2689855476541831,1.191
P0041,2025-06-01,Home & Living,Home Decor,208.22,138.37,0.3355,6,1.1,1.2880203308689957,1.459
P0041,2025-07-01,Home & Living,Home Decor,208.22,138.37,0.3355,7,1.08,1.3073406358320305,1.291
P0041,2025-08-01,Home & Living,Home Decor,208.22,138.37,0.3355,8,1.0,1.3269507453695109,1.095
P0041,2025-09-01,Home & Living,Home Decor,208.22,138.37,0.3355,9,1.0,1.3468550065500535,1.528
P0041,2025-10-01,Home & Living,Home Decor,208.22,138.37,0.3355,10,1.3,1.3670578316483042,1.918
P0041,2025-11-01,Home & Living,Home Decor,208.22,138.37,0.3355,11,1.42,1.3875636991230285,2.428
P0041,2025-12-01,Home & Living,Home Decor,208.22,138.37,0.3355,12,1.5,1.4083771546098738,2.034
P0041,2026-01-01,Home & Living,Home Decor,208.22,138.37,0.3355,1,0.88,1.4295028119290218,1.332
P0041,2026-02-01,Home & Living,Home Decor,208.22,138.37,0.3355,2,0.9,1.4509453541079569,1.379
P0041,2026-03-01,Home & Living,Home Decor,208.22,138.37,0.3355,3,1.0,1.4727095344195762,1.201
P0041,2026-04-01,Home & Living,Home Decor,208.22,138.37,0.3355,4,1.0,1.4948001774358697,1.555
P0041,2026-05-01,Home & Living,Home Decor,208.22,138.37,0.3355,5,1.0,1.5172221800974075,1.364
P0041,2026-06-01,Home & Living,Home Decor,208.22,138.37,0.3355,6,1.1,1.5399805127988686,1.553
P0041,2026-07-01,Home & Living,Home Decor,208.22,138.37,0.3355,7,1.08,1.5630802204908514,1.856
P0041,2026-08-01,Home & Living,Home Decor,208.22,138.37,0.3355,8,1.0,1.586526423798214,1.611
P0041,2026-09-01,Home & Living,Home Decor,208.22,138.37,0.3355,9,1.0,1.6103243201551871,1.54
P0042,2024-01-01,Home & Living,Home Decor,3114.6,2268.78,0.2716,1,0.88,1.0,0.989
P0042,2024-02-01,Home & Living,Home Decor,3114.6,2268.78,0.2716,2,0.9,1.015,0.863
P0042,2024-03-01,Home & Living,Home Decor,3114.6,2268.78,0.2716,3,1.0,1.0302249999999997,1.042
P0042,2024-04-01,Home & Living,Home Decor,3114.6,2268.78,0.2716,4,1.0,1.0456783749999996,0.872
P0042,2024-05-01,Home & Living,Home Decor,3114.6,2268.78,0.2716,5,1.0,1.0613635506249997,1.056
P0042,2024-06-01,Home & Living,Home Decor,3114.6,2268.78,0.2716,6,1.1,1.0772840038843745,1.265
P0042,2024-07-01,Home & Living,Home Decor,3114.6,2268.78,0.2716,7,1.08,1.09344326394264,1.066
P0042,2024-08-01,Home & Living,Home Decor,3114.6,2268.78,0.2716,8,1.0,1.1098449129017796,1.349
P0042,2024-09-01,Home & Living,Home Decor,3114.6,2268.78,0.2716,9,1.0,1.1264925865953062,0.994
P0042,2024-10-01,Home & Living,Home Decor,3114.6,2268.78,0.2716,10,1.3,1.1433899753942356,1.527
P0042,2024-11-01,Home & Living,Home Decor,3114.6,2268.78,0.2716,11,1.42,1.160540825025149,1.546
P0042,2024-12-01,Home & Living,Home Decor,3114.6,2268.78,0.2716,12,1.5,1.177948937400526,1.923
P0042,2025-01-01,Home & Living,Home Decor,3114.6,2268.78,0.2716,1,0.88,1.195618171461534,1.188
P0042,2025-02-01,Home & Living,Home Decor,3114.6,2268.78,0.2716,2,0.9,1.2135524440334569,1.061
P0042,2025-03-01,Home & Living,Home Decor,3114.6,2268.78,0.2716,3,1.0,1.2317557306939584,1.061
P0042,2025-04-01,Home & Living,Home Decor,3114.6,2268.78,0.2716,4,1.0,1.2502320666543678,1.349
P0042,2025-05-01,Home & Living,Home Decor,3114.6,2268.78,0.2716,5,1.0,1.2689855476541831,1.348
P0042,2025-06-01,Home & Living,Home Decor,3114.6,2268.78,0.2716,6,1.1,1.2880203308689957,1.595
P0042,2025-07-01,Home & Living,Home Decor,3114.6,2268.78,0.2716,7,1.08,1.3073406358320305,1.66
P0042,2025-08-01,Home & Living,Home Decor,3114.6,2268.78,0.2716,8,1.0,1.3269507453695109,1.824
P0042,2025-09-01,Home & Living,Home Decor,3114.6,2268.78,0.2716,9,1.0,1.3468550065500535,1.682
P0042,2025-10-01,Home & Living,Home Decor,3114.6,2268.78,0.2716,10,1.3,1.3670578316483042,2.02
P0042,2025-11-01,Home & Living,Home Decor,3114.6,2268.78,0.2716,11,1.42,1.3875636991230285,2.22
P0042,2025-12-01,Home & Living,Home Decor,3114.6,2268.78,0.2716,12,1.5,1.4083771546098738,2.194
P0042,2026-01-01,Home & Living,Home Decor,3114.6,2268.78,0.2716,1,0.88,1.4295028119290218,1.587
P0042,2026-02-01,Home & Living,Home Decor,3114.6,2268.78,0.2716,2,0.9,1.4509453541079569,1.567
P0042,2026-03-01,Home & Living,Home Decor,3114.6,2268.78,0.2716,3,1.0,1.4727095344195762,1.572
P0042,2026-04-01,Home & Living,Home Decor,3114.6,2268.78,0.2716,4,1.0,1.4948001774358697,1.382
P0042,2026-05-01,Home & Living,Home Decor,3114.6,2268.78,0.2716,5,1.0,1.5172221800974075,1.419
P0042,2026-06-01,Home & Living,Home Decor,3114.6,2268.78,0.2716,6,1.1,1.5399805127988686,1.719
P0042,2026-07-01,Home & Living,Home Decor,3114.6,2268.78,0.2716,7,1.08,1.5630802204908514,1.41
P0042,2026-08-01,Home & Living,Home Decor,3114.6,2268.78,0.2716,8,1.0,1.586526423798214,1.335
P0042,2026-09-01,Home & Living,Home Decor,3114.6,2268.78,0.2716,9,1.0,1.6103243201551871,1.936
P0043,2024-01-01,Home & Living,Home Decor,815.12,630.73,0.2262,1,0.88,1.0,1.055
P0043,2024-02-01,Home & Living,Home Decor,815.12,630.73,0.2262,2,0.9,1.015,0.954
P0043,2024-03-01,Home & Living,Home Decor,815.12,630.73,0.2262,3,1.0,1.0302249999999997,0.82
P0043,2024-04-01,Home & Living,Home Decor,815.12,630.73,0.2262,4,1.0,1.0456783749999996,0.944
P0043,2024-05-01,Home & Living,Home Decor,815.12,630.73,0.2262,5,1.0,1.0613635506249997,1.349
P0043,2024-06-01,Home & Living,Home Decor,815.12,630.73,0.2262,6,1.1,1.0772840038843745,0.962
P0043,2024-07-01,Home & Living,Home Decor,815.12,630.73,0.2262,7,1.08,1.09344326394264,1.339
P0043,2024-08-01,Home & Living,Home Decor,815.12,630.73,0.2262,8,1.0,1.1098449129017796,1.262
P0043,2024-09-01,Home & Living,Home Decor,815.12,630.73,0.2262,9,1.0,1.1264925865953062,1.069
P0043,2024-10-01,Home & Living,Home Decor,815.12,630.73,0.2262,10,1.3,1.1433899753942356,1.783
P0043,2024-11-01,Home & Living,Home Decor,815.12,630.73,0.2262,11,1.42,1.160540825025149,1.759
P0043,2024-12-01,Home & Living,Home Decor,815.12,630.73,0.2262,12,1.5,1.177948937400526,2.075
P0043,2025-01-01,Home & Living,Home Decor,815.12,630.73,0.2262,1,0.88,1.195618171461534,1.05
P0043,2025-02-01,Home & Living,Home Decor,815.12,630.73,0.2262,2,0.9,1.2135524440334569,1.292
P0043,2025-03-01,Home & Living,Home Decor,815.12,630.73,0.2262,3,1.0,1.2317557306939584,1.147
P0043,2025-04-01,Home & Living,Home Decor,815.12,630.73,0.2262,4,1.0,1.2502320666543678,1.436
P0043,2025-05-01,Home & Living,Home Decor,815.12,630.73,0.2262,5,1.0,1.2689855476541831,1.559
P0043,2025-06-01,Home & Living,Home Decor,815.12,630.73,0.2262,6,1.1,1.2880203308689957,1.212
P0043,2025-07-01,Home & Living,Home Decor,815.12,630.73,0.2262,7,1.08,1.3073406358320305,1.49
P0043,2025-08-01,Home & Living,Home Decor,815.12,630.73,0.2262,8,1.0,1.3269507453695109,1.559
P0043,2025-09-01,Home & Living,Home Decor,815.12,630.73,0.2262,9,1.0,1.3468550065500535,1.112
P0043,2025-10-01,Home & Living,Home Decor,815.12,630.73,0.2262,10,1.3,1.3670578316483042,1.96
P0043,2025-11-01,Home & Living,Home Decor,815.12,630.73,0.2262,11,1.42,1.3875636991230285,2.027
P0043,2025-12-01,Home & Living,Home Decor,815.12,630.73,0.2262,12,1.5,1.4083771546098738,2.165
P0043,2026-01-01,Home & Living,Home Decor,815.12,630.73,0.2262,1,0.88,1.4295028119290218,1.358
P0043,2026-02-01,Home & Living,Home Decor,815.12,630.73,0.2262,2,0.9,1.4509453541079569,1.391
P0043,2026-03-01,Home & Living,Home Decor,815.12,630.73,0.2262,3,1.0,1.4727095344195762,1.25
P0043,2026-04-01,Home & Living,Home Decor,815.12,630.73,0.2262,4,1.0,1.4948001774358697,1.262
P0043,2026-05-01,Home & Living,Home Decor,815.12,630.73,0.2262,5,1.0,1.5172221800974075,1.515
P0043,2026-06-01,Home & Living,Home Decor,815.12,630.73,0.2262,6,1.1,1.5399805127988686,1.473
P0043,2026-07-01,Home & Living,Home Decor,815.12,630.73,0.2262,7,1.08,1.5630802204908514,1.805
P0043,2026-08-01,Home & Living,Home Decor,815.12,630.73,0.2262,8,1.0,1.586526423798214,1.87
P0043,2026-09-01,Home & Living,Home Decor,815.12,630.73,0.2262,9,1.0,1.6103243201551871,1.504
P0044,2024-01-01,Home & Living,Home Decor,650.55,548.78,0.1564,1,0.88,1.0,0.905
P0044,2024-02-01,Home & Living,Home Decor,650.55,548.78,0.1564,2,0.9,1.015,1.007
P0044,2024-03-01,Home & Living,Home Decor,650.55,548.78,0.1564,3,1.0,1.0302249999999997,0.848
P0044,2024-04-01,Home & Living,Home Decor,650.55,548.78,0.1564,4,1.0,1.0456783749999996,1.08
P0044,2024-05-01,Home & Living,Home Decor,650.55,548.78,0.1564,5,1.0,1.0613635506249997,1.161
P0044,2024-06-01,Home & Living,Home Decor,650.55,548.78,0.1564,6,1.1,1.0772840038843745,1.273
P0044,2024-07-01,Home & Living,Home Decor,650.55,548.78,0.1564,7,1.08,1.09344326394264,1.23
P0044,2024-08-01,Home & Living,Home Decor,650.55,548.78,0.1564,8,1.0,1.1098449129017796,0.938
P0044,2024-09-01,Home & Living,Home Decor,650.55,548.78,0.1564,9,1.0,1.1264925865953062,1.432
P0044,2024-10-01,Home & Living,Home Decor,650.55,548.78,0.1564,10,1.3,1.1433899753942356,1.729
P0044,2024-11-01,Home & Living,Home Decor,650.55,548.78,0.1564,11,1.42,1.160540825025149,1.587
P0044,2024-12-01,Home & Living,Home Decor,650.55,548.78,0.1564,12,1.5,1.177948937400526,1.955
P0044,2025-01-01,Home & Living,Home Decor,650.55,548.78,0.1564,1,0.88,1.195618171461534,0.961
P0044,2025-02-01,Home & Living,Home Decor,650.55,548.78,0.1564,2,0.9,1.2135524440334569,1.007
P0044,2025-03-01,Home & Living,Home Decor,650.55,548.78,0.1564,3,1.0,1.2317557306939584,1.204
P0044,2025-04-01,Home & Living,Home Decor,650.55,548.78,0.1564,4,1.0,1.2502320666543678,1.279
P0044,2025-05-01,Home & Living,Home Decor,650.55,548.78,0.1564,5,1.0,1.2689855476541831,1.019
P0044,2025-06-01,Home & Living,Home Decor,650.55,548.78,0.1564,6,1.1,1.2880203308689957,1.412
P0044,2025-07-01,Home & Living,Home Decor,650.55,548.78,0.1564,7,1.08,1.3073406358320305,1.331
P0044,2025-08-01,Home & Living,Home Decor,650.55,548.78,0.1564,8,1.0,1.3269507453695109,1.13
P0044,2025-09-01,Home & Living,Home Decor,650.55,548.78,0.1564,9,1.0,1.3468550065500535,1.445
P0044,2025-10-01,Home & Living,Home Decor,650.55,548.78,0.1564,10,1.3,1.3670578316483042,1.994
P0044,2025-11-01,Home & Living,Home Decor,650.55,548.78,0.1564,11,1.42,1.3875636991230285,2.172
P0044,2025-12-01,Home & Living,Home Decor,650.55,548.78,0.1564,12,1.5,1.4083771546098738,2.293
P0044,2026-01-01,Home & Living,Home Decor,650.55,548.78,0.1564,1,0.88,1.4295028119290218,1.298
P0044,2026-02-01,Home & Living,Home Decor,650.55,548.78,0.1564,2,0.9,1.4509453541079569,1.619
P0044,2026-03-01,Home & Living,Home Decor,650.55,548.78,0.1564,3,1.0,1.4727095344195762,1.971
P0044,2026-04-01,Home & Living,Home Decor,650.55,548.78,0.1564,4,1.0,1.4948001774358697,1.431
P0044,2026-05-01,Home & Living,Home Decor,650.55,548.78,0.1564,5,1.0,1.5172221800974075,1.633
P0044,2026-06-01,Home & Living,Home Decor,650.55,548.78,0.1564,6,1.1,1.5399805127988686,1.809
P0044,2026-07-01,Home & Living,Home Decor,650.55,548.78,0.1564,7,1.08,1.5630802204908514,1.814
P0044,2026-08-01,Home & Living,Home Decor,650.55,548.78,0.1564,8,1.0,1.586526423798214,1.451
P0044,2026-09-01,Home & Living,Home Decor,650.55,548.78,0.1564,9,1.0,1.6103243201551871,1.524
P0045,2024-01-01,Home & Living,Home Decor,649.8,531.95,0.1814,1,0.88,1.0,0.749
P0045,2024-02-01,Home & Living,Home Decor,649.8,531.95,0.1814,2,0.9,1.015,0.805
P0045,2024-03-01,Home & Living,Home Decor,649.8,531.95,0.1814,3,1.0,1.0302249999999997,1.011
P0045,2024-04-01,Home & Living,Home Decor,649.8,531.95,0.1814,4,1.0,1.0456783749999996,0.979
P0045,2024-05-01,Home & Living,Home Decor,649.8,531.95,0.1814,5,1.0,1.0613635506249997,1.069
P0045,2024-06-01,Home & Living,Home Decor,649.8,531.95,0.1814,6,1.1,1.0772840038843745,1.518
P0045,2024-07-01,Home & Living,Home Decor,649.8,531.95,0.1814,7,1.08,1.09344326394264,1.408
P0045,2024-08-01,Home & Living,Home Decor,649.8,531.95,0.1814,8,1.0,1.1098449129017796,1.105
P0045,2024-09-01,Home & Living,Home Decor,649.8,531.95,0.1814,9,1.0,1.1264925865953062,1.008
P0045,2024-10-01,Home & Living,Home Decor,649.8,531.95,0.1814,10,1.3,1.1433899753942356,1.577
P0045,2024-11-01,Home & Living,Home Decor,649.8,531.95,0.1814,11,1.42,1.160540825025149,1.59
P0045,2024-12-01,Home & Living,Home Decor,649.8,531.95,0.1814,12,1.5,1.177948937400526,1.949
P0045,2025-01-01,Home & Living,Home Decor,649.8,531.95,0.1814,1,0.88,1.195618171461534,1.053
P0045,2025-02-01,Home & Living,Home Decor,649.8,531.95,0.1814,2,0.9,1.2135524440334569,1.127
P0045,2025-03-01,Home & Living,Home Decor,649.8,531.95,0.1814,3,1.0,1.2317557306939584,1.227
P0045,2025-04-01,Home & Living,Home Decor,649.8,531.95,0.1814,4,1.0,1.2502320666543678,1.38
P0045,2025-05-01,Home & Living,Home Decor,649.8,531.95,0.1814,5,1.0,1.2689855476541831,1.682
P0045,2025-06-01,Home & Living,Home Decor,649.8,531.95,0.1814,6,1.1,1.2880203308689957,1.556
P0045,2025-07-01,Home & Living,Home Decor,649.8,531.95,0.1814,7,1.08,1.3073406358320305,1.438
P0045,2025-08-01,Home & Living,Home Decor,649.8,531.95,0.1814,8,1.0,1.3269507453695109,1.155
P0045,2025-09-01,Home & Living,Home Decor,649.8,531.95,0.1814,9,1.0,1.3468550065500535,1.272
P0045,2025-10-01,Home & Living,Home Decor,649.8,531.95,0.1814,10,1.3,1.3670578316483042,1.719
P0045,2025-11-01,Home & Living,Home Decor,649.8,531.95,0.1814,11,1.42,1.3875636991230285,2.155
P0045,2025-12-01,Home & Living,Home Decor,649.8,531.95,0.1814,12,1.5,1.4083771546098738,2.61
P0045,2026-01-01,Home & Living,Home Decor,649.8,531.95,0.1814,1,0.88,1.4295028119290218,1.203
P0045,2026-02-01,Home & Living,Home Decor,649.8,531.95,0.1814,2,0.9,1.4509453541079569,1.372
P0045,2026-03-01,Home & Living,Home Decor,649.8,531.95,0.1814,3,1.0,1.4727095344195762,1.554
P0045,2026-04-01,Home & Living,Home Decor,649.8,531.95,0.1814,4,1.0,1.4948001774358697,1.48
P0045,2026-05-01,Home & Living,Home Decor,649.8,531.95,0.1814,5,1.0,1.5172221800974075,1.352
P0045,2026-06-01,Home & Living,Home Decor,649.8,531.95,0.1814,6,1.1,1.5399805127988686,1.701
P0045,2026-07-01,Home & Living,Home Decor,649.8,531.95,0.1814,7,1.08,1.5630802204908514,1.614
P0045,2026-08-01,Home & Living,Home Decor,649.8,531.95,0.1814,8,1.0,1.586526423798214,1.761
P0045,2026-09-01,Home & Living,Home Decor,649.8,531.95,0.1814,9,1.0,1.6103243201551871,1.641
P0046,2024-01-01,Home & Living,Home Decor,2054.14,1509.6,0.2651,1,0.88,1.0,0.82
P0046,2024-02-01,Home & Living,Home Decor,2054.14,1509.6,0.2651,2,0.9,1.015,0.946
P0046,2024-03-01,Home & Living,Home Decor,2054.14,1509.6,0.2651,3,1.0,1.0302249999999997,1.029
P0046,2024-04-01,Home & Living,Home Decor,2054.14,1509.6,0.2651,4,1.0,1.0456783749999996,0.953
P0046,2024-05-01,Home & Living,Home Decor,2054.14,1509.6,0.2651,5,1.0,1.0613635506249997,1.146
P0046,2024-06-01,Home & Living,Home Decor,2054.14,1509.6,0.2651,6,1.1,1.0772840038843745,1.033
P0046,2024-07-01,Home & Living,Home Decor,2054.14,1509.6,0.2651,7,1.08,1.09344326394264,1.418
P0046,2024-08-01,Home & Living,Home Decor,2054.14,1509.6,0.2651,8,1.0,1.1098449129017796,0.921
P0046,2024-09-01,Home & Living,Home Decor,2054.14,1509.6,0.2651,9,1.0,1.1264925865953062,1.423
P0046,2024-10-01,Home & Living,Home Decor,2054.14,1509.6,0.2651,10,1.3,1.1433899753942356,1.908
P0046,2024-11-01,Home & Living,Home Decor,2054.14,1509.6,0.2651,11,1.42,1.160540825025149,1.492
P0046,2024-12-01,Home & Living,Home Decor,2054.14,1509.6,0.2651,12,1.5,1.177948937400526,1.93
P0046,2025-01-01,Home & Living,Home Decor,2054.14,1509.6,0.2651,1,0.88,1.195618171461534,0.977
P0046,2025-02-01,Home & Living,Home Decor,2054.14,1509.6,0.2651,2,0.9,1.2135524440334569,0.882
P0046,2025-03-01,Home & Living,Home Decor,2054.14,1509.6,0.2651,3,1.0,1.2317557306939584,1.314
P0046,2025-04-01,Home & Living,Home Decor,2054.14,1509.6,0.2651,4,1.0,1.2502320666543678,0.905
P0046,2025-05-01,Home & Living,Home Decor,2054.14,1509.6,0.2651,5,1.0,1.2689855476541831,1.442
P0046,2025-06-01,Home & Living,Home Decor,2054.14,1509.6,0.2651,6,1.1,1.2880203308689957,1.306
P0046,2025-07-01,Home & Living,Home Decor,2054.14,1509.6,0.2651,7,1.08,1.3073406358320305,1.242
P0046,2025-08-01,Home & Living,Home Decor,2054.14,1509.6,0.2651,8,1.0,1.3269507453695109,1.245
P0046,2025-09-01,Home & Living,Home Decor,2054.14,1509.6,0.2651,9,1.0,1.3468550065500535,1.355
P0046,2025-10-01,Home & Living,Home Decor,2054.14,1509.6,0.2651,10,1.3,1.3670578316483042,1.784
P0046,2025-11-01,Home & Living,Home Decor,2054.14,1509.6,0.2651,11,1.42,1.3875636991230285,1.708
P0046,2025-12-01,Home & Living,Home Decor,2054.14,1509.6,0.2651,12,1.5,1.4083771546098738,1.882
P0046,2026-01-01,Home & Living,Home Decor,2054.14,1509.6,0.2651,1,0.88,1.4295028119290218,1.504
P0046,2026-02-01,Home & Living,Home Decor,2054.14,1509.6,0.2651,2,0.9,1.4509453541079569,1.493
P0046,2026-03-01,Home & Living,Home Decor,2054.14,1509.6,0.2651,3,1.0,1.4727095344195762,1.326
P0046,2026-04-01,Home & Living,Home Decor,2054.14,1509.6,0.2651,4,1.0,1.4948001774358697,1.441
P0046,2026-05-01,Home & Living,Home Decor,2054.14,1509.6,0.2651,5,1.0,1.5172221800974075,1.504
P0046,2026-06-01,Home & Living,Home Decor,2054.14,1509.6,0.2651,6,1.1,1.5399805127988686,1.408
P0046,2026-07-01,Home & Living,Home Decor,2054.14,1509.6,0.2651,7,1.08,1.5630802204908514,1.489
P0046,2026-08-01,Home & Living,Home Decor,2054.14,1509.6,0.2651,8,1.0,1.586526423798214,1.614
P0046,2026-09-01,Home & Living,Home Decor,2054.14,1509.6,0.2651,9,1.0,1.6103243201551871,1.444
P0047,2024-01-01,Home & Living,Home Decor,1299.89,824.21,0.3659,1,0.88,1.0,0.82
P0047,2024-02-01,Home & Living,Home Decor,1299.89,824.21,0.3659,2,0.9,1.015,0.886
P0047,2024-03-01,Home & Living,Home Decor,1299.89,824.21,0.3659,3,1.0,1.0302249999999997,0.97
P0047,2024-04-01,Home & Living,Home Decor,1299.89,824.21,0.3659,4,1.0,1.0456783749999996,1.015
P0047,2024-05-01,Home & Living,Home Decor,1299.89,824.21,0.3659,5,1.0,1.0613635506249997,1.098
P0047,2024-06-01,Home & Living,Home Decor,1299.89,824.21,0.3659,6,1.1,1.0772840038843745,1.585
P0047,2024-07-01,Home & Living,Home Decor,1299.89,824.21,0.3659,7,1.08,1.09344326394264,1.222
P0047,2024-08-01,Home & Living,Home Decor,1299.89,824.21,0.3659,8,1.0,1.1098449129017796,0.86
P0047,2024-09-01,Home & Living,Home Decor,1299.89,824.21,0.3659,9,1.0,1.1264925865953062,1.05
P0047,2024-10-01,Home & Living,Home Decor,1299.89,824.21,0.3659,10,1.3,1.1433899753942356,1.196
P0047,2024-11-01,Home & Living,Home Decor,1299.89,824.21,0.3659,11,1.42,1.160540825025149,1.417
P0047,2024-12-01,Home & Living,Home Decor,1299.89,824.21,0.3659,12,1.5,1.177948937400526,1.767
P0047,2025-01-01,Home & Living,Home Decor,1299.89,824.21,0.3659,1,0.88,1.195618171461534,1.243
P0047,2025-02-01,Home & Living,Home Decor,1299.89,824.21,0.3659,2,0.9,1.2135524440334569,1.283
P0047,2025-03-01,Home & Living,Home Decor,1299.89,824.21,0.3659,3,1.0,1.2317557306939584,1.21
P0047,2025-04-01,Home & Living,Home Decor,1299.89,824.21,0.3659,4,1.0,1.2502320666543678,1.24
P0047,2025-05-01,Home & Living,Home Decor,1299.89,824.21,0.3659,5,1.0,1.2689855476541831,1.316
P0047,2025-06-01,Home & Living,Home Decor,1299.89,824.21,0.3659,6,1.1,1.2880203308689957,1.8
P0047,2025-07-01,Home & Living,Home Decor,1299.89,824.21,0.3659,7,1.08,1.3073406358320305,1.334
P0047,2025-08-01,Home & Living,Home Decor,1299.89,824.21,0.3659,8,1.0,1.3269507453695109,1.239
P0047,2025-09-01,Home & Living,Home Decor,1299.89,824.21,0.3659,9,1.0,1.3468550065500535,1.379
P0047,2025-10-01,Home & Living,Home Decor,1299.89,824.21,0.3659,10,1.3,1.3670578316483042,1.644
P0047,2025-11-01,Home & Living,Home Decor,1299.89,824.21,0.3659,11,1.42,1.3875636991230285,1.753
P0047,2025-12-01,Home & Living,Home Decor,1299.89,824.21,0.3659,12,1.5,1.4083771546098738,2.186
P0047,2026-01-01,Home & Living,Home Decor,1299.89,824.21,0.3659,1,0.88,1.4295028119290218,1.115
P0047,2026-02-01,Home & Living,Home Decor,1299.89,824.21,0.3659,2,0.9,1.4509453541079569,1.243
P0047,2026-03-01,Home & Living,Home Decor,1299.89,824.21,0.3659,3,1.0,1.4727095344195762,1.483
P0047,2026-04-01,Home & Living,Home Decor,1299.89,824.21,0.3659,4,1.0,1.4948001774358697,1.566
P0047,2026-05-01,Home & Living,Home Decor,1299.89,824.21,0.3659,5,1.0,1.5172221800974075,1.566
P0047,2026-06-01,Home & Living,Home Decor,1299.89,824.21,0.3659,6,1.1,1.5399805127988686,1.665
P0047,2026-07-01,Home & Living,Home Decor,1299.89,824.21,0.3659,7,1.08,1.5630802204908514,2.248
P0047,2026-08-01,Home & Living,Home Decor,1299.89,824.21,0.3659,8,1.0,1.586526423798214,1.602
P0047,2026-09-01,Home & Living,Home Decor,1299.89,824.21,0.3659,9,1.0,1.6103243201551871,1.604
P0048,2024-01-01,Home & Living,Home Decor,3495.0,2245.46,0.3575,1,0.88,1.0,0.816
P0048,2024-02-01,Home & Living,Home Decor,3495.0,2245.46,0.3575,2,0.9,1.015,1.017
P0048,2024-03-01,Home & Living,Home Decor,3495.0,2245.46,0.3575,3,1.0,1.0302249999999997,0.782
P0048,2024-04-01,Home & Living,Home Decor,3495.0,2245.46,0.3575,4,1.0,1.0456783749999996,1.218
P0048,2024-05-01,Home & Living,Home Decor,3495.0,2245.46,0.3575,5,1.0,1.0613635506249997,1.338
P0048,2024-06-01,Home & Living,Home Decor,3495.0,2245.46,0.3575,6,1.1,1.0772840038843745,1.272
P0048,2024-07-01,Home & Living,Home Decor,3495.0,2245.46,0.3575,7,1.08,1.09344326394264,1.439
P0048,2024-08-01,Home & Living,Home Decor,3495.0,2245.46,0.3575,8,1.0,1.1098449129017796,1.113
P0048,2024-09-01,Home & Living,Home Decor,3495.0,2245.46,0.3575,9,1.0,1.1264925865953062,1.133
P0048,2024-10-01,Home & Living,Home Decor,3495.0,2245.46,0.3575,10,1.3,1.1433899753942356,1.421
P0048,2024-11-01,Home & Living,Home Decor,3495.0,2245.46,0.3575,11,1.42,1.160540825025149,1.854
P0048,2024-12-01,Home & Living,Home Decor,3495.0,2245.46,0.3575,12,1.5,1.177948937400526,2.145
P0048,2025-01-01,Home & Living,Home Decor,3495.0,2245.46,0.3575,1,0.88,1.195618171461534,0.955
P0048,2025-02-01,Home & Living,Home Decor,3495.0,2245.46,0.3575,2,0.9,1.2135524440334569,0.946
P0048,2025-03-01,Home & Living,Home Decor,3495.0,2245.46,0.3575,3,1.0,1.2317557306939584,1.441
P0048,2025-04-01,Home & Living,Home Decor,3495.0,2245.46,0.3575,4,1.0,1.2502320666543678,1.026
P0048,2025-05-01,Home & Living,Home Decor,3495.0,2245.46,0.3575,5,1.0,1.2689855476541831,1.201
P0048,2025-06-01,Home & Living,Home Decor,3495.0,2245.46,0.3575,6,1.1,1.2880203308689957,1.713
P0048,2025-07-01,Home & Living,Home Decor,3495.0,2245.46,0.3575,7,1.08,1.3073406358320305,1.376
P0048,2025-08-01,Home & Living,Home Decor,3495.0,2245.46,0.3575,8,1.0,1.3269507453695109,1.296
P0048,2025-09-01,Home & Living,Home Decor,3495.0,2245.46,0.3575,9,1.0,1.3468550065500535,1.483
P0048,2025-10-01,Home & Living,Home Decor,3495.0,2245.46,0.3575,10,1.3,1.3670578316483042,1.908
P0048,2025-11-01,Home & Living,Home Decor,3495.0,2245.46,0.3575,11,1.42,1.3875636991230285,1.567
P0048,2025-12-01,Home & Living,Home Decor,3495.0,2245.46,0.3575,12,1.5,1.4083771546098738,2.399
P0048,2026-01-01,Home & Living,Home Decor,3495.0,2245.46,0.3575,1,0.88,1.4295028119290218,1.233
P0048,2026-02-01,Home & Living,Home Decor,3495.0,2245.46,0.3575,2,0.9,1.4509453541079569,1.167
P0048,2026-03-01,Home & Living,Home Decor,3495.0,2245.46,0.3575,3,1.0,1.4727095344195762,1.148
P0048,2026-04-01,Home & Living,Home Decor,3495.0,2245.46,0.3575,4,1.0,1.4948001774358697,1.377
P0048,2026-05-01,Home & Living,Home Decor,3495.0,2245.46,0.3575,5,1.0,1.5172221800974075,1.594
P0048,2026-06-01,Home & Living,Home Decor,3495.0,2245.46,0.3575,6,1.1,1.5399805127988686,1.789
P0048,2026-07-01,Home & Living,Home Decor,3495.0,2245.46,0.3575,7,1.08,1.5630802204908514,1.791
P0048,2026-08-01,Home & Living,Home Decor,3495.0,2245.46,0.3575,8,1.0,1.586526423798214,1.62
P0048,2026-09-01,Home & Living,Home Decor,3495.0,2245.46,0.3575,9,1.0,1.6103243201551871,1.532
P0049,2024-01-01,Home & Living,Home Decor,310.14,233.71,0.2464,1,0.88,1.0,0.77
P0049,2024-02-01,Home & Living,Home Decor,310.14,233.71,0.2464,2,0.9,1.015,0.92
P0049,2024-03-01,Home & Living,Home Decor,310.14,233.71,0.2464,3,1.0,1.0302249999999997,1.112
P0049,2024-04-01,Home & Living,Home Decor,310.14,233.71,0.2464,4,1.0,1.0456783749999996,1.086
P0049,2024-05-01,Home & Living,Home Decor,310.14,233.71,0.2464,5,1.0,1.0613635506249997,0.955
P0049,2024-06-01,Home & Living,Home Decor,310.14,233.71,0.2464,6,1.1,1.0772840038843745,1.543
P0049,2024-07-01,Home & Living,Home Decor,310.14,233.71,0.2464,7,1.08,1.09344326394264,1.17
P0049,2024-08-01,Home & Living,Home Decor,310.14,233.71,0.2464,8,1.0,1.1098449129017796,1.24
P0049,2024-09-01,Home & Living,Home Decor,310.14,233.71,0.2464,9,1.0,1.1264925865953062,1.2
P0049,2024-10-01,Home & Living,Home Decor,310.14,233.71,0.2464,10,1.3,1.1433899753942356,1.356
P0049,2024-11-01,Home & Living,Home Decor,310.14,233.71,0.2464,11,1.42,1.160540825025149,1.771
P0049,2024-12-01,Home & Living,Home Decor,310.14,233.71,0.2464,12,1.5,1.177948937400526,1.584
P0049,2025-01-01,Home & Living,Home Decor,310.14,233.71,0.2464,1,0.88,1.195618171461534,1.159
P0049,2025-02-01,Home & Living,Home Decor,310.14,233.71,0.2464,2,0.9,1.2135524440334569,0.981
P0049,2025-03-01,Home & Living,Home Decor,310.14,233.71,0.2464,3,1.0,1.2317557306939584,1.095
P0049,2025-04-01,Home & Living,Home Decor,310.14,233.71,0.2464,4,1.0,1.2502320666543678,1.515
P0049,2025-05-01,Home & Living,Home Decor,310.14,233.71,0.2464,5,1.0,1.2689855476541831,1.33
P0049,2025-06-01,Home & Living,Home Decor,310.14,233.71,0.2464,6,1.1,1.2880203308689957,1.673
P0049,2025-07-01,Home & Living,Home Decor,310.14,233.71,0.2464,7,1.08,1.3073406358320305,1.282
P0049,2025-08-01,Home & Living,Home Decor,310.14,233.71,0.2464,8,1.0,1.3269507453695109,1.461
P0049,2025-09-01,Home & Living,Home Decor,310.14,233.71,0.2464,9,1.0,1.3468550065500535,1.504
P0049,2025-10-01,Home & Living,Home Decor,310.14,233.71,0.2464,10,1.3,1.3670578316483042,2.333
P0049,2025-11-01,Home & Living,Home Decor,310.14,233.71,0.2464,11,1.42,1.3875636991230285,1.69
P0049,2025-12-01,Home & Living,Home Decor,310.14,233.71,0.2464,12,1.5,1.4083771546098738,2.401
P0049,2026-01-01,Home & Living,Home Decor,310.14,233.71,0.2464,1,0.88,1.4295028119290218,1.18
P0049,2026-02-01,Home & Living,Home Decor,310.14,233.71,0.2464,2,0.9,1.4509453541079569,1.643
P0049,2026-03-01,Home & Living,Home Decor,310.14,233.71,0.2464,3,1.0,1.4727095344195762,1.218
P0049,2026-04-01,Home & Living,Home Decor,310.14,233.71,0.2464,4,1.0,1.4948001774358697,1.571
P0049,2026-05-01,Home & Living,Home Decor,310.14,233.71,0.2464,5,1.0,1.5172221800974075,1.417
P0049,2026-06-01,Home & Living,Home Decor,310.14,233.71,0.2464,6,1.1,1.5399805127988686,1.857
P0049,2026-07-01,Home & Living,Home Decor,310.14,233.71,0.2464,7,1.08,1.5630802204908514,1.74
P0049,2026-08-01,Home & Living,Home Decor,310.14,233.71,0.2464,8,1.0,1.586526423798214,1.486
P0049,2026-09-01,Home & Living,Home Decor,310.14,233.71,0.2464,9,1.0,1.6103243201551871,1.685
P0050,2024-01-01,Home & Living,Home Decor,4144.52,2279.29,0.45,1,0.88,1.0,0.917
P0050,2024-02-01,Home & Living,Home Decor,4144.52,2279.29,0.45,2,0.9,1.015,0.842
P0050,2024-03-01,Home & Living,Home Decor,4144.52,2279.29,0.45,3,1.0,1.0302249999999997,1.281
P0050,2024-04-01,Home & Living,Home Decor,4144.52,2279.29,0.45,4,1.0,1.0456783749999996,0.98
P0050,2024-05-01,Home & Living,Home Decor,4144.52,2279.29,0.45,5,1.0,1.0613635506249997,1.046
P0050,2024-06-01,Home & Living,Home Decor,4144.52,2279.29,0.45,6,1.1,1.0772840038843745,1.672
P0050,2024-07-01,Home & Living,Home Decor,4144.52,2279.29,0.45,7,1.08,1.09344326394264,1.172
P0050,2024-08-01,Home & Living,Home Decor,4144.52,2279.29,0.45,8,1.0,1.1098449129017796,1.104
P0050,2024-09-01,Home & Living,Home Decor,4144.52,2279.29,0.45,9,1.0,1.1264925865953062,1.111
P0050,2024-10-01,Home & Living,Home Decor,4144.52,2279.29,0.45,10,1.3,1.1433899753942356,1.456
P0050,2024-11-01,Home & Living,Home Decor,4144.52,2279.29,0.45,11,1.42,1.160540825025149,1.525
P0050,2024-12-01,Home & Living,Home Decor,4144.52,2279.29,0.45,12,1.5,1.177948937400526,2.011
P0050,2025-01-01,Home & Living,Home Decor,4144.52,2279.29,0.45,1,0.88,1.195618171461534,1.074
P0050,2025-02-01,Home & Living,Home Decor,4144.52,2279.29,0.45,2,0.9,1.2135524440334569,1.218
P0050,2025-03-01,Home & Living,Home Decor,4144.52,2279.29,0.45,3,1.0,1.2317557306939584,0.924
P0050,2025-04-01,Home & Living,Home Decor,4144.52,2279.29,0.45,4,1.0,1.2502320666543678,1.086
P0050,2025-05-01,Home & Living,Home Decor,4144.52,2279.29,0.45,5,1.0,1.2689855476541831,1.315
P0050,2025-06-01,Home & Living,Home Decor,4144.52,2279.29,0.45,6,1.1,1.2880203308689957,1.208
P0050,2025-07-01,Home & Living,Home Decor,4144.52,2279.29,0.45,7,1.08,1.3073406358320305,1.311
P0050,2025-08-01,Home & Living,Home Decor,4144.52,2279.29,0.45,8,1.0,1.3269507453695109,1.36
P0050,2025-09-01,Home & Living,Home Decor,4144.52,2279.29,0.45,9,1.0,1.3468550065500535,1.56
P0050,2025-10-01,Home & Living,Home Decor,4144.52,2279.29,0.45,10,1.3,1.3670578316483042,1.837
P0050,2025-11-01,Home & Living,Home Decor,4144.52,2279.29,0.45,11,1.42,1.3875636991230285,1.798
P0050,2025-12-01,Home & Living,Home Decor,4144.52,2279.29,0.45,12,1.5,1.4083771546098738,1.842
P0050,2026-01-01,Home & Living,Home Decor,4144.52,2279.29,0.45,1,0.88,1.4295028119290218,1.245
P0050,2026-02-01,Home & Living,Home Decor,4144.52,2279.29,0.45,2,0.9,1.4509453541079569,1.259
P0050,2026-03-01,Home & Living,Home Decor,4144.52,2279.29,0.45,3,1.0,1.4727095344195762,1.336
P0050,2026-04-01,Home & Living,Home Decor,4144.52,2279.29,0.45,4,1.0,1.4948001774358697,1.655
P0050,2026-05-01,Home & Living,Home Decor,4144.52,2279.29,0.45,5,1.0,1.5172221800974075,1.417
P0050,2026-06-01,Home & Living,Home Decor,4144.52,2279.29,0.45,6,1.1,1.5399805127988686,1.679
P0050,2026-07-01,Home & Living,Home Decor,4144.52,2279.29,0.45,7,1.08,1.5630802204908514,1.494
P0050,2026-08-01,Home & Living,Home Decor,4144.52,2279.29,0.45,8,1.0,1.586526423798214,1.528
P0050,2026-09-01,Home & Living,Home Decor,4144.52,2279.29,0.45,9,1.0,1.6103243201551871,1.59
P0051,2024-01-01,Home & Living,Storage,361.96,286.83,0.2076,1,0.88,1.0,1.052
P0051,2024-02-01,Home & Living,Storage,361.96,286.83,0.2076,2,0.9,1.015,0.973
P0051,2024-03-01,Home & Living,Storage,361.96,286.83,0.2076,3,1.0,1.0302249999999997,1.12
P0051,2024-04-01,Home & Living,Storage,361.96,286.83,0.2076,4,1.0,1.0456783749999996,1.025
P0051,2024-05-01,Home & Living,Storage,361.96,286.83,0.2076,5,1.0,1.0613635506249997,1.317
P0051,2024-06-01,Home & Living,Storage,361.96,286.83,0.2076,6,1.1,1.0772840038843745,1.051
P0051,2024-07-01,Home & Living,Storage,361.96,286.83,0.2076,7,1.08,1.09344326394264,1.406
P0051,2024-08-01,Home & Living,Storage,361.96,286.83,0.2076,8,1.0,1.1098449129017796,1.081
P0051,2024-09-01,Home & Living,Storage,361.96,286.83,0.2076,9,1.0,1.1264925865953062,1.092
P0051,2024-10-01,Home & Living,Storage,361.96,286.83,0.2076,10,1.3,1.1433899753942356,1.553
P0051,2024-11-01,Home & Living,Storage,361.96,286.83,0.2076,11,1.42,1.160540825025149,1.356
P0051,2024-12-01,Home & Living,Storage,361.96,286.83,0.2076,12,1.5,1.177948937400526,1.952
P0051,2025-01-01,Home & Living,Storage,361.96,286.83,0.2076,1,0.88,1.195618171461534,0.91
P0051,2025-02-01,Home & Living,Storage,361.96,286.83,0.2076,2,0.9,1.2135524440334569,1.181
P0051,2025-03-01,Home & Living,Storage,361.96,286.83,0.2076,3,1.0,1.2317557306939584,1.085
P0051,2025-04-01,Home & Living,Storage,361.96,286.83,0.2076,4,1.0,1.2502320666543678,1.206
P0051,2025-05-01,Home & Living,Storage,361.96,286.83,0.2076,5,1.0,1.2689855476541831,1.308
P0051,2025-06-01,Home & Living,Storage,361.96,286.83,0.2076,6,1.1,1.2880203308689957,1.445
P0051,2025-07-01,Home & Living,Storage,361.96,286.83,0.2076,7,1.08,1.3073406358320305,1.466
P0051,2025-08-01,Home & Living,Storage,361.96,286.83,0.2076,8,1.0,1.3269507453695109,1.295
P0051,2025-09-01,Home & Living,Storage,361.96,286.83,0.2076,9,1.0,1.3468550065500535,1.609
P0051,2025-10-01,Home & Living,Storage,361.96,286.83,0.2076,10,1.3,1.3670578316483042,1.885
P0051,2025-11-01,Home & Living,Storage,361.96,286.83,0.2076,11,1.42,1.3875636991230285,2.359
P0051,2025-12-01,Home & Living,Storage,361.96,286.83,0.2076,12,1.5,1.4083771546098738,2.435
P0051,2026-01-01,Home & Living,Storage,361.96,286.83,0.2076,1,0.88,1.4295028119290218,1.302
P0051,2026-02-01,Home & Living,Storage,361.96,286.83,0.2076,2,0.9,1.4509453541079569,1.33
P0051,2026-03-01,Home & Living,Storage,361.96,286.83,0.2076,3,1.0,1.4727095344195762,1.284
P0051,2026-04-01,Home & Living,Storage,361.96,286.83,0.2076,4,1.0,1.4948001774358697,1.843
P0051,2026-05-01,Home & Living,Storage,361.96,286.83,0.2076,5,1.0,1.5172221800974075,1.351
P0051,2026-06-01,Home & Living,Storage,361.96,286.83,0.2076,6,1.1,1.5399805127988686,1.778
P0051,2026-07-01,Home & Living,Storage,361.96,286.83,0.2076,7,1.08,1.5630802204908514,1.513
P0051,2026-08-01,Home & Living,Storage,361.96,286.83,0.2076,8,1.0,1.586526423798214,1.66
P0051,2026-09-01,Home & Living,Storage,361.96,286.83,0.2076,9,1.0,1.6103243201551871,1.81
P0052,2024-01-01,Home & Living,Storage,467.94,243.63,0.4793,1,0.88,1.0,0.768
P0052,2024-02-01,Home & Living,Storage,467.94,243.63,0.4793,2,0.9,1.015,0.769
P0052,2024-03-01,Home & Living,Storage,467.94,243.63,0.4793,3,1.0,1.0302249999999997,0.884
P0052,2024-04-01,Home & Living,Storage,467.94,243.63,0.4793,4,1.0,1.0456783749999996,0.822
P0052,2024-05-01,Home & Living,Storage,467.94,243.63,0.4793,5,1.0,1.0613635506249997,1.064
P0052,2024-06-01,Home & Living,Storage,467.94,243.63,0.4793,6,1.1,1.0772840038843745,1.239
P0052,2024-07-01,Home & Living,Storage,467.94,243.63,0.4793,7,1.08,1.09344326394264,1.342
P0052,2024-08-01,Home & Living,Storage,467.94,243.63,0.4793,8,1.0,1.1098449129017796,1.221
P0052,2024-09-01,Home & Living,Storage,467.94,243.63,0.4793,9,1.0,1.1264925865953062,1.125
P0052,2024-10-01,Home & Living,Storage,467.94,243.63,0.4793,10,1.3,1.1433899753942356,1.483
P0052,2024-11-01,Home & Living,Storage,467.94,243.63,0.4793,11,1.42,1.160540825025149,1.579
P0052,2024-12-01,Home & Living,Storage,467.94,243.63,0.4793,12,1.5,1.177948937400526,2.068
P0052,2025-01-01,Home & Living,Storage,467.94,243.63,0.4793,1,0.88,1.195618171461534,0.915
P0052,2025-02-01,Home & Living,Storage,467.94,243.63,0.4793,2,0.9,1.2135524440334569,1.124
P0052,2025-03-01,Home & Living,Storage,467.94,243.63,0.4793,3,1.0,1.2317557306939584,1.192
P0052,2025-04-01,Home & Living,Storage,467.94,243.63,0.4793,4,1.0,1.2502320666543678,1.098
P0052,2025-05-01,Home & Living,Storage,467.94,243.63,0.4793,5,1.0,1.2689855476541831,1.033
P0052,2025-06-01,Home & Living,Storage,467.94,243.63,0.4793,6,1.1,1.2880203308689957,1.221
P0052,2025-07-01,Home & Living,Storage,467.94,243.63,0.4793,7,1.08,1.3073406358320305,1.339
P0052,2025-08-01,Home & Living,Storage,467.94,243.63,0.4793,8,1.0,1.3269507453695109,1.549
P0052,2025-09-01,Home & Living,Storage,467.94,243.63,0.4793,9,1.0,1.3468550065500535,1.329
P0052,2025-10-01,Home & Living,Storage,467.94,243.63,0.4793,10,1.3,1.3670578316483042,2.039
P0052,2025-11-01,Home & Living,Storage,467.94,243.63,0.4793,11,1.42,1.3875636991230285,1.851
P0052,2025-12-01,Home & Living,Storage,467.94,243.63,0.4793,12,1.5,1.4083771546098738,1.967
P0052,2026-01-01,Home & Living,Storage,467.94,243.63,0.4793,1,0.88,1.4295028119290218,0.967
P0052,2026-02-01,Home & Living,Storage,467.94,243.63,0.4793,2,0.9,1.4509453541079569,1.384
P0052,2026-03-01,Home & Living,Storage,467.94,243.63,0.4793,3,1.0,1.4727095344195762,1.696
P0052,2026-04-01,Home & Living,Storage,467.94,243.63,0.4793,4,1.0,1.4948001774358697,1.443
P0052,2026-05-01,Home & Living,Storage,467.94,243.63,0.4793,5,1.0,1.5172221800974075,1.269
P0052,2026-06-01,Home & Living,Storage,467.94,243.63,0.4793,6,1.1,1.5399805127988686,1.595
P0052,2026-07-01,Home & Living,Storage,467.94,243.63,0.4793,7,1.08,1.5630802204908514,2.072
P0052,2026-08-01,Home & Living,Storage,467.94,243.63,0.4793,8,1.0,1.586526423798214,1.817
P0052,2026-09-01,Home & Living,Storage,467.94,243.63,0.4793,9,1.0,1.6103243201551871,1.575
P0053,2024-01-01,Home & Living,Storage,215.84,123.12,0.4296,1,0.88,1.0,0.928
P0053,2024-02-01,Home & Living,Storage,215.84,123.12,0.4296,2,0.9,1.015,0.848
P0053,2024-03-01,Home & Living,Storage,215.84,123.12,0.4296,3,1.0,1.0302249999999997,0.833
P0053,2024-04-01,Home & Living,Storage,215.84,123.12,0.4296,4,1.0,1.0456783749999996,0.884
P0053,2024-05-01,Home & Living,Storage,215.84,123.12,0.4296,5,1.0,1.0613635506249997,1.25
P0053,2024-06-01,Home & Living,Storage,215.84,123.12,0.4296,6,1.1,1.0772840038843745,1.595
P0053,2024-07-01,Home & Living,Storage,215.84,123.12,0.4296,7,1.08,1.09344326394264,1.318
P0053,2024-08-01,Home & Living,Storage,215.84,123.12,0.4296,8,1.0,1.1098449129017796,1.118
P0053,2024-09-01,Home & Living,Storage,215.84,123.12,0.4296,9,1.0,1.1264925865953062,0.875
P0053,2024-10-01,Home & Living,Storage,215.84,123.12,0.4296,10,1.3,1.1433899753942356,1.64
P0053,2024-11-01,Home & Living,Storage,215.84,123.12,0.4296,11,1.42,1.160540825025149,1.505
P0053,2024-12-01,Home & Living,Storage,215.84,123.12,0.4296,12,1.5,1.177948937400526,1.773
P0053,2025-01-01,Home & Living,Storage,215.84,123.12,0.4296,1,0.88,1.195618171461534,1.082
P0053,2025-02-01,Home & Living,Storage,215.84,123.12,0.4296,2,0.9,1.2135524440334569,1.139
P0053,2025-03-01,Home & Living,Storage,215.84,123.12,0.4296,3,1.0,1.2317557306939584,1.326
P0053,2025-04-01,Home & Living,Storage,215.84,123.12,0.4296,4,1.0,1.2502320666543678,1.271
P0053,2025-05-01,Home & Living,Storage,215.84,123.12,0.4296,5,1.0,1.2689855476541831,1.224
P0053,2025-06-01,Home & Living,Storage,215.84,123.12,0.4296,6,1.1,1.2880203308689957,1.551
P0053,2025-07-01,Home & Living,Storage,215.84,123.12,0.4296,7,1.08,1.3073406358320305,1.223
P0053,2025-08-01,Home & Living,Storage,215.84,123.12,0.4296,8,1.0,1.3269507453695109,1.207
P0053,2025-09-01,Home & Living,Storage,215.84,123.12,0.4296,9,1.0,1.3468550065500535,1.395
P0053,2025-10-01,Home & Living,Storage,215.84,123.12,0.4296,10,1.3,1.3670578316483042,1.69
P0053,2025-11-01,Home & Living,Storage,215.84,123.12,0.4296,11,1.42,1.3875636991230285,1.9
P0053,2025-12-01,Home & Living,Storage,215.84,123.12,0.4296,12,1.5,1.4083771546098738,1.945
P0053,2026-01-01,Home & Living,Storage,215.84,123.12,0.4296,1,0.88,1.4295028119290218,1.343
P0053,2026-02-01,Home & Living,Storage,215.84,123.12,0.4296,2,0.9,1.4509453541079569,1.496
P0053,2026-03-01,Home & Living,Storage,215.84,123.12,0.4296,3,1.0,1.4727095344195762,2.312
P0053,2026-04-01,Home & Living,Storage,215.84,123.12,0.4296,4,1.0,1.4948001774358697,1.253
P0053,2026-05-01,Home & Living,Storage,215.84,123.12,0.4296,5,1.0,1.5172221800974075,1.601
P0053,2026-06-01,Home & Living,Storage,215.84,123.12,0.4296,6,1.1,1.5399805127988686,1.776
P0053,2026-07-01,Home & Living,Storage,215.84,123.12,0.4296,7,1.08,1.5630802204908514,1.943
P0053,2026-08-01,Home & Living,Storage,215.84,123.12,0.4296,8,1.0,1.586526423798214,1.631
P0053,2026-09-01,Home & Living,Storage,215.84,123.12,0.4296,9,1.0,1.6103243201551871,1.574
P0054,2024-01-01,Home & Living,Storage,1377.79,855.97,0.3787,1,0.88,1.0,0.839
P0054,2024-02-01,Home & Living,Storage,1377.79,855.97,0.3787,2,0.9,1.015,0.947
P0054,2024-03-01,Home & Living,Storage,1377.79,855.97,0.3787,3,1.0,1.0302249999999997,0.936
P0054,2024-04-01,Home & Living,Storage,1377.79,855.97,0.3787,4,1.0,1.0456783749999996,1.124
P0054,2024-05-01,Home & Living,Storage,1377.79,855.97,0.3787,5,1.0,1.0613635506249997,1.194
P0054,2024-06-01,Home & Living,Storage,1377.79,855.97,0.3787,6,1.1,1.0772840038843745,1.159
P0054,2024-07-01,Home & Living,Storage,1377.79,855.97,0.3787,7,1.08,1.09344326394264,1.374
P0054,2024-08-01,Home & Living,Storage,1377.79,855.97,0.3787,8,1.0,1.1098449129017796,1.16
P0054,2024-09-01,Home & Living,Storage,1377.79,855.97,0.3787,9,1.0,1.1264925865953062,1.126
P0054,2024-10-01,Home & Living,Storage,1377.79,855.97,0.3787,10,1.3,1.1433899753942356,1.455
P0054,2024-11-01,Home & Living,Storage,1377.79,855.97,0.3787,11,1.42,1.160540825025149,1.429
P0054,2024-12-01,Home & Living,Storage,1377.79,855.97,0.3787,12,1.5,1.177948937400526,1.789
P0054,2025-01-01,Home & Living,Storage,1377.79,855.97,0.3787,1,0.88,1.195618171461534,0.853
P0054,2025-02-01,Home & Living,Storage,1377.79,855.97,0.3787,2,0.9,1.2135524440334569,1.201
P0054,2025-03-01,Home & Living,Storage,1377.79,855.97,0.3787,3,1.0,1.2317557306939584,1.214
P0054,2025-04-01,Home & Living,Storage,1377.79,855.97,0.3787,4,1.0,1.2502320666543678,1.273
P0054,2025-05-01,Home & Living,Storage,1377.79,855.97,0.3787,5,1.0,1.2689855476541831,1.351
P0054,2025-06-01,Home & Living,Storage,1377.79,855.97,0.3787,6,1.1,1.2880203308689957,1.417
P0054,2025-07-01,Home & Living,Storage,1377.79,855.97,0.3787,7,1.08,1.3073406358320305,1.366
P0054,2025-08-01,Home & Living,Storage,1377.79,855.97,0.3787,8,1.0,1.3269507453695109,1.129
P0054,2025-09-01,Home & Living,Storage,1377.79,855.97,0.3787,9,1.0,1.3468550065500535,1.175
P0054,2025-10-01,Home & Living,Storage,1377.79,855.97,0.3787,10,1.3,1.3670578316483042,1.265
P0054,2025-11-01,Home & Living,Storage,1377.79,855.97,0.3787,11,1.42,1.3875636991230285,1.941
P0054,2025-12-01,Home & Living,Storage,1377.79,855.97,0.3787,12,1.5,1.4083771546098738,2.509
P0054,2026-01-01,Home & Living,Storage,1377.79,855.97,0.3787,1,0.88,1.4295028119290218,1.121
P0054,2026-02-01,Home & Living,Storage,1377.79,855.97,0.3787,2,0.9,1.4509453541079569,1.338
P0054,2026-03-01,Home & Living,Storage,1377.79,855.97,0.3787,3,1.0,1.4727095344195762,1.556
P0054,2026-04-01,Home & Living,Storage,1377.79,855.97,0.3787,4,1.0,1.4948001774358697,1.343
P0054,2026-05-01,Home & Living,Storage,1377.79,855.97,0.3787,5,1.0,1.5172221800974075,1.488
P0054,2026-06-01,Home & Living,Storage,1377.79,855.97,0.3787,6,1.1,1.5399805127988686,1.583
P0054,2026-07-01,Home & Living,Storage,1377.79,855.97,0.3787,7,1.08,1.5630802204908514,1.889
P0054,2026-08-01,Home & Living,Storage,1377.79,855.97,0.3787,8,1.0,1.586526423798214,1.481
P0054,2026-09-01,Home & Living,Storage,1377.79,855.97,0.3787,9,1.0,1.6103243201551871,1.505
P0055,2024-01-01,Home & Living,Storage,268.73,160.75,0.4018,1,0.88,1.0,1.025
P0055,2024-02-01,Home & Living,Storage,268.73,160.75,0.4018,2,0.9,1.015,0.882
P0055,2024-03-01,Home & Living,Storage,268.73,160.75,0.4018,3,1.0,1.0302249999999997,1.162
P0055,2024-04-01,Home & Living,Storage,268.73,160.75,0.4018,4,1.0,1.0456783749999996,1.211
P0055,2024-05-01,Home & Living,Storage,268.73,160.75,0.4018,5,1.0,1.0613635506249997,1.089
P0055,2024-06-01,Home & Living,Storage,268.73,160.75,0.4018,6,1.1,1.0772840038843745,1.084
P0055,2024-07-01,Home & Living,Storage,268.73,160.75,0.4018,7,1.08,1.09344326394264,0.965
P0055,2024-08-01,Home & Living,Storage,268.73,160.75,0.4018,8,1.0,1.1098449129017796,0.865
P0055,2024-09-01,Home & Living,Storage,268.73,160.75,0.4018,9,1.0,1.1264925865953062,1.066
P0055,2024-10-01,Home & Living,Storage,268.73,160.75,0.4018,10,1.3,1.1433899753942356,1.329
P0055,2024-11-01,Home & Living,Storage,268.73,160.75,0.4018,11,1.42,1.160540825025149,1.584
P0055,2024-12-01,Home & Living,Storage,268.73,160.75,0.4018,12,1.5,1.177948937400526,1.609
P0055,2025-01-01,Home & Living,Storage,268.73,160.75,0.4018,1,0.88,1.195618171461534,1.084
P0055,2025-02-01,Home & Living,Storage,268.73,160.75,0.4018,2,0.9,1.2135524440334569,0.935
P0055,2025-03-01,Home & Living,Storage,268.73,160.75,0.4018,3,1.0,1.2317557306939584,1.151
P0055,2025-04-01,Home & Living,Storage,268.73,160.75,0.4018,4,1.0,1.2502320666543678,1.324
P0055,2025-05-01,Home & Living,Storage,268.73,160.75,0.4018,5,1.0,1.2689855476541831,1.45
P0055,2025-06-01,Home & Living,Storage,268.73,160.75,0.4018,6,1.1,1.2880203308689957,1.446
P0055,2025-07-01,Home & Living,Storage,268.73,160.75,0.4018,7,1.08,1.3073406358320305,1.493
P0055,2025-08-01,Home & Living,Storage,268.73,160.75,0.4018,8,1.0,1.3269507453695109,1.354
P0055,2025-09-01,Home & Living,Storage,268.73,160.75,0.4018,9,1.0,1.3468550065500535,1.774
P0055,2025-10-01,Home & Living,Storage,268.73,160.75,0.4018,10,1.3,1.3670578316483042,1.876
P0055,2025-11-01,Home & Living,Storage,268.73,160.75,0.4018,11,1.42,1.3875636991230285,2.027
P0055,2025-12-01,Home & Living,Storage,268.73,160.75,0.4018,12,1.5,1.4083771546098738,2.202
P0055,2026-01-01,Home & Living,Storage,268.73,160.75,0.4018,1,0.88,1.4295028119290218,1.275
P0055,2026-02-01,Home & Living,Storage,268.73,160.75,0.4018,2,0.9,1.4509453541079569,1.53
P0055,2026-03-01,Home & Living,Storage,268.73,160.75,0.4018,3,1.0,1.4727095344195762,1.826
P0055,2026-04-01,Home & Living,Storage,268.73,160.75,0.4018,4,1.0,1.4948001774358697,1.444
P0055,2026-05-01,Home & Living,Storage,268.73,160.75,0.4018,5,1.0,1.5172221800974075,1.217
P0055,2026-06-01,Home & Living,Storage,268.73,160.75,0.4018,6,1.1,1.5399805127988686,1.839
P0055,2026-07-01,Home & Living,Storage,268.73,160.75,0.4018,7,1.08,1.5630802204908514,1.96
P0055,2026-08-01,Home & Living,Storage,268.73,160.75,0.4018,8,1.0,1.586526423798214,1.748
P0055,2026-09-01,Home & Living,Storage,268.73,160.75,0.4018,9,1.0,1.6103243201551871,1.622
P0056,2024-01-01,Home & Living,Storage,302.89,245.14,0.1907,1,0.88,1.0,0.98
P0056,2024-02-01,Home & Living,Storage,302.89,245.14,0.1907,2,0.9,1.015,1.065
P0056,2024-03-01,Home & Living,Storage,302.89,245.14,0.1907,3,1.0,1.0302249999999997,1.187
P0056,2024-04-01,Home & Living,Storage,302.89,245.14,0.1907,4,1.0,1.0456783749999996,1.095
P0056,2024-05-01,Home & Living,Storage,302.89,245.14,0.1907,5,1.0,1.0613635506249997,0.967
P0056,2024-06-01,Home & Living,Storage,302.89,245.14,0.1907,6,1.1,1.0772840038843745,0.975
P0056,2024-07-01,Home & Living,Storage,302.89,245.14,0.1907,7,1.08,1.09344326394264,1.224
P0056,2024-08-01,Home & Living,Storage,302.89,245.14,0.1907,8,1.0,1.1098449129017796,1.147
P0056,2024-09-01,Home & Living,Storage,302.89,245.14,0.1907,9,1.0,1.1264925865953062,1.244
P0056,2024-10-01,Home & Living,Storage,302.89,245.14,0.1907,10,1.3,1.1433899753942356,1.873
P0056,2024-11-01,Home & Living,Storage,302.89,245.14,0.1907,11,1.42,1.160540825025149,1.837
P0056,2024-12-01,Home & Living,Storage,302.89,245.14,0.1907,12,1.5,1.177948937400526,2.139
P0056,2025-01-01,Home & Living,Storage,302.89,245.14,0.1907,1,0.88,1.195618171461534,1.162
P0056,2025-02-01,Home & Living,Storage,302.89,245.14,0.1907,2,0.9,1.2135524440334569,0.802
P0056,2025-03-01,Home & Living,Storage,302.89,245.14,0.1907,3,1.0,1.2317557306939584,1.624
P0056,2025-04-01,Home & Living,Storage,302.89,245.14,0.1907,4,1.0,1.2502320666543678,1.141
P0056,2025-05-01,Home & Living,Storage,302.89,245.14,0.1907,5,1.0,1.2689855476541831,1.277
P0056,2025-06-01,Home & Living,Storage,302.89,245.14,0.1907,6,1.1,1.2880203308689957,1.576
P0056,2025-07-01,Home & Living,Storage,302.89,245.14,0.1907,7,1.08,1.3073406358320305,1.264
P0056,2025-08-01,Home & Living,Storage,302.89,245.14,0.1907,8,1.0,1.3269507453695109,1.092
P0056,2025-09-01,Home & Living,Storage,302.89,245.14,0.1907,9,1.0,1.3468550065500535,1.172
P0056,2025-10-01,Home & Living,Storage,302.89,245.14,0.1907,10,1.3,1.3670578316483042,1.82
P0056,2025-11-01,Home & Living,Storage,302.89,245.14,0.1907,11,1.42,1.3875636991230285,2.008
P0056,2025-12-01,Home & Living,Storage,302.89,245.14,0.1907,12,1.5,1.4083771546098738,2.401
P0056,2026-01-01,Home & Living,Storage,302.89,245.14,0.1907,1,0.88,1.4295028119290218,1.469
P0056,2026-02-01,Home & Living,Storage,302.89,245.14,0.1907,2,0.9,1.4509453541079569,1.39
P0056,2026-03-01,Home & Living,Storage,302.89,245.14,0.1907,3,1.0,1.4727095344195762,1.269
P0056,2026-04-01,Home & Living,Storage,302.89,245.14,0.1907,4,1.0,1.4948001774358697,1.723
P0056,2026-05-01,Home & Living,Storage,302.89,245.14,0.1907,5,1.0,1.5172221800974075,1.455
P0056,2026-06-01,Home & Living,Storage,302.89,245.14,0.1907,6,1.1,1.5399805127988686,1.782
P0056,2026-07-01,Home & Living,Storage,302.89,245.14,0.1907,7,1.08,1.5630802204908514,1.884
P0056,2026-08-01,Home & Living,Storage,302.89,245.14,0.1907,8,1.0,1.586526423798214,1.509
P0056,2026-09-01,Home & Living,Storage,302.89,245.14,0.1907,9,1.0,1.6103243201551871,1.762
P0057,2024-01-01,Home & Living,Storage,508.77,324.47,0.3622,1,0.88,1.0,0.847
P0057,2024-02-01,Home & Living,Storage,508.77,324.47,0.3622,2,0.9,1.015,0.858
P0057,2024-03-01,Home & Living,Storage,508.77,324.47,0.3622,3,1.0,1.0302249999999997,1.085
P0057,2024-04-01,Home & Living,Storage,508.77,324.47,0.3622,4,1.0,1.0456783749999996,1.164
P0057,2024-05-01,Home & Living,Storage,508.77,324.47,0.3622,5,1.0,1.0613635506249997,0.998
P0057,2024-06-01,Home & Living,Storage,508.77,324.47,0.3622,6,1.1,1.0772840038843745,1.358
P0057,2024-07-01,Home & Living,Storage,508.77,324.47,0.3622,7,1.08,1.09344326394264,1.183
P0057,2024-08-01,Home & Living,Storage,508.77,324.47,0.3622,8,1.0,1.1098449129017796,0.932
P0057,2024-09-01,Home & Living,Storage,508.77,324.47,0.3622,9,1.0,1.1264925865953062,1.631
P0057,2024-10-01,Home & Living,Storage,508.77,324.47,0.3622,10,1.3,1.1433899753942356,1.447
P0057,2024-11-01,Home & Living,Storage,508.77,324.47,0.3622,11,1.42,1.160540825025149,1.835
P0057,2024-12-01,Home & Living,Storage,508.77,324.47,0.3622,12,1.5,1.177948937400526,1.686
P0057,2025-01-01,Home & Living,Storage,508.77,324.47,0.3622,1,0.88,1.195618171461534,0.921
P0057,2025-02-01,Home & Living,Storage,508.77,324.47,0.3622,2,0.9,1.2135524440334569,0.995
P0057,2025-03-01,Home & Living,Storage,508.77,324.47,0.3622,3,1.0,1.2317557306939584,1.169
P0057,2025-04-01,Home & Living,Storage,508.77,324.47,0.3622,4,1.0,1.2502320666543678,1.333
P0057,2025-05-01,Home & Living,Storage,508.77,324.47,0.3622,5,1.0,1.2689855476541831,1.261
P0057,2025-06-01,Home & Living,Storage,508.77,324.47,0.3622,6,1.1,1.2880203308689957,1.633
P0057,2025-07-01,Home & Living,Storage,508.77,324.47,0.3622,7,1.08,1.3073406358320305,1.142
P0057,2025-08-01,Home & Living,Storage,508.77,324.47,0.3622,8,1.0,1.3269507453695109,1.466
P0057,2025-09-01,Home & Living,Storage,508.77,324.47,0.3622,9,1.0,1.3468550065500535,1.207
P0057,2025-10-01,Home & Living,Storage,508.77,324.47,0.3622,10,1.3,1.3670578316483042,1.945
P0057,2025-11-01,Home & Living,Storage,508.77,324.47,0.3622,11,1.42,1.3875636991230285,1.939
P0057,2025-12-01,Home & Living,Storage,508.77,324.47,0.3622,12,1.5,1.4083771546098738,2.299
P0057,2026-01-01,Home & Living,Storage,508.77,324.47,0.3622,1,0.88,1.4295028119290218,1.435
P0057,2026-02-01,Home & Living,Storage,508.77,324.47,0.3622,2,0.9,1.4509453541079569,1.491
P0057,2026-03-01,Home & Living,Storage,508.77,324.47,0.3622,3,1.0,1.4727095344195762,1.364
P0057,2026-04-01,Home & Living,Storage,508.77,324.47,0.3622,4,1.0,1.4948001774358697,1.524
P0057,2026-05-01,Home & Living,Storage,508.77,324.47,0.3622,5,1.0,1.5172221800974075,1.514
P0057,2026-06-01,Home & Living,Storage,508.77,324.47,0.3622,6,1.1,1.5399805127988686,2.269
P0057,2026-07-01,Home & Living,Storage,508.77,324.47,0.3622,7,1.08,1.5630802204908514,1.968
P0057,2026-08-01,Home & Living,Storage,508.77,324.47,0.3622,8,1.0,1.586526423798214,1.812
P0057,2026-09-01,Home & Living,Storage,508.77,324.47,0.3622,9,1.0,1.6103243201551871,1.536
P0058,2024-01-01,Home & Living,Storage,3689.95,1969.6,0.4662,1,0.88,1.0,0.811
P0058,2024-02-01,Home & Living,Storage,3689.95,1969.6,0.4662,2,0.9,1.015,0.943
P0058,2024-03-01,Home & Living,Storage,3689.95,1969.6,0.4662,3,1.0,1.0302249999999997,1.172
P0058,2024-04-01,Home & Living,Storage,3689.95,1969.6,0.4662,4,1.0,1.0456783749999996,1.069
P0058,2024-05-01,Home & Living,Storage,3689.95,1969.6,0.4662,5,1.0,1.0613635506249997,1.217
P0058,2024-06-01,Home & Living,Storage,3689.95,1969.6,0.4662,6,1.1,1.0772840038843745,1.198
P0058,2024-07-01,Home & Living,Storage,3689.95,1969.6,0.4662,7,1.08,1.09344326394264,1.158
P0058,2024-08-01,Home & Living,Storage,3689.95,1969.6,0.4662,8,1.0,1.1098449129017796,0.978
P0058,2024-09-01,Home & Living,Storage,3689.95,1969.6,0.4662,9,1.0,1.1264925865953062,1.285
P0058,2024-10-01,Home & Living,Storage,3689.95,1969.6,0.4662,10,1.3,1.1433899753942356,1.368
P0058,2024-11-01,Home & Living,Storage,3689.95,1969.6,0.4662,11,1.42,1.160540825025149,1.582
P0058,2024-12-01,Home & Living,Storage,3689.95,1969.6,0.4662,12,1.5,1.177948937400526,1.59
P0058,2025-01-01,Home & Living,Storage,3689.95,1969.6,0.4662,1,0.88,1.195618171461534,0.844
P0058,2025-02-01,Home & Living,Storage,3689.95,1969.6,0.4662,2,0.9,1.2135524440334569,1.05
P0058,2025-03-01,Home & Living,Storage,3689.95,1969.6,0.4662,3,1.0,1.2317557306939584,1.107
P0058,2025-04-01,Home & Living,Storage,3689.95,1969.6,0.4662,4,1.0,1.2502320666543678,1.097
P0058,2025-05-01,Home & Living,Storage,3689.95,1969.6,0.4662,5,1.0,1.2689855476541831,1.354
P0058,2025-06-01,Home & Living,Storage,3689.95,1969.6,0.4662,6,1.1,1.2880203308689957,1.369
P0058,2025-07-01,Home & Living,Storage,3689.95,1969.6,0.4662,7,1.08,1.3073406358320305,1.322
P0058,2025-08-01,Home & Living,Storage,3689.95,1969.6,0.4662,8,1.0,1.3269507453695109,1.363
P0058,2025-09-01,Home & Living,Storage,3689.95,1969.6,0.4662,9,1.0,1.3468550065500535,1.315
P0058,2025-10-01,Home & Living,Storage,3689.95,1969.6,0.4662,10,1.3,1.3670578316483042,1.803
P0058,2025-11-01,Home & Living,Storage,3689.95,1969.6,0.4662,11,1.42,1.3875636991230285,1.874
P0058,2025-12-01,Home & Living,Storage,3689.95,1969.6,0.4662,12,1.5,1.4083771546098738,2.581
P0058,2026-01-01,Home & Living,Storage,3689.95,1969.6,0.4662,1,0.88,1.4295028119290218,1.489
P0058,2026-02-01,Home & Living,Storage,3689.95,1969.6,0.4662,2,0.9,1.4509453541079569,1.094
P0058,2026-03-01,Home & Living,Storage,3689.95,1969.6,0.4662,3,1.0,1.4727095344195762,1.282
P0058,2026-04-01,Home & Living,Storage,3689.95,1969.6,0.4662,4,1.0,1.4948001774358697,1.219
P0058,2026-05-01,Home & Living,Storage,3689.95,1969.6,0.4662,5,1.0,1.5172221800974075,1.375
P0058,2026-06-01,Home & Living,Storage,3689.95,1969.6,0.4662,6,1.1,1.5399805127988686,1.701
P0058,2026-07-01,Home & Living,Storage,3689.95,1969.6,0.4662,7,1.08,1.5630802204908514,1.769
P0058,2026-08-01,Home & Living,Storage,3689.95,1969.6,0.4662,8,1.0,1.586526423798214,1.432
P0058,2026-09-01,Home & Living,Storage,3689.95,1969.6,0.4662,9,1.0,1.6103243201551871,1.596
P0059,2024-01-01,Home & Living,Storage,510.82,295.0,0.4225,1,0.88,1.0,1.137
P0059,2024-02-01,Home & Living,Storage,510.82,295.0,0.4225,2,0.9,1.015,0.809
P0059,2024-03-01,Home & Living,Storage,510.82,295.0,0.4225,3,1.0,1.0302249999999997,0.98
P0059,2024-04-01,Home & Living,Storage,510.82,295.0,0.4225,4,1.0,1.0456783749999996,0.877
P0059,2024-05-01,Home & Living,Storage,510.82,295.0,0.4225,5,1.0,1.0613635506249997,1.059
P0059,2024-06-01,Home & Living,Storage,510.82,295.0,0.4225,6,1.1,1.0772840038843745,1.274
P0059,2024-07-01,Home & Living,Storage,510.82,295.0,0.4225,7,1.08,1.09344326394264,1.172
P0059,2024-08-01,Home & Living,Storage,510.82,295.0,0.4225,8,1.0,1.1098449129017796,1.232
P0059,2024-09-01,Home & Living,Storage,510.82,295.0,0.4225,9,1.0,1.1264925865953062,0.97
P0059,2024-10-01,Home & Living,Storage,510.82,295.0,0.4225,10,1.3,1.1433899753942356,1.131
P0059,2024-11-01,Home & Living,Storage,510.82,295.0,0.4225,11,1.42,1.160540825025149,1.669
P0059,2024-12-01,Home & Living,Storage,510.82,295.0,0.4225,12,1.5,1.177948937400526,1.625
P0059,2025-01-01,Home & Living,Storage,510.82,295.0,0.4225,1,0.88,1.195618171461534,1.072
P0059,2025-02-01,Home & Living,Storage,510.82,295.0,0.4225,2,0.9,1.2135524440334569,1.065
P0059,2025-03-01,Home & Living,Storage,510.82,295.0,0.4225,3,1.0,1.2317557306939584,1.136
P0059,2025-04-01,Home & Living,Storage,510.82,295.0,0.4225,4,1.0,1.2502320666543678,1.061
P0059,2025-05-01,Home & Living,Storage,510.82,295.0,0.4225,5,1.0,1.2689855476541831,1.202
P0059,2025-06-01,Home & Living,Storage,510.82,295.0,0.4225,6,1.1,1.2880203308689957,1.486
P0059,2025-07-01,Home & Living,Storage,510.82,295.0,0.4225,7,1.08,1.3073406358320305,1.419
P0059,2025-08-01,Home & Living,Storage,510.82,295.0,0.4225,8,1.0,1.3269507453695109,1.554
P0059,2025-09-01,Home & Living,Storage,510.82,295.0,0.4225,9,1.0,1.3468550065500535,1.364
P0059,2025-10-01,Home & Living,Storage,510.82,295.0,0.4225,10,1.3,1.3670578316483042,1.785
P0059,2025-11-01,Home & Living,Storage,510.82,295.0,0.4225,11,1.42,1.3875636991230285,1.791
P0059,2025-12-01,Home & Living,Storage,510.82,295.0,0.4225,12,1.5,1.4083771546098738,1.947
P0059,2026-01-01,Home & Living,Storage,510.82,295.0,0.4225,1,0.88,1.4295028119290218,1.273
P0059,2026-02-01,Home & Living,Storage,510.82,295.0,0.4225,2,0.9,1.4509453541079569,1.324
P0059,2026-03-01,Home & Living,Storage,510.82,295.0,0.4225,3,1.0,1.4727095344195762,1.326
P0059,2026-04-01,Home & Living,Storage,510.82,295.0,0.4225,4,1.0,1.4948001774358697,1.325
P0059,2026-05-01,Home & Living,Storage,510.82,295.0,0.4225,5,1.0,1.5172221800974075,1.791
P0059,2026-06-01,Home & Living,Storage,510.82,295.0,0.4225,6,1.1,1.5399805127988686,1.631
P0059,2026-07-01,Home & Living,Storage,510.82,295.0,0.4225,7,1.08,1.5630802204908514,1.89
P0059,2026-08-01,Home & Living,Storage,510.82,295.0,0.4225,8,1.0,1.586526423798214,1.653
P0059,2026-09-01,Home & Living,Storage,510.82,295.0,0.4225,9,1.0,1.6103243201551871,1.483
P0060,2024-01-01,Home & Living,Storage,768.09,552.29,0.281,1,0.88,1.0,0.856
P0060,2024-02-01,Home & Living,Storage,768.09,552.29,0.281,2,0.9,1.015,0.828
P0060,2024-03-01,Home & Living,Storage,768.09,552.29,0.281,3,1.0,1.0302249999999997,1.026
P0060,2024-04-01,Home & Living,Storage,768.09,552.29,0.281,4,1.0,1.0456783749999996,1.156
P0060,2024-05-01,Home & Living,Storage,768.09,552.29,0.281,5,1.0,1.0613635506249997,0.844
P0060,2024-06-01,Home & Living,Storage,768.09,552.29,0.281,6,1.1,1.0772840038843745,1.107
P0060,2024-07-01,Home & Living,Storage,768.09,552.29,0.281,7,1.08,1.09344326394264,1.063
P0060,2024-08-01,Home & Living,Storage,768.09,552.29,0.281,8,1.0,1.1098449129017796,0.964
P0060,2024-09-01,Home & Living,Storage,768.09,552.29,0.281,9,1.0,1.1264925865953062,1.072
P0060,2024-10-01,Home & Living,Storage,768.09,552.29,0.281,10,1.3,1.1433899753942356,1.721
P0060,2024-11-01,Home & Living,Storage,768.09,552.29,0.281,11,1.42,1.160540825025149,1.278
P0060,2024-12-01,Home & Living,Storage,768.09,552.29,0.281,12,1.5,1.177948937400526,1.662
P0060,2025-01-01,Home & Living,Storage,768.09,552.29,0.281,1,0.88,1.195618171461534,1.067
P0060,2025-02-01,Home & Living,Storage,768.09,552.29,0.281,2,0.9,1.2135524440334569,1.225
P0060,2025-03-01,Home & Living,Storage,768.09,552.29,0.281,3,1.0,1.2317557306939584,1.163
P0060,2025-04-01,Home & Living,Storage,768.09,552.29,0.281,4,1.0,1.2502320666543678,1.308
P0060,2025-05-01,Home & Living,Storage,768.09,552.29,0.281,5,1.0,1.2689855476541831,0.986
P0060,2025-06-01,Home & Living,Storage,768.09,552.29,0.281,6,1.1,1.2880203308689957,1.385
P0060,2025-07-01,Home & Living,Storage,768.09,552.29,0.281,7,1.08,1.3073406358320305,1.509
P0060,2025-08-01,Home & Living,Storage,768.09,552.29,0.281,8,1.0,1.3269507453695109,1.326
P0060,2025-09-01,Home & Living,Storage,768.09,552.29,0.281,9,1.0,1.3468550065500535,1.561
P0060,2025-10-01,Home & Living,Storage,768.09,552.29,0.281,10,1.3,1.3670578316483042,1.339
P0060,2025-11-01,Home & Living,Storage,768.09,552.29,0.281,11,1.42,1.3875636991230285,2.084
P0060,2025-12-01,Home & Living,Storage,768.09,552.29,0.281,12,1.5,1.4083771546098738,1.858
P0060,2026-01-01,Home & Living,Storage,768.09,552.29,0.281,1,0.88,1.4295028119290218,1.491
P0060,2026-02-01,Home & Living,Storage,768.09,552.29,0.281,2,0.9,1.4509453541079569,1.457
P0060,2026-03-01,Home & Living,Storage,768.09,552.29,0.281,3,1.0,1.4727095344195762,1.701
P0060,2026-04-01,Home & Living,Storage,768.09,552.29,0.281,4,1.0,1.4948001774358697,1.59
P0060,2026-05-01,Home & Living,Storage,768.09,552.29,0.281,5,1.0,1.5172221800974075,1.413
P0060,2026-06-01,Home & Living,Storage,768.09,552.29,0.281,6,1.1,1.5399805127988686,1.946
P0060,2026-07-01,Home & Living,Storage,768.09,552.29,0.281,7,1.08,1.5630802204908514,1.648
P0060,2026-08-01,Home & Living,Storage,768.09,552.29,0.281,8,1.0,1.586526423798214,1.607
P0060,2026-09-01,Home & Living,Storage,768.09,552.29,0.281,9,1.0,1.6103243201551871,1.539
P0061,2024-01-01,Fashion,Women,1512.14,1291.54,0.1459,1,0.88,1.0,1.011
P0061,2024-02-01,Fashion,Women,1512.14,1291.54,0.1459,2,0.9,0.992,0.998
P0061,2024-03-01,Fashion,Women,1512.14,1291.54,0.1459,3,1.0,0.9840639999999999,1.022
P0061,2024-04-01,Fashion,Women,1512.14,1291.54,0.1459,4,1.0,0.976191488,1.078
P0061,2024-05-01,Fashion,Women,1512.14,1291.54,0.1459,5,1.0,0.968381956096,0.943
P0061,2024-06-01,Fashion,Women,1512.14,1291.54,0.1459,6,1.1,0.960634900447232,0.921
P0061,2024-07-01,Fashion,Women,1512.14,1291.54,0.1459,7,1.08,0.9529498212436541,0.846
P0061,2024-08-01,Fashion,Women,1512.14,1291.54,0.1459,8,1.0,0.9453262226737048,0.83
P0061,2024-09-01,Fashion,Women,1512.14,1291.54,0.1459,9,1.0,0.9377636128923152,0.693
P0061,2024-10-01,Fashion,Women,1512.14,1291.54,0.1459,10,1.3,0.9302615039891767,1.164
P0061,2024-11-01,Fashion,Women,1512.14,1291.54,0.1459,11,1.42,0.9228194119572632,1.388
P0061,2024-12-01,Fashion,Women,1512.14,1291.54,0.1459,12,1.5,0.9154368566616051,1.66
P0061,2025-01-01,Fashion,Women,1512.14,1291.54,0.1459,1,0.88,0.9081133618083123,0.671
P0061,2025-02-01,Fashion,Women,1512.14,1291.54,0.1459,2,0.9,0.9008484549138458,0.797
P0061,2025-03-01,Fashion,Women,1512.14,1291.54,0.1459,3,1.0,0.893641667274535,1.039
P0061,2025-04-01,Fashion,Women,1512.14,1291.54,0.1459,4,1.0,0.8864925339363388,0.899
P0061,2025-05-01,Fashion,Women,1512.14,1291.54,0.1459,5,1.0,0.879400593664848,0.961
P0061,2025-06-01,Fashion,Women,1512.14,1291.54,0.1459,6,1.1,0.8723653889155293,0.961
P0061,2025-07-01,Fashion,Women,1512.14,1291.54,0.1459,7,1.08,0.865386465804205,1.034
P0061,2025-08-01,Fashion,Women,1512.14,1291.54,0.1459,8,1.0,0.8584633740777713,0.912
P0061,2025-09-01,Fashion,Women,1512.14,1291.54,0.1459,9,1.0,0.8515956670851492,0.805
P0061,2025-10-01,Fashion,Women,1512.14,1291.54,0.1459,10,1.3,0.8447829017484679,1.301
P0061,2025-11-01,Fashion,Women,1512.14,1291.54,0.1459,11,1.42,0.8380246385344802,1.277
P0061,2025-12-01,Fashion,Women,1512.14,1291.54,0.1459,12,1.5,0.8313204414262044,1.292
P0061,2026-01-01,Fashion,Women,1512.14,1291.54,0.1459,1,0.88,0.8246698778947947,0.69
P0061,2026-02-01,Fashion,Women,1512.14,1291.54,0.1459,2,0.9,0.8180725188716363,0.593
P0061,2026-03-01,Fashion,Women,1512.14,1291.54,0.1459,3,1.0,0.8115279387206633,0.676
P0061,2026-04-01,Fashion,Women,1512.14,1291.54,0.1459,4,1.0,0.8050357152108979,0.771
P0061,2026-05-01,Fashion,Women,1512.14,1291.54,0.1459,5,1.0,0.7985954294892108,0.816
P0061,2026-06-01,Fashion,Women,1512.14,1291.54,0.1459,6,1.1,0.792206666053297,1.017
P0061,2026-07-01,Fashion,Women,1512.14,1291.54,0.1459,7,1.08,0.7858690127248706,0.89
P0061,2026-08-01,Fashion,Women,1512.14,1291.54,0.1459,8,1.0,0.7795820606230717,0.768
P0061,2026-09-01,Fashion,Women,1512.14,1291.54,0.1459,9,1.0,0.7733454041380872,0.736
P0062,2024-01-01,Fashion,Women,582.24,476.03,0.1824,1,0.88,1.0,0.821
P0062,2024-02-01,Fashion,Women,582.24,476.03,0.1824,2,0.9,0.992,0.915
P0062,2024-03-01,Fashion,Women,582.24,476.03,0.1824,3,1.0,0.9840639999999999,0.788
P0062,2024-04-01,Fashion,Women,582.24,476.03,0.1824,4,1.0,0.976191488,0.982
P0062,2024-05-01,Fashion,Women,582.24,476.03,0.1824,5,1.0,0.968381956096,1.075
P0062,2024-06-01,Fashion,Women,582.24,476.03,0.1824,6,1.1,0.960634900447232,1.277
P0062,2024-07-01,Fashion,Women,582.24,476.03,0.1824,7,1.08,0.9529498212436541,1.043
P0062,2024-08-01,Fashion,Women,582.24,476.03,0.1824,8,1.0,0.9453262226737048,0.916
P0062,2024-09-01,Fashion,Women,582.24,476.03,0.1824,9,1.0,0.9377636128923152,0.984
P0062,2024-10-01,Fashion,Women,582.24,476.03,0.1824,10,1.3,0.9302615039891767,1.335
P0062,2024-11-01,Fashion,Women,582.24,476.03,0.1824,11,1.42,0.9228194119572632,1.163
P0062,2024-12-01,Fashion,Women,582.24,476.03,0.1824,12,1.5,0.9154368566616051,1.262
P0062,2025-01-01,Fashion,Women,582.24,476.03,0.1824,1,0.88,0.9081133618083123,1.07
P0062,2025-02-01,Fashion,Women,582.24,476.03,0.1824,2,0.9,0.9008484549138458,0.812
P0062,2025-03-01,Fashion,Women,582.24,476.03,0.1824,3,1.0,0.893641667274535,0.909
P0062,2025-04-01,Fashion,Women,582.24,476.03,0.1824,4,1.0,0.8864925339363388,0.735
P0062,2025-05-01,Fashion,Women,582.24,476.03,0.1824,5,1.0,0.879400593664848,0.885
P0062,2025-06-01,Fashion,Women,582.24,476.03,0.1824,6,1.1,0.8723653889155293,0.864
P0062,2025-07-01,Fashion,Women,582.24,476.03,0.1824,7,1.08,0.865386465804205,0.91
P0062,2025-08-01,Fashion,Women,582.24,476.03,0.1824,8,1.0,0.8584633740777713,0.8
P0062,2025-09-01,Fashion,Women,582.24,476.03,0.1824,9,1.0,0.8515956670851492,0.984
P0062,2025-10-01,Fashion,Women,582.24,476.03,0.1824,10,1.3,0.8447829017484679,1.25
P0062,2025-11-01,Fashion,Women,582.24,476.03,0.1824,11,1.42,0.8380246385344802,1.054
P0062,2025-12-01,Fashion,Women,582.24,476.03,0.1824,12,1.5,0.8313204414262044,0.968
P0062,2026-01-01,Fashion,Women,582.24,476.03,0.1824,1,0.88,0.8246698778947947,0.642
P0062,2026-02-01,Fashion,Women,582.24,476.03,0.1824,2,0.9,0.8180725188716363,0.805
P0062,2026-03-01,Fashion,Women,582.24,476.03,0.1824,3,1.0,0.8115279387206633,0.802
P0062,2026-04-01,Fashion,Women,582.24,476.03,0.1824,4,1.0,0.8050357152108979,0.893
P0062,2026-05-01,Fashion,Women,582.24,476.03,0.1824,5,1.0,0.7985954294892108,0.887
P0062,2026-06-01,Fashion,Women,582.24,476.03,0.1824,6,1.1,0.792206666053297,0.745
P0062,2026-07-01,Fashion,Women,582.24,476.03,0.1824,7,1.08,0.7858690127248706,0.871
P0062,2026-08-01,Fashion,Women,582.24,476.03,0.1824,8,1.0,0.7795820606230717,0.713
P0062,2026-09-01,Fashion,Women,582.24,476.03,0.1824,9,1.0,0.7733454041380872,0.747
P0063,2024-01-01,Fashion,Women,2837.1,1961.04,0.3088,1,0.88,1.0,0.802
P0063,2024-02-01,Fashion,Women,2837.1,1961.04,0.3088,2,0.9,0.992,0.949
P0063,2024-03-01,Fashion,Women,2837.1,1961.04,0.3088,3,1.0,0.9840639999999999,1.011
P0063,2024-04-01,Fashion,Women,2837.1,1961.04,0.3088,4,1.0,0.976191488,1.012
P0063,2024-05-01,Fashion,Women,2837.1,1961.04,0.3088,5,1.0,0.968381956096,0.953
P0063,2024-06-01,Fashion,Women,2837.1,1961.04,0.3088,6,1.1,0.960634900447232,1.02
P0063,2024-07-01,Fashion,Women,2837.1,1961.04,0.3088,7,1.08,0.9529498212436541,0.985
P0063,2024-08-01,Fashion,Women,2837.1,1961.04,0.3088,8,1.0,0.9453262226737048,1.222
P0063,2024-09-01,Fashion,Women,2837.1,1961.04,0.3088,9,1.0,0.9377636128923152,1.026
P0063,2024-10-01,Fashion,Women,2837.1,1961.04,0.3088,10,1.3,0.9302615039891767,1.017
P0063,2024-11-01,Fashion,Women,2837.1,1961.04,0.3088,11,1.42,0.9228194119572632,1.247
P0063,2024-12-01,Fashion,Women,2837.1,1961.04,0.3088,12,1.5,0.9154368566616051,1.388
P0063,2025-01-01,Fashion,Women,2837.1,1961.04,0.3088,1,0.88,0.9081133618083123,0.8
P0063,2025-02-01,Fashion,Women,2837.1,1961.04,0.3088,2,0.9,0.9008484549138458,0.733
P0063,2025-03-01,Fashion,Women,2837.1,1961.04,0.3088,3,1.0,0.893641667274535,0.802
P0063,2025-04-01,Fashion,Women,2837.1,1961.04,0.3088,4,1.0,0.8864925339363388,0.84
P0063,2025-05-01,Fashion,Women,2837.1,1961.04,0.3088,5,1.0,0.879400593664848,0.655
P0063,2025-06-01,Fashion,Women,2837.1,1961.04,0.3088,6,1.1,0.8723653889155293,1.116
P0063,2025-07-01,Fashion,Women,2837.1,1961.04,0.3088,7,1.08,0.865386465804205,0.947
P0063,2025-08-01,Fashion,Women,2837.1,1961.04,0.3088,8,1.0,0.8584633740777713,0.927
P0063,2025-09-01,Fashion,Women,2837.1,1961.04,0.3088,9,1.0,0.8515956670851492,0.764
P0063,2025-10-01,Fashion,Women,2837.1,1961.04,0.3088,10,1.3,0.8447829017484679,1.164
P0063,2025-11-01,Fashion,Women,2837.1,1961.04,0.3088,11,1.42,0.8380246385344802,1.294
P0063,2025-12-01,Fashion,Women,2837.1,1961.04,0.3088,12,1.5,0.8313204414262044,1.576
P0063,2026-01-01,Fashion,Women,2837.1,1961.04,0.3088,1,0.88,0.8246698778947947,0.807
P0063,2026-02-01,Fashion,Women,2837.1,1961.04,0.3088,2,0.9,0.8180725188716363,0.684
P0063,2026-03-01,Fashion,Women,2837.1,1961.04,0.3088,3,1.0,0.8115279387206633,0.874
P0063,2026-04-01,Fashion,Women,2837.1,1961.04,0.3088,4,1.0,0.8050357152108979,0.669
P0063,2026-05-01,Fashion,Women,2837.1,1961.04,0.3088,5,1.0,0.7985954294892108,0.712
P0063,2026-06-01,Fashion,Women,2837.1,1961.04,0.3088,6,1.1,0.792206666053297,0.727
P0063,2026-07-01,Fashion,Women,2837.1,1961.04,0.3088,7,1.08,0.7858690127248706,1.002
P0063,2026-08-01,Fashion,Women,2837.1,1961.04,0.3088,8,1.0,0.7795820606230717,0.721
P0063,2026-09-01,Fashion,Women,2837.1,1961.04,0.3088,9,1.0,0.7733454041380872,0.771
P0064,2024-01-01,Fashion,Women,352.75,197.82,0.4392,1,0.88,1.0,0.909
P0064,2024-02-01,Fashion,Women,352.75,197.82,0.4392,2,0.9,0.992,0.956
P0064,2024-03-01,Fashion,Women,352.75,197.82,0.4392,3,1.0,0.9840639999999999,1.001
P0064,2024-04-01,Fashion,Women,352.75,197.82,0.4392,4,1.0,0.976191488,1.221
P0064,2024-05-01,Fashion,Women,352.75,197.82,0.4392,5,1.0,0.968381956096,0.903
P0064,2024-06-01,Fashion,Women,352.75,197.82,0.4392,6,1.1,0.960634900447232,1.165
P0064,2024-07-01,Fashion,Women,352.75,197.82,0.4392,7,1.08,0.9529498212436541,1.124
P0064,2024-08-01,Fashion,Women,352.75,197.82,0.4392,8,1.0,0.9453262226737048,0.975
P0064,2024-09-01,Fashion,Women,352.75,197.82,0.4392,9,1.0,0.9377636128923152,1.055
P0064,2024-10-01,Fashion,Women,352.75,197.82,0.4392,10,1.3,0.9302615039891767,1.281
P0064,2024-11-01,Fashion,Women,352.75,197.82,0.4392,11,1.42,0.9228194119572632,1.244
P0064,2024-12-01,Fashion,Women,352.75,197.82,0.4392,12,1.5,0.9154368566616051,1.248
P0064,2025-01-01,Fashion,Women,352.75,197.82,0.4392,1,0.88,0.9081133618083123,0.655
P0064,2025-02-01,Fashion,Women,352.75,197.82,0.4392,2,0.9,0.9008484549138458,0.91
P0064,2025-03-01,Fashion,Women,352.75,197.82,0.4392,3,1.0,0.893641667274535,1.102
P0064,2025-04-01,Fashion,Women,352.75,197.82,0.4392,4,1.0,0.8864925339363388,0.78
P0064,2025-05-01,Fashion,Women,352.75,197.82,0.4392,5,1.0,0.879400593664848,0.862
P0064,2025-06-01,Fashion,Women,352.75,197.82,0.4392,6,1.1,0.8723653889155293,0.863
P0064,2025-07-01,Fashion,Women,352.75,197.82,0.4392,7,1.08,0.865386465804205,0.894
P0064,2025-08-01,Fashion,Women,352.75,197.82,0.4392,8,1.0,0.8584633740777713,0.718
P0064,2025-09-01,Fashion,Women,352.75,197.82,0.4392,9,1.0,0.8515956670851492,0.854
P0064,2025-10-01,Fashion,Women,352.75,197.82,0.4392,10,1.3,0.8447829017484679,1.024
P0064,2025-11-01,Fashion,Women,352.75,197.82,0.4392,11,1.42,0.8380246385344802,1.007
P0064,2025-12-01,Fashion,Women,352.75,197.82,0.4392,12,1.5,0.8313204414262044,1.29
P0064,2026-01-01,Fashion,Women,352.75,197.82,0.4392,1,0.88,0.8246698778947947,0.693
P0064,2026-02-01,Fashion,Women,352.75,197.82,0.4392,2,0.9,0.8180725188716363,0.628
P0064,2026-03-01,Fashion,Women,352.75,197.82,0.4392,3,1.0,0.8115279387206633,0.807
P0064,2026-04-01,Fashion,Women,352.75,197.82,0.4392,4,1.0,0.8050357152108979,0.755
P0064,2026-05-01,Fashion,Women,352.75,197.82,0.4392,5,1.0,0.7985954294892108,0.905
P0064,2026-06-01,Fashion,Women,352.75,197.82,0.4392,6,1.1,0.792206666053297,1.019
P0064,2026-07-01,Fashion,Women,352.75,197.82,0.4392,7,1.08,0.7858690127248706,0.669
P0064,2026-08-01,Fashion,Women,352.75,197.82,0.4392,8,1.0,0.7795820606230717,0.739
P0064,2026-09-01,Fashion,Women,352.75,197.82,0.4392,9,1.0,0.7733454041380872,0.706
P0065,2024-01-01,Fashion,Women,356.58,212.68,0.4036,1,0.88,1.0,0.993
P0065,2024-02-01,Fashion,Women,356.58,212.68,0.4036,2,0.9,0.992,0.93
P0065,2024-03-01,Fashion,Women,356.58,212.68,0.4036,3,1.0,0.9840639999999999,0.891
P0065,2024-04-01,Fashion,Women,356.58,212.68,0.4036,4,1.0,0.976191488,0.93
P0065,2024-05-01,Fashion,Women,356.58,212.68,0.4036,5,1.0,0.968381956096,0.819
P0065,2024-06-01,Fashion,Women,356.58,212.68,0.4036,6,1.1,0.960634900447232,1.058
P0065,2024-07-01,Fashion,Women,356.58,212.68,0.4036,7,1.08,0.9529498212436541,0.921
P0065,2024-08-01,Fashion,Women,356.58,212.68,0.4036,8,1.0,0.9453262226737048,0.85
P0065,2024-09-01,Fashion,Women,356.58,212.68,0.4036,9,1.0,0.9377636128923152,0.689
P0065,2024-10-01,Fashion,Women,356.58,212.68,0.4036,10,1.3,0.9302615039891767,1.437
P0065,2024-11-01,Fashion,Women,356.58,212.68,0.4036,11,1.42,0.9228194119572632,1.524
P0065,2024-12-01,Fashion,Women,356.58,212.68,0.4036,12,1.5,0.9154368566616051,1.169
P0065,2025-01-01,Fashion,Women,356.58,212.68,0.4036,1,0.88,0.9081133618083123,0.918
P0065,2025-02-01,Fashion,Women,356.58,212.68,0.4036,2,0.9,0.9008484549138458,0.859
P0065,2025-03-01,Fashion,Women,356.58,212.68,0.4036,3,1.0,0.893641667274535,0.73
P0065,2025-04-01,Fashion,Women,356.58,212.68,0.4036,4,1.0,0.8864925339363388,0.925
P0065,2025-05-01,Fashion,Women,356.58,212.68,0.4036,5,1.0,0.879400593664848,0.896
P0065,2025-06-01,Fashion,Women,356.58,212.68,0.4036,6,1.1,0.8723653889155293,1.073
P0065,2025-07-01,Fashion,Women,356.58,212.68,0.4036,7,1.08,0.865386465804205,0.851
P0065,2025-08-01,Fashion,Women,356.58,212.68,0.4036,8,1.0,0.8584633740777713,0.779
P0065,2025-09-01,Fashion,Women,356.58,212.68,0.4036,9,1.0,0.8515956670851492,0.835
P0065,2025-10-01,Fashion,Women,356.58,212.68,0.4036,10,1.3,0.8447829017484679,1.018
P0065,2025-11-01,Fashion,Women,356.58,212.68,0.4036,11,1.42,0.8380246385344802,1.346
P0065,2025-12-01,Fashion,Women,356.58,212.68,0.4036,12,1.5,0.8313204414262044,1.174
P0065,2026-01-01,Fashion,Women,356.58,212.68,0.4036,1,0.88,0.8246698778947947,0.546
P0065,2026-02-01,Fashion,Women,356.58,212.68,0.4036,2,0.9,0.8180725188716363,0.83
P0065,2026-03-01,Fashion,Women,356.58,212.68,0.4036,3,1.0,0.8115279387206633,0.689
P0065,2026-04-01,Fashion,Women,356.58,212.68,0.4036,4,1.0,0.8050357152108979,0.759
P0065,2026-05-01,Fashion,Women,356.58,212.68,0.4036,5,1.0,0.7985954294892108,0.883
P0065,2026-06-01,Fashion,Women,356.58,212.68,0.4036,6,1.1,0.792206666053297,0.92
P0065,2026-07-01,Fashion,Women,356.58,212.68,0.4036,7,1.08,0.7858690127248706,0.924
P0065,2026-08-01,Fashion,Women,356.58,212.68,0.4036,8,1.0,0.7795820606230717,0.66
P0065,2026-09-01,Fashion,Women,356.58,212.68,0.4036,9,1.0,0.7733454041380872,0.643
P0066,2024-01-01,Fashion,Women,290.44,211.06,0.2733,1,0.88,1.0,0.857
P0066,2024-02-01,Fashion,Women,290.44,211.06,0.2733,2,0.9,0.992,1.018
P0066,2024-03-01,Fashion,Women,290.44,211.06,0.2733,3,1.0,0.9840639999999999,1.014
P0066,2024-04-01,Fashion,Women,290.44,211.06,0.2733,4,1.0,0.976191488,1.074
P0066,2024-05-01,Fashion,Women,290.44,211.06,0.2733,5,1.0,0.968381956096,0.987
P0066,2024-06-01,Fashion,Women,290.44,211.06,0.2733,6,1.1,0.960634900447232,1.124
P0066,2024-07-01,Fashion,Women,290.44,211.06,0.2733,7,1.08,0.9529498212436541,0.992
P0066,2024-08-01,Fashion,Women,290.44,211.06,0.2733,8,1.0,0.9453262226737048,0.862
P0066,2024-09-01,Fashion,Women,290.44,211.06,0.2733,9,1.0,0.9377636128923152,1.019
P0066,2024-10-01,Fashion,Women,290.44,211.06,0.2733,10,1.3,0.9302615039891767,1.22
P0066,2024-11-01,Fashion,Women,290.44,211.06,0.2733,11,1.42,0.9228194119572632,1.448
P0066,2024-12-01,Fashion,Women,290.44,211.06,0.2733,12,1.5,0.9154368566616051,1.471
P0066,2025-01-01,Fashion,Women,290.44,211.06,0.2733,1,0.88,0.9081133618083123,0.882
P0066,2025-02-01,Fashion,Women,290.44,211.06,0.2733,2,0.9,0.9008484549138458,0.806
P0066,2025-03-01,Fashion,Women,290.44,211.06,0.2733,3,1.0,0.893641667274535,0.959
P0066,2025-04-01,Fashion,Women,290.44,211.06,0.2733,4,1.0,0.8864925339363388,0.797
P0066,2025-05-01,Fashion,Women,290.44,211.06,0.2733,5,1.0,0.879400593664848,0.765
P0066,2025-06-01,Fashion,Women,290.44,211.06,0.2733,6,1.1,0.8723653889155293,0.974
P0066,2025-07-01,Fashion,Women,290.44,211.06,0.2733,7,1.08,0.865386465804205,0.906
P0066,2025-08-01,Fashion,Women,290.44,211.06,0.2733,8,1.0,0.8584633740777713,0.712
P0066,2025-09-01,Fashion,Women,290.44,211.06,0.2733,9,1.0,0.8515956670851492,1.06
P0066,2025-10-01,Fashion,Women,290.44,211.06,0.2733,10,1.3,0.8447829017484679,1.304
P0066,2025-11-01,Fashion,Women,290.44,211.06,0.2733,11,1.42,0.8380246385344802,1.49
P0066,2025-12-01,Fashion,Women,290.44,211.06,0.2733,12,1.5,0.8313204414262044,1.413
P0066,2026-01-01,Fashion,Women,290.44,211.06,0.2733,1,0.88,0.8246698778947947,0.843
P0066,2026-02-01,Fashion,Women,290.44,211.06,0.2733,2,0.9,0.8180725188716363,0.852
P0066,2026-03-01,Fashion,Women,290.44,211.06,0.2733,3,1.0,0.8115279387206633,0.856
P0066,2026-04-01,Fashion,Women,290.44,211.06,0.2733,4,1.0,0.8050357152108979,0.679
P0066,2026-05-01,Fashion,Women,290.44,211.06,0.2733,5,1.0,0.7985954294892108,0.697
P0066,2026-06-01,Fashion,Women,290.44,211.06,0.2733,6,1.1,0.792206666053297,1.091
P0066,2026-07-01,Fashion,Women,290.44,211.06,0.2733,7,1.08,0.7858690127248706,0.994
P0066,2026-08-01,Fashion,Women,290.44,211.06,0.2733,8,1.0,0.7795820606230717,0.674
P0066,2026-09-01,Fashion,Women,290.44,211.06,0.2733,9,1.0,0.7733454041380872,0.737
P0067,2024-01-01,Fashion,Women,466.66,305.77,0.3448,1,0.88,1.0,0.739
P0067,2024-02-01,Fashion,Women,466.66,305.77,0.3448,2,0.9,0.992,1.018
P0067,2024-03-01,Fashion,Women,466.66,305.77,0.3448,3,1.0,0.9840639999999999,0.938
P0067,2024-04-01,Fashion,Women,466.66,305.77,0.3448,4,1.0,0.976191488,1.26
P0067,2024-05-01,Fashion,Women,466.66,305.77,0.3448,5,1.0,0.968381956096,1.054
P0067,2024-06-01,Fashion,Women,466.66,305.77,0.3448,6,1.1,0.960634900447232,1.167
P0067,2024-07-01,Fashion,Women,466.66,305.77,0.3448,7,1.08,0.9529498212436541,0.985
P0067,2024-08-01,Fashion,Women,466.66,305.77,0.3448,8,1.0,0.9453262226737048,0.945
P0067,2024-09-01,Fashion,Women,466.66,305.77,0.3448,9,1.0,0.9377636128923152,1.163
P0067,2024-10-01,Fashion,Women,466.66,305.77,0.3448,10,1.3,0.9302615039891767,1.115
P0067,2024-11-01,Fashion,Women,466.66,305.77,0.3448,11,1.42,0.9228194119572632,1.417
P0067,2024-12-01,Fashion,Women,466.66,305.77,0.3448,12,1.5,0.9154368566616051,1.654
P0067,2025-01-01,Fashion,Women,466.66,305.77,0.3448,1,0.88,0.9081133618083123,0.673
P0067,2025-02-01,Fashion,Women,466.66,305.77,0.3448,2,0.9,0.9008484549138458,0.698
P0067,2025-03-01,Fashion,Women,466.66,305.77,0.3448,3,1.0,0.893641667274535,0.805
P0067,2025-04-01,Fashion,Women,466.66,305.77,0.3448,4,1.0,0.8864925339363388,0.747
P0067,2025-05-01,Fashion,Women,466.66,305.77,0.3448,5,1.0,0.879400593664848,0.908
P0067,2025-06-01,Fashion,Women,466.66,305.77,0.3448,6,1.1,0.8723653889155293,1.041
P0067,2025-07-01,Fashion,Women,466.66,305.77,0.3448,7,1.08,0.865386465804205,0.866
P0067,2025-08-01,Fashion,Women,466.66,305.77,0.3448,8,1.0,0.8584633740777713,0.853
P0067,2025-09-01,Fashion,Women,466.66,305.77,0.3448,9,1.0,0.8515956670851492,1.13
P0067,2025-10-01,Fashion,Women,466.66,305.77,0.3448,10,1.3,0.8447829017484679,1.209
P0067,2025-11-01,Fashion,Women,466.66,305.77,0.3448,11,1.42,0.8380246385344802,1.304
P0067,2025-12-01,Fashion,Women,466.66,305.77,0.3448,12,1.5,0.8313204414262044,1.294
P0067,2026-01-01,Fashion,Women,466.66,305.77,0.3448,1,0.88,0.8246698778947947,0.924
P0067,2026-02-01,Fashion,Women,466.66,305.77,0.3448,2,0.9,0.8180725188716363,0.646
P0067,2026-03-01,Fashion,Women,466.66,305.77,0.3448,3,1.0,0.8115279387206633,0.664
P0067,2026-04-01,Fashion,Women,466.66,305.77,0.3448,4,1.0,0.8050357152108979,0.703
P0067,2026-05-01,Fashion,Women,466.66,305.77,0.3448,5,1.0,0.7985954294892108,0.982
P0067,2026-06-01,Fashion,Women,466.66,305.77,0.3448,6,1.1,0.792206666053297,0.812
P0067,2026-07-01,Fashion,Women,466.66,305.77,0.3448,7,1.08,0.7858690127248706,0.684
P0067,2026-08-01,Fashion,Women,466.66,305.77,0.3448,8,1.0,0.7795820606230717,0.723
P0067,2026-09-01,Fashion,Women,466.66,305.77,0.3448,9,1.0,0.7733454041380872,0.722
P0068,2024-01-01,Fashion,Women,699.28,584.68,0.1639,1,0.88,1.0,0.924
P0068,2024-02-01,Fashion,Women,699.28,584.68,0.1639,2,0.9,0.992,0.755
P0068,2024-03-01,Fashion,Women,699.28,584.68,0.1639,3,1.0,0.9840639999999999,1.006
P0068,2024-04-01,Fashion,Women,699.28,584.68,0.1639,4,1.0,0.976191488,0.953
P0068,2024-05-01,Fashion,Women,699.28,584.68,0.1639,5,1.0,0.968381956096,0.752
P0068,2024-06-01,Fashion,Women,699.28,584.68,0.1639,6,1.1,0.960634900447232,1.243
P0068,2024-07-01,Fashion,Women,699.28,584.68,0.1639,7,1.08,0.9529498212436541,1.017
P0068,2024-08-01,Fashion,Women,699.28,584.68,0.1639,8,1.0,0.9453262226737048,0.929
P0068,2024-09-01,Fashion,Women,699.28,584.68,0.1639,9,1.0,0.9377636128923152,0.76
P0068,2024-10-01,Fashion,Women,699.28,584.68,0.1639,10,1.3,0.9302615039891767,1.102
P0068,2024-11-01,Fashion,Women,699.28,584.68,0.1639,11,1.42,0.9228194119572632,1.37
P0068,2024-12-01,Fashion,Women,699.28,584.68,0.1639,12,1.5,0.9154368566616051,1.452
P0068,2025-01-01,Fashion,Women,699.28,584.68,0.1639,1,0.88,0.9081133618083123,0.764
P0068,2025-02-01,Fashion,Women,699.28,584.68,0.1639,2,0.9,0.9008484549138458,0.773
P0068,2025-03-01,Fashion,Women,699.28,584.68,0.1639,3,1.0,0.893641667274535,0.804
P0068,2025-04-01,Fashion,Women,699.28,584.68,0.1639,4,1.0,0.8864925339363388,0.845
P0068,2025-05-01,Fashion,Women,699.28,584.68,0.1639,5,1.0,0.879400593664848,1.107
P0068,2025-06-01,Fashion,Women,699.28,584.68,0.1639,6,1.1,0.8723653889155293,1.102
P0068,2025-07-01,Fashion,Women,699.28,584.68,0.1639,7,1.08,0.865386465804205,0.804
P0068,2025-08-01,Fashion,Women,699.28,584.68,0.1639,8,1.0,0.8584633740777713,0.95
P0068,2025-09-01,Fashion,Women,699.28,584.68,0.1639,9,1.0,0.8515956670851492,0.865
P0068,2025-10-01,Fashion,Women,699.28,584.68,0.1639,10,1.3,0.8447829017484679,1.017
P0068,2025-11-01,Fashion,Women,699.28,584.68,0.1639,11,1.42,0.8380246385344802,1.016
P0068,2025-12-01,Fashion,Women,699.28,584.68,0.1639,12,1.5,0.8313204414262044,1.488
P0068,2026-01-01,Fashion,Women,699.28,584.68,0.1639,1,0.88,0.8246698778947947,0.776
P0068,2026-02-01,Fashion,Women,699.28,584.68,0.1639,2,0.9,0.8180725188716363,0.716
P0068,2026-03-01,Fashion,Women,699.28,584.68,0.1639,3,1.0,0.8115279387206633,0.896
P0068,2026-04-01,Fashion,Women,699.28,584.68,0.1639,4,1.0,0.8050357152108979,0.777
P0068,2026-05-01,Fashion,Women,699.28,584.68,0.1639,5,1.0,0.7985954294892108,0.796
P0068,2026-06-01,Fashion,Women,699.28,584.68,0.1639,6,1.1,0.792206666053297,0.888
P0068,2026-07-01,Fashion,Women,699.28,584.68,0.1639,7,1.08,0.7858690127248706,0.931
P0068,2026-08-01,Fashion,Women,699.28,584.68,0.1639,8,1.0,0.7795820606230717,0.797
P0068,2026-09-01,Fashion,Women,699.28,584.68,0.1639,9,1.0,0.7733454041380872,0.897
P0069,2024-01-01,Fashion,Women,1161.47,751.93,0.3526,1,0.88,1.0,0.923
P0069,2024-02-01,Fashion,Women,1161.47,751.93,0.3526,2,0.9,0.992,0.782
P0069,2024-03-01,Fashion,Women,1161.47,751.93,0.3526,3,1.0,0.9840639999999999,0.794
P0069,2024-04-01,Fashion,Women,1161.47,751.93,0.3526,4,1.0,0.976191488,0.885
P0069,2024-05-01,Fashion,Women,1161.47,751.93,0.3526,5,1.0,0.968381956096,0.95
P0069,2024-06-01,Fashion,Women,1161.47,751.93,0.3526,6,1.1,0.960634900447232,0.953
P0069,2024-07-01,Fashion,Women,1161.47,751.93,0.3526,7,1.08,0.9529498212436541,1.187
P0069,2024-08-01,Fashion,Women,1161.47,751.93,0.3526,8,1.0,0.9453262226737048,0.862
P0069,2024-09-01,Fashion,Women,1161.47,751.93,0.3526,9,1.0,0.9377636128923152,0.82
P0069,2024-10-01,Fashion,Women,1161.47,751.93,0.3526,10,1.3,0.9302615039891767,0.953
P0069,2024-11-01,Fashion,Women,1161.47,751.93,0.3526,11,1.42,0.9228194119572632,1.366
P0069,2024-12-01,Fashion,Women,1161.47,751.93,0.3526,12,1.5,0.9154368566616051,1.456
P0069,2025-01-01,Fashion,Women,1161.47,751.93,0.3526,1,0.88,0.9081133618083123,0.718
P0069,2025-02-01,Fashion,Women,1161.47,751.93,0.3526,2,0.9,0.9008484549138458,0.922
P0069,2025-03-01,Fashion,Women,1161.47,751.93,0.3526,3,1.0,0.893641667274535,1.111
P0069,2025-04-01,Fashion,Women,1161.47,751.93,0.3526,4,1.0,0.8864925339363388,0.835
P0069,2025-05-01,Fashion,Women,1161.47,751.93,0.3526,5,1.0,0.879400593664848,0.692
P0069,2025-06-01,Fashion,Women,1161.47,751.93,0.3526,6,1.1,0.8723653889155293,0.946
P0069,2025-07-01,Fashion,Women,1161.47,751.93,0.3526,7,1.08,0.865386465804205,0.935
P0069,2025-08-01,Fashion,Women,1161.47,751.93,0.3526,8,1.0,0.8584633740777713,0.747
P0069,2025-09-01,Fashion,Women,1161.47,751.93,0.3526,9,1.0,0.8515956670851492,0.741
P0069,2025-10-01,Fashion,Women,1161.47,751.93,0.3526,10,1.3,0.8447829017484679,1.254
P0069,2025-11-01,Fashion,Women,1161.47,751.93,0.3526,11,1.42,0.8380246385344802,1.088
P0069,2025-12-01,Fashion,Women,1161.47,751.93,0.3526,12,1.5,0.8313204414262044,1.456
P0069,2026-01-01,Fashion,Women,1161.47,751.93,0.3526,1,0.88,0.8246698778947947,0.717
P0069,2026-02-01,Fashion,Women,1161.47,751.93,0.3526,2,0.9,0.8180725188716363,0.738
P0069,2026-03-01,Fashion,Women,1161.47,751.93,0.3526,3,1.0,0.8115279387206633,0.822
P0069,2026-04-01,Fashion,Women,1161.47,751.93,0.3526,4,1.0,0.8050357152108979,0.65
P0069,2026-05-01,Fashion,Women,1161.47,751.93,0.3526,5,1.0,0.7985954294892108,0.638
P0069,2026-06-01,Fashion,Women,1161.47,751.93,0.3526,6,1.1,0.792206666053297,0.81
P0069,2026-07-01,Fashion,Women,1161.47,751.93,0.3526,7,1.08,0.7858690127248706,0.744
P0069,2026-08-01,Fashion,Women,1161.47,751.93,0.3526,8,1.0,0.7795820606230717,0.765
P0069,2026-09-01,Fashion,Women,1161.47,751.93,0.3526,9,1.0,0.7733454041380872,0.906
P0070,2024-01-01,Fashion,Women,303.08,161.13,0.4684,1,0.88,1.0,0.878
P0070,2024-02-01,Fashion,Women,303.08,161.13,0.4684,2,0.9,0.992,0.711
P0070,2024-03-01,Fashion,Women,303.08,161.13,0.4684,3,1.0,0.9840639999999999,0.931
P0070,2024-04-01,Fashion,Women,303.08,161.13,0.4684,4,1.0,0.976191488,0.872
P0070,2024-05-01,Fashion,Women,303.08,161.13,0.4684,5,1.0,0.968381956096,0.944
P0070,2024-06-01,Fashion,Women,303.08,161.13,0.4684,6,1.1,0.960634900447232,0.909
P0070,2024-07-01,Fashion,Women,303.08,161.13,0.4684,7,1.08,0.9529498212436541,1.068
P0070,2024-08-01,Fashion,Women,303.08,161.13,0.4684,8,1.0,0.9453262226737048,0.841
P0070,2024-09-01,Fashion,Women,303.08,161.13,0.4684,9,1.0,0.9377636128923152,1.003
P0070,2024-10-01,Fashion,Women,303.08,161.13,0.4684,10,1.3,0.9302615039891767,1.238
P0070,2024-11-01,Fashion,Women,303.08,161.13,0.4684,11,1.42,0.9228194119572632,1.505
P0070,2024-12-01,Fashion,Women,303.08,161.13,0.4684,12,1.5,0.9154368566616051,1.39
P0070,2025-01-01,Fashion,Women,303.08,161.13,0.4684,1,0.88,0.9081133618083123,0.767
P0070,2025-02-01,Fashion,Women,303.08,161.13,0.4684,2,0.9,0.9008484549138458,0.809
P0070,2025-03-01,Fashion,Women,303.08,161.13,0.4684,3,1.0,0.893641667274535,0.814
P0070,2025-04-01,Fashion,Women,303.08,161.13,0.4684,4,1.0,0.8864925339363388,0.991
P0070,2025-05-01,Fashion,Women,303.08,161.13,0.4684,5,1.0,0.879400593664848,0.91
P0070,2025-06-01,Fashion,Women,303.08,161.13,0.4684,6,1.1,0.8723653889155293,1.166
P0070,2025-07-01,Fashion,Women,303.08,161.13,0.4684,7,1.08,0.865386465804205,0.907
P0070,2025-08-01,Fashion,Women,303.08,161.13,0.4684,8,1.0,0.8584633740777713,0.877
P0070,2025-09-01,Fashion,Women,303.08,161.13,0.4684,9,1.0,0.8515956670851492,0.751
P0070,2025-10-01,Fashion,Women,303.08,161.13,0.4684,10,1.3,0.8447829017484679,1.128
P0070,2025-11-01,Fashion,Women,303.08,161.13,0.4684,11,1.42,0.8380246385344802,1.263
P0070,2025-12-01,Fashion,Women,303.08,161.13,0.4684,12,1.5,0.8313204414262044,1.236
P0070,2026-01-01,Fashion,Women,303.08,161.13,0.4684,1,0.88,0.8246698778947947,0.692
P0070,2026-02-01,Fashion,Women,303.08,161.13,0.4684,2,0.9,0.8180725188716363,0.702
P0070,2026-03-01,Fashion,Women,303.08,161.13,0.4684,3,1.0,0.8115279387206633,0.794
P0070,2026-04-01,Fashion,Women,303.08,161.13,0.4684,4,1.0,0.8050357152108979,0.9
P0070,2026-05-01,Fashion,Women,303.08,161.13,0.4684,5,1.0,0.7985954294892108,0.825
P0070,2026-06-01,Fashion,Women,303.08,161.13,0.4684,6,1.1,0.792206666053297,0.713
P0070,2026-07-01,Fashion,Women,303.08,161.13,0.4684,7,1.08,0.7858690127248706,0.874
P0070,2026-08-01,Fashion,Women,303.08,161.13,0.4684,8,1.0,0.7795820606230717,0.718
P0070,2026-09-01,Fashion,Women,303.08,161.13,0.4684,9,1.0,0.7733454041380872,0.802
P0071,2024-01-01,Fashion,Men,1456.23,1308.49,0.1015,1,0.88,1.0,0.885
P0071,2024-02-01,Fashion,Men,1456.23,1308.49,0.1015,2,0.9,0.992,1.031
P0071,2024-03-01,Fashion,Men,1456.23,1308.49,0.1015,3,1.0,0.9840639999999999,1.267
P0071,2024-04-01,Fashion,Men,1456.23,1308.49,0.1015,4,1.0,0.976191488,0.878
P0071,2024-05-01,Fashion,Men,1456.23,1308.49,0.1015,5,1.0,0.968381956096,0.817
P0071,2024-06-01,Fashion,Men,1456.23,1308.49,0.1015,6,1.1,0.960634900447232,0.893
P0071,2024-07-01,Fashion,Men,1456.23,1308.49,0.1015,7,1.08,0.9529498212436541,1.033
P0071,2024-08-01,Fashion,Men,1456.23,1308.49,0.1015,8,1.0,0.9453262226737048,0.969
P0071,2024-09-01,Fashion,Men,1456.23,1308.49,0.1015,9,1.0,0.9377636128923152,0.981
P0071,2024-10-01,Fashion,Men,1456.23,1308.49,0.1015,10,1.3,0.9302615039891767,1.385
P0071,2024-11-01,Fashion,Men,1456.23,1308.49,0.1015,11,1.42,0.9228194119572632,1.311
P0071,2024-12-01,Fashion,Men,1456.23,1308.49,0.1015,12,1.5,0.9154368566616051,1.187
P0071,2025-01-01,Fashion,Men,1456.23,1308.49,0.1015,1,0.88,0.9081133618083123,0.795
P0071,2025-02-01,Fashion,Men,1456.23,1308.49,0.1015,2,0.9,0.9008484549138458,1.006
P0071,2025-03-01,Fashion,Men,1456.23,1308.49,0.1015,3,1.0,0.893641667274535,0.957
P0071,2025-04-01,Fashion,Men,1456.23,1308.49,0.1015,4,1.0,0.8864925339363388,0.939
P0071,2025-05-01,Fashion,Men,1456.23,1308.49,0.1015,5,1.0,0.879400593664848,0.741
P0071,2025-06-01,Fashion,Men,1456.23,1308.49,0.1015,6,1.1,0.8723653889155293,1.076
P0071,2025-07-01,Fashion,Men,1456.23,1308.49,0.1015,7,1.08,0.865386465804205,1.066
P0071,2025-08-01,Fashion,Men,1456.23,1308.49,0.1015,8,1.0,0.8584633740777713,0.846
P0071,2025-09-01,Fashion,Men,1456.23,1308.49,0.1015,9,1.0,0.8515956670851492,1.065
P0071,2025-10-01,Fashion,Men,1456.23,1308.49,0.1015,10,1.3,0.8447829017484679,1.034
P0071,2025-11-01,Fashion,Men,1456.23,1308.49,0.1015,11,1.42,0.8380246385344802,1.34
P0071,2025-12-01,Fashion,Men,1456.23,1308.49,0.1015,12,1.5,0.8313204414262044,1.222
P0071,2026-01-01,Fashion,Men,1456.23,1308.49,0.1015,1,0.88,0.8246698778947947,0.794
P0071,2026-02-01,Fashion,Men,1456.23,1308.49,0.1015,2,0.9,0.8180725188716363,0.704
P0071,2026-03-01,Fashion,Men,1456.23,1308.49,0.1015,3,1.0,0.8115279387206633,0.832
P0071,2026-04-01,Fashion,Men,1456.23,1308.49,0.1015,4,1.0,0.8050357152108979,0.777
P0071,2026-05-01,Fashion,Men,1456.23,1308.49,0.1015,5,1.0,0.7985954294892108,0.813
P0071,2026-06-01,Fashion,Men,1456.23,1308.49,0.1015,6,1.1,0.792206666053297,0.909
P0071,2026-07-01,Fashion,Men,1456.23,1308.49,0.1015,7,1.08,0.7858690127248706,0.796
P0071,2026-08-01,Fashion,Men,1456.23,1308.49,0.1015,8,1.0,0.7795820606230717,0.987
P0071,2026-09-01,Fashion,Men,1456.23,1308.49,0.1015,9,1.0,0.7733454041380872,0.741
P0072,2024-01-01,Fashion,Men,432.09,348.98,0.1923,1,0.88,1.0,0.961
P0072,2024-02-01,Fashion,Men,432.09,348.98,0.1923,2,0.9,0.992,0.823
P0072,2024-03-01,Fashion,Men,432.09,348.98,0.1923,3,1.0,0.9840639999999999,0.988
P0072,2024-04-01,Fashion,Men,432.09,348.98,0.1923,4,1.0,0.976191488,1.047
P0072,2024-05-01,Fashion,Men,432.09,348.98,0.1923,5,1.0,0.968381956096,1.026
P0072,2024-06-01,Fashion,Men,432.09,348.98,0.1923,6,1.1,0.960634900447232,1.202
P0072,2024-07-01,Fashion,Men,432.09,348.98,0.1923,7,1.08,0.9529498212436541,1.381
P0072,2024-08-01,Fashion,Men,432.09,348.98,0.1923,8,1.0,0.9453262226737048,0.885
P0072,2024-09-01,Fashion,Men,432.09,348.98,0.1923,9,1.0,0.9377636128923152,0.816
P0072,2024-10-01,Fashion,Men,432.09,348.98,0.1923,10,1.3,0.9302615039891767,1.278
P0072,2024-11-01,Fashion,Men,432.09,348.98,0.1923,11,1.42,0.9228194119572632,1.15
P0072,2024-12-01,Fashion,Men,432.09,348.98,0.1923,12,1.5,0.9154368566616051,1.583
P0072,2025-01-01,Fashion,Men,432.09,348.98,0.1923,1,0.88,0.9081133618083123,0.797
P0072,2025-02-01,Fashion,Men,432.09,348.98,0.1923,2,0.9,0.9008484549138458,0.895
P0072,2025-03-01,Fashion,Men,432.09,348.98,0.1923,3,1.0,0.893641667274535,0.877
P0072,2025-04-01,Fashion,Men,432.09,348.98,0.1923,4,1.0,0.8864925339363388,0.988
P0072,2025-05-01,Fashion,Men,432.09,348.98,0.1923,5,1.0,0.879400593664848,0.624
P0072,2025-06-01,Fashion,Men,432.09,348.98,0.1923,6,1.1,0.8723653889155293,0.97
P0072,2025-07-01,Fashion,Men,432.09,348.98,0.1923,7,1.08,0.865386465804205,1.168
P0072,2025-08-01,Fashion,Men,432.09,348.98,0.1923,8,1.0,0.8584633740777713,0.746
P0072,2025-09-01,Fashion,Men,432.09,348.98,0.1923,9,1.0,0.8515956670851492,1.222
P0072,2025-10-01,Fashion,Men,432.09,348.98,0.1923,10,1.3,0.8447829017484679,1.056
P0072,2025-11-01,Fashion,Men,432.09,348.98,0.1923,11,1.42,0.8380246385344802,1.417
P0072,2025-12-01,Fashion,Men,432.09,348.98,0.1923,12,1.5,0.8313204414262044,0.97
P0072,2026-01-01,Fashion,Men,432.09,348.98,0.1923,1,0.88,0.8246698778947947,0.64
P0072,2026-02-01,Fashion,Men,432.09,348.98,0.1923,2,0.9,0.8180725188716363,0.759
P0072,2026-03-01,Fashion,Men,432.09,348.98,0.1923,3,1.0,0.8115279387206633,0.757
P0072,2026-04-01,Fashion,Men,432.09,348.98,0.1923,4,1.0,0.8050357152108979,0.841
P0072,2026-05-01,Fashion,Men,432.09,348.98,0.1923,5,1.0,0.7985954294892108,0.78
P0072,2026-06-01,Fashion,Men,432.09,348.98,0.1923,6,1.1,0.792206666053297,0.888
P0072,2026-07-01,Fashion,Men,432.09,348.98,0.1923,7,1.08,0.7858690127248706,0.88
P0072,2026-08-01,Fashion,Men,432.09,348.98,0.1923,8,1.0,0.7795820606230717,0.799
P0072,2026-09-01,Fashion,Men,432.09,348.98,0.1923,9,1.0,0.7733454041380872,0.666
P0073,2024-01-01,Fashion,Men,1117.21,618.83,0.4461,1,0.88,1.0,0.984
P0073,2024-02-01,Fashion,Men,1117.21,618.83,0.4461,2,0.9,0.992,0.929
P0073,2024-03-01,Fashion,Men,1117.21,618.83,0.4461,3,1.0,0.9840639999999999,1.11
P0073,2024-04-01,Fashion,Men,1117.21,618.83,0.4461,4,1.0,0.976191488,0.944
P0073,2024-05-01,Fashion,Men,1117.21,618.83,0.4461,5,1.0,0.968381956096,1.043
P0073,2024-06-01,Fashion,Men,1117.21,618.83,0.4461,6,1.1,0.960634900447232,1.005
P0073,2024-07-01,Fashion,Men,1117.21,618.83,0.4461,7,1.08,0.9529498212436541,0.951
P0073,2024-08-01,Fashion,Men,1117.21,618.83,0.4461,8,1.0,0.9453262226737048,0.822
P0073,2024-09-01,Fashion,Men,1117.21,618.83,0.4461,9,1.0,0.9377636128923152,0.997
P0073,2024-10-01,Fashion,Men,1117.21,618.83,0.4461,10,1.3,0.9302615039891767,1.194
P0073,2024-11-01,Fashion,Men,1117.21,618.83,0.4461,11,1.42,0.9228194119572632,1.225
P0073,2024-12-01,Fashion,Men,1117.21,618.83,0.4461,12,1.5,0.9154368566616051,1.153
P0073,2025-01-01,Fashion,Men,1117.21,618.83,0.4461,1,0.88,0.9081133618083123,0.697
P0073,2025-02-01,Fashion,Men,1117.21,618.83,0.4461,2,0.9,0.9008484549138458,0.654
P0073,2025-03-01,Fashion,Men,1117.21,618.83,0.4461,3,1.0,0.893641667274535,0.865
P0073,2025-04-01,Fashion,Men,1117.21,618.83,0.4461,4,1.0,0.8864925339363388,0.969
P0073,2025-05-01,Fashion,Men,1117.21,618.83,0.4461,5,1.0,0.879400593664848,0.879
P0073,2025-06-01,Fashion,Men,1117.21,618.83,0.4461,6,1.1,0.8723653889155293,0.939
P0073,2025-07-01,Fashion,Men,1117.21,618.83,0.4461,7,1.08,0.865386465804205,1.25
P0073,2025-08-01,Fashion,Men,1117.21,618.83,0.4461,8,1.0,0.8584633740777713,0.986
P0073,2025-09-01,Fashion,Men,1117.21,618.83,0.4461,9,1.0,0.8515956670851492,0.716
P0073,2025-10-01,Fashion,Men,1117.21,618.83,0.4461,10,1.3,0.8447829017484679,1.056
P0073,2025-11-01,Fashion,Men,1117.21,618.83,0.4461,11,1.42,0.8380246385344802,1.12
P0073,2025-12-01,Fashion,Men,1117.21,618.83,0.4461,12,1.5,0.8313204414262044,1.212
P0073,2026-01-01,Fashion,Men,1117.21,618.83,0.4461,1,0.88,0.8246698778947947,0.809
P0073,2026-02-01,Fashion,Men,1117.21,618.83,0.4461,2,0.9,0.8180725188716363,0.841
P0073,2026-03-01,Fashion,Men,1117.21,618.83,0.4461,3,1.0,0.8115279387206633,0.73
P0073,2026-04-01,Fashion,Men,1117.21,618.83,0.4461,4,1.0,0.8050357152108979,0.673
P0073,2026-05-01,Fashion,Men,1117.21,618.83,0.4461,5,1.0,0.7985954294892108,0.803
P0073,2026-06-01,Fashion,Men,1117.21,618.83,0.4461,6,1.1,0.792206666053297,0.795
P0073,2026-07-01,Fashion,Men,1117.21,618.83,0.4461,7,1.08,0.7858690127248706,0.871
P0073,2026-08-01,Fashion,Men,1117.21,618.83,0.4461,8,1.0,0.7795820606230717,0.72
P0073,2026-09-01,Fashion,Men,1117.21,618.83,0.4461,9,1.0,0.7733454041380872,0.82
P0074,2024-01-01,Fashion,Men,1667.12,1278.02,0.2334,1,0.88,1.0,1.098
P0074,2024-02-01,Fashion,Men,1667.12,1278.02,0.2334,2,0.9,0.992,0.837
P0074,2024-03-01,Fashion,Men,1667.12,1278.02,0.2334,3,1.0,0.9840639999999999,1.173
P0074,2024-04-01,Fashion,Men,1667.12,1278.02,0.2334,4,1.0,0.976191488,0.975
P0074,2024-05-01,Fashion,Men,1667.12,1278.02,0.2334,5,1.0,0.968381956096,0.701
P0074,2024-06-01,Fashion,Men,1667.12,1278.02,0.2334,6,1.1,0.960634900447232,0.81
P0074,2024-07-01,Fashion,Men,1667.12,1278.02,0.2334,7,1.08,0.9529498212436541,1.038
P0074,2024-08-01,Fashion,Men,1667.12,1278.02,0.2334,8,1.0,0.9453262226737048,0.972
P0074,2024-09-01,Fashion,Men,1667.12,1278.02,0.2334,9,1.0,0.9377636128923152,0.943
P0074,2024-10-01,Fashion,Men,1667.12,1278.02,0.2334,10,1.3,0.9302615039891767,1.012
P0074,2024-11-01,Fashion,Men,1667.12,1278.02,0.2334,11,1.42,0.9228194119572632,1.269
P0074,2024-12-01,Fashion,Men,1667.12,1278.02,0.2334,12,1.5,0.9154368566616051,1.251
P0074,2025-01-01,Fashion,Men,1667.12,1278.02,0.2334,1,0.88,0.9081133618083123,0.825
P0074,2025-02-01,Fashion,Men,1667.12,1278.02,0.2334,2,0.9,0.9008484549138458,0.778
P0074,2025-03-01,Fashion,Men,1667.12,1278.02,0.2334,3,1.0,0.893641667274535,1.141
P0074,2025-04-01,Fashion,Men,1667.12,1278.02,0.2334,4,1.0,0.8864925339363388,1.073
P0074,2025-05-01,Fashion,Men,1667.12,1278.02,0.2334,5,1.0,0.879400593664848,0.801
P0074,2025-06-01,Fashion,Men,1667.12,1278.02,0.2334,6,1.1,0.8723653889155293,0.835
P0074,2025-07-01,Fashion,Men,1667.12,1278.02,0.2334,7,1.08,0.865386465804205,0.848
P0074,2025-08-01,Fashion,Men,1667.12,1278.02,0.2334,8,1.0,0.8584633740777713,0.813
P0074,2025-09-01,Fashion,Men,1667.12,1278.02,0.2334,9,1.0,0.8515956670851492,0.763
P0074,2025-10-01,Fashion,Men,1667.12,1278.02,0.2334,10,1.3,0.8447829017484679,1.192
P0074,2025-11-01,Fashion,Men,1667.12,1278.02,0.2334,11,1.42,0.8380246385344802,1.27
P0074,2025-12-01,Fashion,Men,1667.12,1278.02,0.2334,12,1.5,0.8313204414262044,1.506
P0074,2026-01-01,Fashion,Men,1667.12,1278.02,0.2334,1,0.88,0.8246698778947947,0.73
P0074,2026-02-01,Fashion,Men,1667.12,1278.02,0.2334,2,0.9,0.8180725188716363,0.766
P0074,2026-03-01,Fashion,Men,1667.12,1278.02,0.2334,3,1.0,0.8115279387206633,0.745
P0074,2026-04-01,Fashion,Men,1667.12,1278.02,0.2334,4,1.0,0.8050357152108979,0.717
P0074,2026-05-01,Fashion,Men,1667.12,1278.02,0.2334,5,1.0,0.7985954294892108,0.752
P0074,2026-06-01,Fashion,Men,1667.12,1278.02,0.2334,6,1.1,0.792206666053297,0.925
P0074,2026-07-01,Fashion,Men,1667.12,1278.02,0.2334,7,1.08,0.7858690127248706,1.062
P0074,2026-08-01,Fashion,Men,1667.12,1278.02,0.2334,8,1.0,0.7795820606230717,0.808
P0074,2026-09-01,Fashion,Men,1667.12,1278.02,0.2334,9,1.0,0.7733454041380872,0.988
P0075,2024-01-01,Fashion,Men,729.58,591.46,0.1893,1,0.88,1.0,0.702
P0075,2024-02-01,Fashion,Men,729.58,591.46,0.1893,2,0.9,0.992,1.12
P0075,2024-03-01,Fashion,Men,729.58,591.46,0.1893,3,1.0,0.9840639999999999,1.062
P0075,2024-04-01,Fashion,Men,729.58,591.46,0.1893,4,1.0,0.976191488,0.974
P0075,2024-05-01,Fashion,Men,729.58,591.46,0.1893,5,1.0,0.968381956096,0.896
P0075,2024-06-01,Fashion,Men,729.58,591.46,0.1893,6,1.1,0.960634900447232,1.154
P0075,2024-07-01,Fashion,Men,729.58,591.46,0.1893,7,1.08,0.9529498212436541,1.005
P0075,2024-08-01,Fashion,Men,729.58,591.46,0.1893,8,1.0,0.9453262226737048,1.02
P0075,2024-09-01,Fashion,Men,729.58,591.46,0.1893,9,1.0,0.9377636128923152,0.915
P0075,2024-10-01,Fashion,Men,729.58,591.46,0.1893,10,1.3,0.9302615039891767,1.092
P0075,2024-11-01,Fashion,Men,729.58,591.46,0.1893,11,1.42,0.9228194119572632,1.264
P0075,2024-12-01,Fashion,Men,729.58,591.46,0.1893,12,1.5,0.9154368566616051,1.587
P0075,2025-01-01,Fashion,Men,729.58,591.46,0.1893,1,0.88,0.9081133618083123,0.92
P0075,2025-02-01,Fashion,Men,729.58,591.46,0.1893,2,0.9,0.9008484549138458,0.84
P0075,2025-03-01,Fashion,Men,729.58,591.46,0.1893,3,1.0,0.893641667274535,0.95
P0075,2025-04-01,Fashion,Men,729.58,591.46,0.1893,4,1.0,0.8864925339363388,0.653
P0075,2025-05-01,Fashion,Men,729.58,591.46,0.1893,5,1.0,0.879400593664848,1.048
P0075,2025-06-01,Fashion,Men,729.58,591.46,0.1893,6,1.1,0.8723653889155293,0.889
P0075,2025-07-01,Fashion,Men,729.58,591.46,0.1893,7,1.08,0.865386465804205,1.075
P0075,2025-08-01,Fashion,Men,729.58,591.46,0.1893,8,1.0,0.8584633740777713,0.77
P0075,2025-09-01,Fashion,Men,729.58,591.46,0.1893,9,1.0,0.8515956670851492,0.714
P0075,2025-10-01,Fashion,Men,729.58,591.46,0.1893,10,1.3,0.8447829017484679,1.143
P0075,2025-11-01,Fashion,Men,729.58,591.46,0.1893,11,1.42,0.8380246385344802,1.197
P0075,2025-12-01,Fashion,Men,729.58,591.46,0.1893,12,1.5,0.8313204414262044,1.131
P0075,2026-01-01,Fashion,Men,729.58,591.46,0.1893,1,0.88,0.8246698778947947,0.697
P0075,2026-02-01,Fashion,Men,729.58,591.46,0.1893,2,0.9,0.8180725188716363,0.771
P0075,2026-03-01,Fashion,Men,729.58,591.46,0.1893,3,1.0,0.8115279387206633,0.912
P0075,2026-04-01,Fashion,Men,729.58,591.46,0.1893,4,1.0,0.8050357152108979,0.8
P0075,2026-05-01,Fashion,Men,729.58,591.46,0.1893,5,1.0,0.7985954294892108,0.986
P0075,2026-06-01,Fashion,Men,729.58,591.46,0.1893,6,1.1,0.792206666053297,0.742
P0075,2026-07-01,Fashion,Men,729.58,591.46,0.1893,7,1.08,0.7858690127248706,0.825
P0075,2026-08-01,Fashion,Men,729.58,591.46,0.1893,8,1.0,0.7795820606230717,0.775
P0075,2026-09-01,Fashion,Men,729.58,591.46,0.1893,9,1.0,0.7733454041380872,0.769
P0076,2024-01-01,Fashion,Men,1042.16,593.8,0.4302,1,0.88,1.0,0.865
P0076,2024-02-01,Fashion,Men,1042.16,593.8,0.4302,2,0.9,0.992,0.997
P0076,2024-03-01,Fashion,Men,1042.16,593.8,0.4302,3,1.0,0.9840639999999999,1.01
P0076,2024-04-01,Fashion,Men,1042.16,593.8,0.4302,4,1.0,0.976191488,1.103
P0076,2024-05-01,Fashion,Men,1042.16,593.8,0.4302,5,1.0,0.968381956096,1.0
P0076,2024-06-01,Fashion,Men,1042.16,593.8,0.4302,6,1.1,0.960634900447232,1.041
P0076,2024-07-01,Fashion,Men,1042.16,593.8,0.4302,7,1.08,0.9529498212436541,0.937
P0076,2024-08-01,Fashion,Men,1042.16,593.8,0.4302,8,1.0,0.9453262226737048,0.85
P0076,2024-09-01,Fashion,Men,1042.16,593.8,0.4302,9,1.0,0.9377636128923152,0.8
P0076,2024-10-01,Fashion,Men,1042.16,593.8,0.4302,10,1.3,0.9302615039891767,1.368
P0076,2024-11-01,Fashion,Men,1042.16,593.8,0.4302,11,1.42,0.9228194119572632,1.452
P0076,2024-12-01,Fashion,Men,1042.16,593.8,0.4302,12,1.5,0.9154368566616051,1.574
P0076,2025-01-01,Fashion,Men,1042.16,593.8,0.4302,1,0.88,0.9081133618083123,0.82
P0076,2025-02-01,Fashion,Men,1042.16,593.8,0.4302,2,0.9,0.9008484549138458,0.673
P0076,2025-03-01,Fashion,Men,1042.16,593.8,0.4302,3,1.0,0.893641667274535,0.885
P0076,2025-04-01,Fashion,Men,1042.16,593.8,0.4302,4,1.0,0.8864925339363388,0.965
P0076,2025-05-01,Fashion,Men,1042.16,593.8,0.4302,5,1.0,0.879400593664848,0.85
P0076,2025-06-01,Fashion,Men,1042.16,593.8,0.4302,6,1.1,0.8723653889155293,0.947
P0076,2025-07-01,Fashion,Men,1042.16,593.8,0.4302,7,1.08,0.865386465804205,0.759
P0076,2025-08-01,Fashion,Men,1042.16,593.8,0.4302,8,1.0,0.8584633740777713,0.978
P0076,2025-09-01,Fashion,Men,1042.16,593.8,0.4302,9,1.0,0.8515956670851492,0.691
P0076,2025-10-01,Fashion,Men,1042.16,593.8,0.4302,10,1.3,0.8447829017484679,0.857
P0076,2025-11-01,Fashion,Men,1042.16,593.8,0.4302,11,1.42,0.8380246385344802,1.15
P0076,2025-12-01,Fashion,Men,1042.16,593.8,0.4302,12,1.5,0.8313204414262044,1.332
P0076,2026-01-01,Fashion,Men,1042.16,593.8,0.4302,1,0.88,0.8246698778947947,0.905
P0076,2026-02-01,Fashion,Men,1042.16,593.8,0.4302,2,0.9,0.8180725188716363,0.651
P0076,2026-03-01,Fashion,Men,1042.16,593.8,0.4302,3,1.0,0.8115279387206633,0.765
P0076,2026-04-01,Fashion,Men,1042.16,593.8,0.4302,4,1.0,0.8050357152108979,0.689
P0076,2026-05-01,Fashion,Men,1042.16,593.8,0.4302,5,1.0,0.7985954294892108,0.838
P0076,2026-06-01,Fashion,Men,1042.16,593.8,0.4302,6,1.1,0.792206666053297,0.757
P0076,2026-07-01,Fashion,Men,1042.16,593.8,0.4302,7,1.08,0.7858690127248706,0.837
P0076,2026-08-01,Fashion,Men,1042.16,593.8,0.4302,8,1.0,0.7795820606230717,0.984
P0076,2026-09-01,Fashion,Men,1042.16,593.8,0.4302,9,1.0,0.7733454041380872,0.754
P0077,2024-01-01,Fashion,Men,753.95,484.35,0.3576,1,0.88,1.0,0.943
P0077,2024-02-01,Fashion,Men,753.95,484.35,0.3576,2,0.9,0.992,0.851
P0077,2024-03-01,Fashion,Men,753.95,484.35,0.3576,3,1.0,0.9840639999999999,0.906
P0077,2024-04-01,Fashion,Men,753.95,484.35,0.3576,4,1.0,0.976191488,0.954
P0077,2024-05-01,Fashion,Men,753.95,484.35,0.3576,5,1.0,0.968381956096,1.032
P0077,2024-06-01,Fashion,Men,753.95,484.35,0.3576,6,1.1,0.960634900447232,1.142
P0077,2024-07-01,Fashion,Men,753.95,484.35,0.3576,7,1.08,0.9529498212436541,0.955
P0077,2024-08-01,Fashion,Men,753.95,484.35,0.3576,8,1.0,0.9453262226737048,0.975
P0077,2024-09-01,Fashion,Men,753.95,484.35,0.3576,9,1.0,0.9377636128923152,0.975
P0077,2024-10-01,Fashion,Men,753.95,484.35,0.3576,10,1.3,0.9302615039891767,1.38
P0077,2024-11-01,Fashion,Men,753.95,484.35,0.3576,11,1.42,0.9228194119572632,1.561
P0077,2024-12-01,Fashion,Men,753.95,484.35,0.3576,12,1.5,0.9154368566616051,1.433
P0077,2025-01-01,Fashion,Men,753.95,484.35,0.3576,1,0.88,0.9081133618083123,0.744
P0077,2025-02-01,Fashion,Men,753.95,484.35,0.3576,2,0.9,0.9008484549138458,0.82
P0077,2025-03-01,Fashion,Men,753.95,484.35,0.3576,3,1.0,0.893641667274535,0.812
P0077,2025-04-01,Fashion,Men,753.95,484.35,0.3576,4,1.0,0.8864925339363388,0.89
P0077,2025-05-01,Fashion,Men,753.95,484.35,0.3576,5,1.0,0.879400593664848,0.91
P0077,2025-06-01,Fashion,Men,753.95,484.35,0.3576,6,1.1,0.8723653889155293,0.882
P0077,2025-07-01,Fashion,Men,753.95,484.35,0.3576,7,1.08,0.865386465804205,0.939
P0077,2025-08-01,Fashion,Men,753.95,484.35,0.3576,8,1.0,0.8584633740777713,0.739
P0077,2025-09-01,Fashion,Men,753.95,484.35,0.3576,9,1.0,0.8515956670851492,0.867
P0077,2025-10-01,Fashion,Men,753.95,484.35,0.3576,10,1.3,0.8447829017484679,0.988
P0077,2025-11-01,Fashion,Men,753.95,484.35,0.3576,11,1.42,0.8380246385344802,1.314
P0077,2025-12-01,Fashion,Men,753.95,484.35,0.3576,12,1.5,0.8313204414262044,1.212
P0077,2026-01-01,Fashion,Men,753.95,484.35,0.3576,1,0.88,0.8246698778947947,0.688
P0077,2026-02-01,Fashion,Men,753.95,484.35,0.3576,2,0.9,0.8180725188716363,0.846
P0077,2026-03-01,Fashion,Men,753.95,484.35,0.3576,3,1.0,0.8115279387206633,0.884
P0077,2026-04-01,Fashion,Men,753.95,484.35,0.3576,4,1.0,0.8050357152108979,1.123
P0077,2026-05-01,Fashion,Men,753.95,484.35,0.3576,5,1.0,0.7985954294892108,0.864
P0077,2026-06-01,Fashion,Men,753.95,484.35,0.3576,6,1.1,0.792206666053297,0.913
P0077,2026-07-01,Fashion,Men,753.95,484.35,0.3576,7,1.08,0.7858690127248706,0.781
P0077,2026-08-01,Fashion,Men,753.95,484.35,0.3576,8,1.0,0.7795820606230717,0.807
P0077,2026-09-01,Fashion,Men,753.95,484.35,0.3576,9,1.0,0.7733454041380872,0.763
P0078,2024-01-01,Fashion,Men,685.44,431.19,0.3709,1,0.88,1.0,0.941
P0078,2024-02-01,Fashion,Men,685.44,431.19,0.3709,2,0.9,0.992,0.866
P0078,2024-03-01,Fashion,Men,685.44,431.19,0.3709,3,1.0,0.9840639999999999,1.032
P0078,2024-04-01,Fashion,Men,685.44,431.19,0.3709,4,1.0,0.976191488,0.867
P0078,2024-05-01,Fashion,Men,685.44,431.19,0.3709,5,1.0,0.968381956096,1.022
P0078,2024-06-01,Fashion,Men,685.44,431.19,0.3709,6,1.1,0.960634900447232,1.074
P0078,2024-07-01,Fashion,Men,685.44,431.19,0.3709,7,1.08,0.9529498212436541,0.973
P0078,2024-08-01,Fashion,Men,685.44,431.19,0.3709,8,1.0,0.9453262226737048,1.02
P0078,2024-09-01,Fashion,Men,685.44,431.19,0.3709,9,1.0,0.9377636128923152,0.914
P0078,2024-10-01,Fashion,Men,685.44,431.19,0.3709,10,1.3,0.9302615039891767,1.06
P0078,2024-11-01,Fashion,Men,685.44,431.19,0.3709,11,1.42,0.9228194119572632,1.38
P0078,2024-12-01,Fashion,Men,685.44,431.19,0.3709,12,1.5,0.9154368566616051,1.55
P0078,2025-01-01,Fashion,Men,685.44,431.19,0.3709,1,0.88,0.9081133618083123,0.769
P0078,2025-02-01,Fashion,Men,685.44,431.19,0.3709,2,0.9,0.9008484549138458,0.695
P0078,2025-03-01,Fashion,Men,685.44,431.19,0.3709,3,1.0,0.893641667274535,0.818
P0078,2025-04-01,Fashion,Men,685.44,431.19,0.3709,4,1.0,0.8864925339363388,0.987
P0078,2025-05-01,Fashion,Men,685.44,431.19,0.3709,5,1.0,0.879400593664848,0.953
P0078,2025-06-01,Fashion,Men,685.44,431.19,0.3709,6,1.1,0.8723653889155293,1.127
P0078,2025-07-01,Fashion,Men,685.44,431.19,0.3709,7,1.08,0.865386465804205,0.938
P0078,2025-08-01,Fashion,Men,685.44,431.19,0.3709,8,1.0,0.8584633740777713,0.769
P0078,2025-09-01,Fashion,Men,685.44,431.19,0.3709,9,1.0,0.8515956670851492,0.859
P0078,2025-10-01,Fashion,Men,685.44,431.19,0.3709,10,1.3,0.8447829017484679,1.016
P0078,2025-11-01,Fashion,Men,685.44,431.19,0.3709,11,1.42,0.8380246385344802,0.983
P0078,2025-12-01,Fashion,Men,685.44,431.19,0.3709,12,1.5,0.8313204414262044,1.269
P0078,2026-01-01,Fashion,Men,685.44,431.19,0.3709,1,0.88,0.8246698778947947,0.735
P0078,2026-02-01,Fashion,Men,685.44,431.19,0.3709,2,0.9,0.8180725188716363,0.624
P0078,2026-03-01,Fashion,Men,685.44,431.19,0.3709,3,1.0,0.8115279387206633,0.962
P0078,2026-04-01,Fashion,Men,685.44,431.19,0.3709,4,1.0,0.8050357152108979,0.749
P0078,2026-05-01,Fashion,Men,685.44,431.19,0.3709,5,1.0,0.7985954294892108,0.649
P0078,2026-06-01,Fashion,Men,685.44,431.19,0.3709,6,1.1,0.792206666053297,0.925
P0078,2026-07-01,Fashion,Men,685.44,431.19,0.3709,7,1.08,0.7858690127248706,0.719
P0078,2026-08-01,Fashion,Men,685.44,431.19,0.3709,8,1.0,0.7795820606230717,0.743
P0078,2026-09-01,Fashion,Men,685.44,431.19,0.3709,9,1.0,0.7733454041380872,0.895
P0079,2024-01-01,Fashion,Men,1634.29,1268.97,0.2235,1,0.88,1.0,0.902
P0079,2024-02-01,Fashion,Men,1634.29,1268.97,0.2235,2,0.9,0.992,0.86
P0079,2024-03-01,Fashion,Men,1634.29,1268.97,0.2235,3,1.0,0.9840639999999999,1.004
P0079,2024-04-01,Fashion,Men,1634.29,1268.97,0.2235,4,1.0,0.976191488,1.236
P0079,2024-05-01,Fashion,Men,1634.29,1268.97,0.2235,5,1.0,0.968381956096,0.95
P0079,2024-06-01,Fashion,Men,1634.29,1268.97,0.2235,6,1.1,0.960634900447232,1.342
P0079,2024-07-01,Fashion,Men,1634.29,1268.97,0.2235,7,1.08,0.9529498212436541,0.953
P0079,2024-08-01,Fashion,Men,1634.29,1268.97,0.2235,8,1.0,0.9453262226737048,1.02
P0079,2024-09-01,Fashion,Men,1634.29,1268.97,0.2235,9,1.0,0.9377636128923152,0.788
P0079,2024-10-01,Fashion,Men,1634.29,1268.97,0.2235,10,1.3,0.9302615039891767,1.306
P0079,2024-11-01,Fashion,Men,1634.29,1268.97,0.2235,11,1.42,0.9228194119572632,1.366
P0079,2024-12-01,Fashion,Men,1634.29,1268.97,0.2235,12,1.5,0.9154368566616051,1.428
P0079,2025-01-01,Fashion,Men,1634.29,1268.97,0.2235,1,0.88,0.9081133618083123,0.876
P0079,2025-02-01,Fashion,Men,1634.29,1268.97,0.2235,2,0.9,0.9008484549138458,0.945
P0079,2025-03-01,Fashion,Men,1634.29,1268.97,0.2235,3,1.0,0.893641667274535,0.778
P0079,2025-04-01,Fashion,Men,1634.29,1268.97,0.2235,4,1.0,0.8864925339363388,0.892
P0079,2025-05-01,Fashion,Men,1634.29,1268.97,0.2235,5,1.0,0.879400593664848,0.811
P0079,2025-06-01,Fashion,Men,1634.29,1268.97,0.2235,6,1.1,0.8723653889155293,0.733
P0079,2025-07-01,Fashion,Men,1634.29,1268.97,0.2235,7,1.08,0.865386465804205,1.04
P0079,2025-08-01,Fashion,Men,1634.29,1268.97,0.2235,8,1.0,0.8584633740777713,0.951
P0079,2025-09-01,Fashion,Men,1634.29,1268.97,0.2235,9,1.0,0.8515956670851492,0.852
P0079,2025-10-01,Fashion,Men,1634.29,1268.97,0.2235,10,1.3,0.8447829017484679,1.051
P0079,2025-11-01,Fashion,Men,1634.29,1268.97,0.2235,11,1.42,0.8380246385344802,1.219
P0079,2025-12-01,Fashion,Men,1634.29,1268.97,0.2235,12,1.5,0.8313204414262044,1.299
P0079,2026-01-01,Fashion,Men,1634.29,1268.97,0.2235,1,0.88,0.8246698778947947,0.579
P0079,2026-02-01,Fashion,Men,1634.29,1268.97,0.2235,2,0.9,0.8180725188716363,0.743
P0079,2026-03-01,Fashion,Men,1634.29,1268.97,0.2235,3,1.0,0.8115279387206633,0.999
P0079,2026-04-01,Fashion,Men,1634.29,1268.97,0.2235,4,1.0,0.8050357152108979,0.848
P0079,2026-05-01,Fashion,Men,1634.29,1268.97,0.2235,5,1.0,0.7985954294892108,0.724
P0079,2026-06-01,Fashion,Men,1634.29,1268.97,0.2235,6,1.1,0.792206666053297,0.843
P0079,2026-07-01,Fashion,Men,1634.29,1268.97,0.2235,7,1.08,0.7858690127248706,0.716
P0079,2026-08-01,Fashion,Men,1634.29,1268.97,0.2235,8,1.0,0.7795820606230717,0.72
P0079,2026-09-01,Fashion,Men,1634.29,1268.97,0.2235,9,1.0,0.7733454041380872,0.777
P0080,2024-01-01,Fashion,Men,424.62,263.62,0.3792,1,0.88,1.0,0.892
P0080,2024-02-01,Fashion,Men,424.62,263.62,0.3792,2,0.9,0.992,0.795
P0080,2024-03-01,Fashion,Men,424.62,263.62,0.3792,3,1.0,0.9840639999999999,0.827
P0080,2024-04-01,Fashion,Men,424.62,263.62,0.3792,4,1.0,0.976191488,1.078
P0080,2024-05-01,Fashion,Men,424.62,263.62,0.3792,5,1.0,0.968381956096,0.849
P0080,2024-06-01,Fashion,Men,424.62,263.62,0.3792,6,1.1,0.960634900447232,1.157
P0080,2024-07-01,Fashion,Men,424.62,263.62,0.3792,7,1.08,0.9529498212436541,1.281
P0080,2024-08-01,Fashion,Men,424.62,263.62,0.3792,8,1.0,0.9453262226737048,1.119
P0080,2024-09-01,Fashion,Men,424.62,263.62,0.3792,9,1.0,0.9377636128923152,0.955
P0080,2024-10-01,Fashion,Men,424.62,263.62,0.3792,10,1.3,0.9302615039891767,1.204
P0080,2024-11-01,Fashion,Men,424.62,263.62,0.3792,11,1.42,0.9228194119572632,1.184
P0080,2024-12-01,Fashion,Men,424.62,263.62,0.3792,12,1.5,0.9154368566616051,1.612
P0080,2025-01-01,Fashion,Men,424.62,263.62,0.3792,1,0.88,0.9081133618083123,0.689
P0080,2025-02-01,Fashion,Men,424.62,263.62,0.3792,2,0.9,0.9008484549138458,0.678
P0080,2025-03-01,Fashion,Men,424.62,263.62,0.3792,3,1.0,0.893641667274535,0.824
P0080,2025-04-01,Fashion,Men,424.62,263.62,0.3792,4,1.0,0.8864925339363388,0.847
P0080,2025-05-01,Fashion,Men,424.62,263.62,0.3792,5,1.0,0.879400593664848,0.787
P0080,2025-06-01,Fashion,Men,424.62,263.62,0.3792,6,1.1,0.8723653889155293,0.859
P0080,2025-07-01,Fashion,Men,424.62,263.62,0.3792,7,1.08,0.865386465804205,0.88
P0080,2025-08-01,Fashion,Men,424.62,263.62,0.3792,8,1.0,0.8584633740777713,0.802
P0080,2025-09-01,Fashion,Men,424.62,263.62,0.3792,9,1.0,0.8515956670851492,0.999
P0080,2025-10-01,Fashion,Men,424.62,263.62,0.3792,10,1.3,0.8447829017484679,0.883
P0080,2025-11-01,Fashion,Men,424.62,263.62,0.3792,11,1.42,0.8380246385344802,1.291
P0080,2025-12-01,Fashion,Men,424.62,263.62,0.3792,12,1.5,0.8313204414262044,1.406
P0080,2026-01-01,Fashion,Men,424.62,263.62,0.3792,1,0.88,0.8246698778947947,0.639
P0080,2026-02-01,Fashion,Men,424.62,263.62,0.3792,2,0.9,0.8180725188716363,0.727
P0080,2026-03-01,Fashion,Men,424.62,263.62,0.3792,3,1.0,0.8115279387206633,0.8
P0080,2026-04-01,Fashion,Men,424.62,263.62,0.3792,4,1.0,0.8050357152108979,0.889
P0080,2026-05-01,Fashion,Men,424.62,263.62,0.3792,5,1.0,0.7985954294892108,0.859
P0080,2026-06-01,Fashion,Men,424.62,263.62,0.3792,6,1.1,0.792206666053297,1.044
P0080,2026-07-01,Fashion,Men,424.62,263.62,0.3792,7,1.08,0.7858690127248706,0.828
P0080,2026-08-01,Fashion,Men,424.62,263.62,0.3792,8,1.0,0.7795820606230717,0.75
P0080,2026-09-01,Fashion,Men,424.62,263.62,0.3792,9,1.0,0.7733454041380872,0.922
P0081,2024-01-01,Fashion,Footwear,462.13,401.74,0.1307,1,0.88,1.0,0.868
P0081,2024-02-01,Fashion,Footwear,462.13,401.74,0.1307,2,0.9,0.992,0.861
P0081,2024-03-01,Fashion,Footwear,462.13,401.74,0.1307,3,1.0,0.9840639999999999,1.14
P0081,2024-04-01,Fashion,Footwear,462.13,401.74,0.1307,4,1.0,0.976191488,0.947
P0081,2024-05-01,Fashion,Footwear,462.13,401.74,0.1307,5,1.0,0.968381956096,0.869
P0081,2024-06-01,Fashion,Footwear,462.13,401.74,0.1307,6,1.1,0.960634900447232,1.295
P0081,2024-07-01,Fashion,Footwear,462.13,401.74,0.1307,7,1.08,0.9529498212436541,0.991
P0081,2024-08-01,Fashion,Footwear,462.13,401.74,0.1307,8,1.0,0.9453262226737048,0.893
P0081,2024-09-01,Fashion,Footwear,462.13,401.74,0.1307,9,1.0,0.9377636128923152,0.977
P0081,2024-10-01,Fashion,Footwear,462.13,401.74,0.1307,10,1.3,0.9302615039891767,0.967
P0081,2024-11-01,Fashion,Footwear,462.13,401.74,0.1307,11,1.42,0.9228194119572632,1.358
P0081,2024-12-01,Fashion,Footwear,462.13,401.74,0.1307,12,1.5,0.9154368566616051,1.288
P0081,2025-01-01,Fashion,Footwear,462.13,401.74,0.1307,1,0.88,0.9081133618083123,0.788
P0081,2025-02-01,Fashion,Footwear,462.13,401.74,0.1307,2,0.9,0.9008484549138458,1.018
P0081,2025-03-01,Fashion,Footwear,462.13,401.74,0.1307,3,1.0,0.893641667274535,0.989
P0081,2025-04-01,Fashion,Footwear,462.13,401.74,0.1307,4,1.0,0.8864925339363388,0.85
P0081,2025-05-01,Fashion,Footwear,462.13,401.74,0.1307,5,1.0,0.879400593664848,0.986
P0081,2025-06-01,Fashion,Footwear,462.13,401.74,0.1307,6,1.1,0.8723653889155293,0.93
P0081,2025-07-01,Fashion,Footwear,462.13,401.74,0.1307,7,1.08,0.865386465804205,1.04
P0081,2025-08-01,Fashion,Footwear,462.13,401.74,0.1307,8,1.0,0.8584633740777713,0.783
P0081,2025-09-01,Fashion,Footwear,462.13,401.74,0.1307,9,1.0,0.8515956670851492,0.963
P0081,2025-10-01,Fashion,Footwear,462.13,401.74,0.1307,10,1.3,0.8447829017484679,1.071
P0081,2025-11-01,Fashion,Footwear,462.13,401.74,0.1307,11,1.42,0.8380246385344802,1.323
P0081,2025-12-01,Fashion,Footwear,462.13,401.74,0.1307,12,1.5,0.8313204414262044,1.022
P0081,2026-01-01,Fashion,Footwear,462.13,401.74,0.1307,1,0.88,0.8246698778947947,0.802
P0081,2026-02-01,Fashion,Footwear,462.13,401.74,0.1307,2,0.9,0.8180725188716363,0.601
P0081,2026-03-01,Fashion,Footwear,462.13,401.74,0.1307,3,1.0,0.8115279387206633,0.828
P0081,2026-04-01,Fashion,Footwear,462.13,401.74,0.1307,4,1.0,0.8050357152108979,0.842
P0081,2026-05-01,Fashion,Footwear,462.13,401.74,0.1307,5,1.0,0.7985954294892108,0.721
P0081,2026-06-01,Fashion,Footwear,462.13,401.74,0.1307,6,1.1,0.792206666053297,0.891
P0081,2026-07-01,Fashion,Footwear,462.13,401.74,0.1307,7,1.08,0.7858690127248706,1.0
P0081,2026-08-01,Fashion,Footwear,462.13,401.74,0.1307,8,1.0,0.7795820606230717,0.806
P0081,2026-09-01,Fashion,Footwear,462.13,401.74,0.1307,9,1.0,0.7733454041380872,0.757
P0082,2024-01-01,Fashion,Footwear,255.58,138.56,0.4578,1,0.88,1.0,0.717
P0082,2024-02-01,Fashion,Footwear,255.58,138.56,0.4578,2,0.9,0.992,0.848
P0082,2024-03-01,Fashion,Footwear,255.58,138.56,0.4578,3,1.0,0.9840639999999999,0.936
P0082,2024-04-01,Fashion,Footwear,255.58,138.56,0.4578,4,1.0,0.976191488,0.911
P0082,2024-05-01,Fashion,Footwear,255.58,138.56,0.4578,5,1.0,0.968381956096,1.122
P0082,2024-06-01,Fashion,Footwear,255.58,138.56,0.4578,6,1.1,0.960634900447232,1.232
P0082,2024-07-01,Fashion,Footwear,255.58,138.56,0.4578,7,1.08,0.9529498212436541,0.955
P0082,2024-08-01,Fashion,Footwear,255.58,138.56,0.4578,8,1.0,0.9453262226737048,0.87
P0082,2024-09-01,Fashion,Footwear,255.58,138.56,0.4578,9,1.0,0.9377636128923152,0.841
P0082,2024-10-01,Fashion,Footwear,255.58,138.56,0.4578,10,1.3,0.9302615039891767,1.036
P0082,2024-11-01,Fashion,Footwear,255.58,138.56,0.4578,11,1.42,0.9228194119572632,1.308
P0082,2024-12-01,Fashion,Footwear,255.58,138.56,0.4578,12,1.5,0.9154368566616051,1.488
P0082,2025-01-01,Fashion,Footwear,255.58,138.56,0.4578,1,0.88,0.9081133618083123,0.763
P0082,2025-02-01,Fashion,Footwear,255.58,138.56,0.4578,2,0.9,0.9008484549138458,1.02
P0082,2025-03-01,Fashion,Footwear,255.58,138.56,0.4578,3,1.0,0.893641667274535,1.015
P0082,2025-04-01,Fashion,Footwear,255.58,138.56,0.4578,4,1.0,0.8864925339363388,0.85
P0082,2025-05-01,Fashion,Footwear,255.58,138.56,0.4578,5,1.0,0.879400593664848,1.028
P0082,2025-06-01,Fashion,Footwear,255.58,138.56,0.4578,6,1.1,0.8723653889155293,1.148
P0082,2025-07-01,Fashion,Footwear,255.58,138.56,0.4578,7,1.08,0.865386465804205,0.833
P0082,2025-08-01,Fashion,Footwear,255.58,138.56,0.4578,8,1.0,0.8584633740777713,0.819
P0082,2025-09-01,Fashion,Footwear,255.58,138.56,0.4578,9,1.0,0.8515956670851492,0.845
P0082,2025-10-01,Fashion,Footwear,255.58,138.56,0.4578,10,1.3,0.8447829017484679,1.019
P0082,2025-11-01,Fashion,Footwear,255.58,138.56,0.4578,11,1.42,0.8380246385344802,1.095
P0082,2025-12-01,Fashion,Footwear,255.58,138.56,0.4578,12,1.5,0.8313204414262044,1.229
P0082,2026-01-01,Fashion,Footwear,255.58,138.56,0.4578,1,0.88,0.8246698778947947,0.787
P0082,2026-02-01,Fashion,Footwear,255.58,138.56,0.4578,2,0.9,0.8180725188716363,0.698
P0082,2026-03-01,Fashion,Footwear,255.58,138.56,0.4578,3,1.0,0.8115279387206633,0.813
P0082,2026-04-01,Fashion,Footwear,255.58,138.56,0.4578,4,1.0,0.8050357152108979,0.754
P0082,2026-05-01,Fashion,Footwear,255.58,138.56,0.4578,5,1.0,0.7985954294892108,0.771
P0082,2026-06-01,Fashion,Footwear,255.58,138.56,0.4578,6,1.1,0.792206666053297,0.795
P0082,2026-07-01,Fashion,Footwear,255.58,138.56,0.4578,7,1.08,0.7858690127248706,0.851
P0082,2026-08-01,Fashion,Footwear,255.58,138.56,0.4578,8,1.0,0.7795820606230717,0.896
P0082,2026-09-01,Fashion,Footwear,255.58,138.56,0.4578,9,1.0,0.7733454041380872,0.67
P0083,2024-01-01,Fashion,Footwear,2170.28,1210.1,0.4424,1,0.88,1.0,0.881
P0083,2024-02-01,Fashion,Footwear,2170.28,1210.1,0.4424,2,0.9,0.992,0.836
P0083,2024-03-01,Fashion,Footwear,2170.28,1210.1,0.4424,3,1.0,0.9840639999999999,1.001
P0083,2024-04-01,Fashion,Footwear,2170.28,1210.1,0.4424,4,1.0,0.976191488,0.952
P0083,2024-05-01,Fashion,Footwear,2170.28,1210.1,0.4424,5,1.0,0.968381956096,1.126
P0083,2024-06-01,Fashion,Footwear,2170.28,1210.1,0.4424,6,1.1,0.960634900447232,0.975
P0083,2024-07-01,Fashion,Footwear,2170.28,1210.1,0.4424,7,1.08,0.9529498212436541,1.121
P0083,2024-08-01,Fashion,Footwear,2170.28,1210.1,0.4424,8,1.0,0.9453262226737048,0.966
P0083,2024-09-01,Fashion,Footwear,2170.28,1210.1,0.4424,9,1.0,0.9377636128923152,0.938
P0083,2024-10-01,Fashion,Footwear,2170.28,1210.1,0.4424,10,1.3,0.9302615039891767,1.212
P0083,2024-11-01,Fashion,Footwear,2170.28,1210.1,0.4424,11,1.42,0.9228194119572632,1.098
P0083,2024-12-01,Fashion,Footwear,2170.28,1210.1,0.4424,12,1.5,0.9154368566616051,1.41
P0083,2025-01-01,Fashion,Footwear,2170.28,1210.1,0.4424,1,0.88,0.9081133618083123,0.876
P0083,2025-02-01,Fashion,Footwear,2170.28,1210.1,0.4424,2,0.9,0.9008484549138458,0.825
P0083,2025-03-01,Fashion,Footwear,2170.28,1210.1,0.4424,3,1.0,0.893641667274535,0.83
P0083,2025-04-01,Fashion,Footwear,2170.28,1210.1,0.4424,4,1.0,0.8864925339363388,0.777
P0083,2025-05-01,Fashion,Footwear,2170.28,1210.1,0.4424,5,1.0,0.879400593664848,0.934
P0083,2025-06-01,Fashion,Footwear,2170.28,1210.1,0.4424,6,1.1,0.8723653889155293,0.847
P0083,2025-07-01,Fashion,Footwear,2170.28,1210.1,0.4424,7,1.08,0.865386465804205,1.019
P0083,2025-08-01,Fashion,Footwear,2170.28,1210.1,0.4424,8,1.0,0.8584633740777713,0.993
P0083,2025-09-01,Fashion,Footwear,2170.28,1210.1,0.4424,9,1.0,0.8515956670851492,0.747
P0083,2025-10-01,Fashion,Footwear,2170.28,1210.1,0.4424,10,1.3,0.8447829017484679,1.089
P0083,2025-11-01,Fashion,Footwear,2170.28,1210.1,0.4424,11,1.42,0.8380246385344802,1.192
P0083,2025-12-01,Fashion,Footwear,2170.28,1210.1,0.4424,12,1.5,0.8313204414262044,1.285
P0083,2026-01-01,Fashion,Footwear,2170.28,1210.1,0.4424,1,0.88,0.8246698778947947,0.751
P0083,2026-02-01,Fashion,Footwear,2170.28,1210.1,0.4424,2,0.9,0.8180725188716363,0.813
P0083,2026-03-01,Fashion,Footwear,2170.28,1210.1,0.4424,3,1.0,0.8115279387206633,0.815
P0083,2026-04-01,Fashion,Footwear,2170.28,1210.1,0.4424,4,1.0,0.8050357152108979,0.84
P0083,2026-05-01,Fashion,Footwear,2170.28,1210.1,0.4424,5,1.0,0.7985954294892108,0.831
P0083,2026-06-01,Fashion,Footwear,2170.28,1210.1,0.4424,6,1.1,0.792206666053297,0.809
P0083,2026-07-01,Fashion,Footwear,2170.28,1210.1,0.4424,7,1.08,0.7858690127248706,0.768
P0083,2026-08-01,Fashion,Footwear,2170.28,1210.1,0.4424,8,1.0,0.7795820606230717,1.007
P0083,2026-09-01,Fashion,Footwear,2170.28,1210.1,0.4424,9,1.0,0.7733454041380872,0.767
P0084,2024-01-01,Fashion,Footwear,2500.68,1739.92,0.3042,1,0.88,1.0,0.833
P0084,2024-02-01,Fashion,Footwear,2500.68,1739.92,0.3042,2,0.9,0.992,0.816
P0084,2024-03-01,Fashion,Footwear,2500.68,1739.92,0.3042,3,1.0,0.9840639999999999,1.094
P0084,2024-04-01,Fashion,Footwear,2500.68,1739.92,0.3042,4,1.0,0.976191488,0.991
P0084,2024-05-01,Fashion,Footwear,2500.68,1739.92,0.3042,5,1.0,0.968381956096,0.924
P0084,2024-06-01,Fashion,Footwear,2500.68,1739.92,0.3042,6,1.1,0.960634900447232,1.087
P0084,2024-07-01,Fashion,Footwear,2500.68,1739.92,0.3042,7,1.08,0.9529498212436541,0.967
P0084,2024-08-01,Fashion,Footwear,2500.68,1739.92,0.3042,8,1.0,0.9453262226737048,0.938
P0084,2024-09-01,Fashion,Footwear,2500.68,1739.92,0.3042,9,1.0,0.9377636128923152,1.181
P0084,2024-10-01,Fashion,Footwear,2500.68,1739.92,0.3042,10,1.3,0.9302615039891767,1.187
P0084,2024-11-01,Fashion,Footwear,2500.68,1739.92,0.3042,11,1.42,0.9228194119572632,1.216
P0084,2024-12-01,Fashion,Footwear,2500.68,1739.92,0.3042,12,1.5,0.9154368566616051,1.543
P0084,2025-01-01,Fashion,Footwear,2500.68,1739.92,0.3042,1,0.88,0.9081133618083123,0.752
P0084,2025-02-01,Fashion,Footwear,2500.68,1739.92,0.3042,2,0.9,0.9008484549138458,0.747
P0084,2025-03-01,Fashion,Footwear,2500.68,1739.92,0.3042,3,1.0,0.893641667274535,1.098
P0084,2025-04-01,Fashion,Footwear,2500.68,1739.92,0.3042,4,1.0,0.8864925339363388,0.915
P0084,2025-05-01,Fashion,Footwear,2500.68,1739.92,0.3042,5,1.0,0.879400593664848,0.831
P0084,2025-06-01,Fashion,Footwear,2500.68,1739.92,0.3042,6,1.1,0.8723653889155293,1.015
P0084,2025-07-01,Fashion,Footwear,2500.68,1739.92,0.3042,7,1.08,0.865386465804205,0.801
P0084,2025-08-01,Fashion,Footwear,2500.68,1739.92,0.3042,8,1.0,0.8584633740777713,0.865
P0084,2025-09-01,Fashion,Footwear,2500.68,1739.92,0.3042,9,1.0,0.8515956670851492,0.795
P0084,2025-10-01,Fashion,Footwear,2500.68,1739.92,0.3042,10,1.3,0.8447829017484679,1.118
P0084,2025-11-01,Fashion,Footwear,2500.68,1739.92,0.3042,11,1.42,0.8380246385344802,1.142
P0084,2025-12-01,Fashion,Footwear,2500.68,1739.92,0.3042,12,1.5,0.8313204414262044,1.233
P0084,2026-01-01,Fashion,Footwear,2500.68,1739.92,0.3042,1,0.88,0.8246698778947947,0.811
P0084,2026-02-01,Fashion,Footwear,2500.68,1739.92,0.3042,2,0.9,0.8180725188716363,0.655
P0084,2026-03-01,Fashion,Footwear,2500.68,1739.92,0.3042,3,1.0,0.8115279387206633,0.819
P0084,2026-04-01,Fashion,Footwear,2500.68,1739.92,0.3042,4,1.0,0.8050357152108979,0.797
P0084,2026-05-01,Fashion,Footwear,2500.68,1739.92,0.3042,5,1.0,0.7985954294892108,0.81
P0084,2026-06-01,Fashion,Footwear,2500.68,1739.92,0.3042,6,1.1,0.792206666053297,0.689
P0084,2026-07-01,Fashion,Footwear,2500.68,1739.92,0.3042,7,1.08,0.7858690127248706,0.853
P0084,2026-08-01,Fashion,Footwear,2500.68,1739.92,0.3042,8,1.0,0.7795820606230717,0.837
P0084,2026-09-01,Fashion,Footwear,2500.68,1739.92,0.3042,9,1.0,0.7733454041380872,0.698
P0085,2024-01-01,Fashion,Footwear,1859.1,1045.46,0.4377,1,0.88,1.0,0.905
P0085,2024-02-01,Fashion,Footwear,1859.1,1045.46,0.4377,2,0.9,0.992,0.781
P0085,2024-03-01,Fashion,Footwear,1859.1,1045.46,0.4377,3,1.0,0.9840639999999999,0.908
P0085,2024-04-01,Fashion,Footwear,1859.1,1045.46,0.4377,4,1.0,0.976191488,0.847
P0085,2024-05-01,Fashion,Footwear,1859.1,1045.46,0.4377,5,1.0,0.968381956096,1.144
P0085,2024-06-01,Fashion,Footwear,1859.1,1045.46,0.4377,6,1.1,0.960634900447232,1.26
P0085,2024-07-01,Fashion,Footwear,1859.1,1045.46,0.4377,7,1.08,0.9529498212436541,0.976
P0085,2024-08-01,Fashion,Footwear,1859.1,1045.46,0.4377,8,1.0,0.9453262226737048,0.976
P0085,2024-09-01,Fashion,Footwear,1859.1,1045.46,0.4377,9,1.0,0.9377636128923152,1.127
P0085,2024-10-01,Fashion,Footwear,1859.1,1045.46,0.4377,10,1.3,0.9302615039891767,0.834
P0085,2024-11-01,Fashion,Footwear,1859.1,1045.46,0.4377,11,1.42,0.9228194119572632,1.406
P0085,2024-12-01,Fashion,Footwear,1859.1,1045.46,0.4377,12,1.5,0.9154368566616051,1.394
P0085,2025-01-01,Fashion,Footwear,1859.1,1045.46,0.4377,1,0.88,0.9081133618083123,0.71
P0085,2025-02-01,Fashion,Footwear,1859.1,1045.46,0.4377,2,0.9,0.9008484549138458,1.11
P0085,2025-03-01,Fashion,Footwear,1859.1,1045.46,0.4377,3,1.0,0.893641667274535,0.942
P0085,2025-04-01,Fashion,Footwear,1859.1,1045.46,0.4377,4,1.0,0.8864925339363388,0.888
P0085,2025-05-01,Fashion,Footwear,1859.1,1045.46,0.4377,5,1.0,0.879400593664848,0.805
P0085,2025-06-01,Fashion,Footwear,1859.1,1045.46,0.4377,6,1.1,0.8723653889155293,0.894
P0085,2025-07-01,Fashion,Footwear,1859.1,1045.46,0.4377,7,1.08,0.865386465804205,0.888
P0085,2025-08-01,Fashion,Footwear,1859.1,1045.46,0.4377,8,1.0,0.8584633740777713,0.959
P0085,2025-09-01,Fashion,Footwear,1859.1,1045.46,0.4377,9,1.0,0.8515956670851492,0.68
P0085,2025-10-01,Fashion,Footwear,1859.1,1045.46,0.4377,10,1.3,0.8447829017484679,1.201
P0085,2025-11-01,Fashion,Footwear,1859.1,1045.46,0.4377,11,1.42,0.8380246385344802,1.442
P0085,2025-12-01,Fashion,Footwear,1859.1,1045.46,0.4377,12,1.5,0.8313204414262044,1.408
P0085,2026-01-01,Fashion,Footwear,1859.1,1045.46,0.4377,1,0.88,0.8246698778947947,0.899
P0085,2026-02-01,Fashion,Footwear,1859.1,1045.46,0.4377,2,0.9,0.8180725188716363,0.698
P0085,2026-03-01,Fashion,Footwear,1859.1,1045.46,0.4377,3,1.0,0.8115279387206633,0.969
P0085,2026-04-01,Fashion,Footwear,1859.1,1045.46,0.4377,4,1.0,0.8050357152108979,0.884
P0085,2026-05-01,Fashion,Footwear,1859.1,1045.46,0.4377,5,1.0,0.7985954294892108,0.84
P0085,2026-06-01,Fashion,Footwear,1859.1,1045.46,0.4377,6,1.1,0.792206666053297,0.955
P0085,2026-07-01,Fashion,Footwear,1859.1,1045.46,0.4377,7,1.08,0.7858690127248706,0.871
P0085,2026-08-01,Fashion,Footwear,1859.1,1045.46,0.4377,8,1.0,0.7795820606230717,0.68
P0085,2026-09-01,Fashion,Footwear,1859.1,1045.46,0.4377,9,1.0,0.7733454041380872,0.717
P0086,2024-01-01,Fashion,Footwear,3039.64,1657.0,0.4549,1,0.88,1.0,0.979
P0086,2024-02-01,Fashion,Footwear,3039.64,1657.0,0.4549,2,0.9,0.992,0.967
P0086,2024-03-01,Fashion,Footwear,3039.64,1657.0,0.4549,3,1.0,0.9840639999999999,0.861
P0086,2024-04-01,Fashion,Footwear,3039.64,1657.0,0.4549,4,1.0,0.976191488,0.978
P0086,2024-05-01,Fashion,Footwear,3039.64,1657.0,0.4549,5,1.0,0.968381956096,1.029
P0086,2024-06-01,Fashion,Footwear,3039.64,1657.0,0.4549,6,1.1,0.960634900447232,1.034
P0086,2024-07-01,Fashion,Footwear,3039.64,1657.0,0.4549,7,1.08,0.9529498212436541,1.293
P0086,2024-08-01,Fashion,Footwear,3039.64,1657.0,0.4549,8,1.0,0.9453262226737048,0.99
P0086,2024-09-01,Fashion,Footwear,3039.64,1657.0,0.4549,9,1.0,0.9377636128923152,0.762
P0086,2024-10-01,Fashion,Footwear,3039.64,1657.0,0.4549,10,1.3,0.9302615039891767,1.137
P0086,2024-11-01,Fashion,Footwear,3039.64,1657.0,0.4549,11,1.42,0.9228194119572632,1.17
P0086,2024-12-01,Fashion,Footwear,3039.64,1657.0,0.4549,12,1.5,0.9154368566616051,1.412
P0086,2025-01-01,Fashion,Footwear,3039.64,1657.0,0.4549,1,0.88,0.9081133618083123,0.892
P0086,2025-02-01,Fashion,Footwear,3039.64,1657.0,0.4549,2,0.9,0.9008484549138458,0.74
P0086,2025-03-01,Fashion,Footwear,3039.64,1657.0,0.4549,3,1.0,0.893641667274535,0.886
P0086,2025-04-01,Fashion,Footwear,3039.64,1657.0,0.4549,4,1.0,0.8864925339363388,1.042
P0086,2025-05-01,Fashion,Footwear,3039.64,1657.0,0.4549,5,1.0,0.879400593664848,0.917
P0086,2025-06-01,Fashion,Footwear,3039.64,1657.0,0.4549,6,1.1,0.8723653889155293,1.071
P0086,2025-07-01,Fashion,Footwear,3039.64,1657.0,0.4549,7,1.08,0.865386465804205,0.916
P0086,2025-08-01,Fashion,Footwear,3039.64,1657.0,0.4549,8,1.0,0.8584633740777713,0.905
P0086,2025-09-01,Fashion,Footwear,3039.64,1657.0,0.4549,9,1.0,0.8515956670851492,0.844
P0086,2025-10-01,Fashion,Footwear,3039.64,1657.0,0.4549,10,1.3,0.8447829017484679,1.108
P0086,2025-11-01,Fashion,Footwear,3039.64,1657.0,0.4549,11,1.42,0.8380246385344802,1.229
P0086,2025-12-01,Fashion,Footwear,3039.64,1657.0,0.4549,12,1.5,0.8313204414262044,1.198
P0086,2026-01-01,Fashion,Footwear,3039.64,1657.0,0.4549,1,0.88,0.8246698778947947,0.787
P0086,2026-02-01,Fashion,Footwear,3039.64,1657.0,0.4549,2,0.9,0.8180725188716363,0.695
P0086,2026-03-01,Fashion,Footwear,3039.64,1657.0,0.4549,3,1.0,0.8115279387206633,0.731
P0086,2026-04-01,Fashion,Footwear,3039.64,1657.0,0.4549,4,1.0,0.8050357152108979,0.779
P0086,2026-05-01,Fashion,Footwear,3039.64,1657.0,0.4549,5,1.0,0.7985954294892108,0.836
P0086,2026-06-01,Fashion,Footwear,3039.64,1657.0,0.4549,6,1.1,0.792206666053297,0.985
P0086,2026-07-01,Fashion,Footwear,3039.64,1657.0,0.4549,7,1.08,0.7858690127248706,0.826
P0086,2026-08-01,Fashion,Footwear,3039.64,1657.0,0.4549,8,1.0,0.7795820606230717,0.696
P0086,2026-09-01,Fashion,Footwear,3039.64,1657.0,0.4549,9,1.0,0.7733454041380872,0.748
P0087,2024-01-01,Fashion,Footwear,362.03,226.81,0.3735,1,0.88,1.0,0.83
P0087,2024-02-01,Fashion,Footwear,362.03,226.81,0.3735,2,0.9,0.992,0.866
P0087,2024-03-01,Fashion,Footwear,362.03,226.81,0.3735,3,1.0,0.9840639999999999,1.027
P0087,2024-04-01,Fashion,Footwear,362.03,226.81,0.3735,4,1.0,0.976191488,0.914
P0087,2024-05-01,Fashion,Footwear,362.03,226.81,0.3735,5,1.0,0.968381956096,0.915
P0087,2024-06-01,Fashion,Footwear,362.03,226.81,0.3735,6,1.1,0.960634900447232,1.13
P0087,2024-07-01,Fashion,Footwear,362.03,226.81,0.3735,7,1.08,0.9529498212436541,1.01
P0087,2024-08-01,Fashion,Footwear,362.03,226.81,0.3735,8,1.0,0.9453262226737048,0.917
P0087,2024-09-01,Fashion,Footwear,362.03,226.81,0.3735,9,1.0,0.9377636128923152,0.992
P0087,2024-10-01,Fashion,Footwear,362.03,226.81,0.3735,10,1.3,0.9302615039891767,1.165
P0087,2024-11-01,Fashion,Footwear,362.03,226.81,0.3735,11,1.42,0.9228194119572632,1.614
P0087,2024-12-01,Fashion,Footwear,362.03,226.81,0.3735,12,1.5,0.9154368566616051,1.382
P0087,2025-01-01,Fashion,Footwear,362.03,226.81,0.3735,1,0.88,0.9081133618083123,0.733
P0087,2025-02-01,Fashion,Footwear,362.03,226.81,0.3735,2,0.9,0.9008484549138458,0.941
P0087,2025-03-01,Fashion,Footwear,362.03,226.81,0.3735,3,1.0,0.893641667274535,0.98
P0087,2025-04-01,Fashion,Footwear,362.03,226.81,0.3735,4,1.0,0.8864925339363388,0.937
P0087,2025-05-01,Fashion,Footwear,362.03,226.81,0.3735,5,1.0,0.879400593664848,0.839
P0087,2025-06-01,Fashion,Footwear,362.03,226.81,0.3735,6,1.1,0.8723653889155293,1.131
P0087,2025-07-01,Fashion,Footwear,362.03,226.81,0.3735,7,1.08,0.865386465804205,0.807
P0087,2025-08-01,Fashion,Footwear,362.03,226.81,0.3735,8,1.0,0.8584633740777713,0.913
P0087,2025-09-01,Fashion,Footwear,362.03,226.81,0.3735,9,1.0,0.8515956670851492,0.798
P0087,2025-10-01,Fashion,Footwear,362.03,226.81,0.3735,10,1.3,0.8447829017484679,0.988
P0087,2025-11-01,Fashion,Footwear,362.03,226.81,0.3735,11,1.42,0.8380246385344802,1.349
P0087,2025-12-01,Fashion,Footwear,362.03,226.81,0.3735,12,1.5,0.8313204414262044,1.271
P0087,2026-01-01,Fashion,Footwear,362.03,226.81,0.3735,1,0.88,0.8246698778947947,0.709
P0087,2026-02-01,Fashion,Footwear,362.03,226.81,0.3735,2,0.9,0.8180725188716363,0.729
P0087,2026-03-01,Fashion,Footwear,362.03,226.81,0.3735,3,1.0,0.8115279387206633,0.898
P0087,2026-04-01,Fashion,Footwear,362.03,226.81,0.3735,4,1.0,0.8050357152108979,0.804
P0087,2026-05-01,Fashion,Footwear,362.03,226.81,0.3735,5,1.0,0.7985954294892108,0.721
P0087,2026-06-01,Fashion,Footwear,362.03,226.81,0.3735,6,1.1,0.792206666053297,1.062
P0087,2026-07-01,Fashion,Footwear,362.03,226.81,0.3735,7,1.08,0.7858690127248706,0.956
P0087,2026-08-01,Fashion,Footwear,362.03,226.81,0.3735,8,1.0,0.7795820606230717,0.833
P0087,2026-09-01,Fashion,Footwear,362.03,226.81,0.3735,9,1.0,0.7733454041380872,0.69
P0088,2024-01-01,Fashion,Footwear,2891.08,1592.06,0.4493,1,0.88,1.0,0.818
P0088,2024-02-01,Fashion,Footwear,2891.08,1592.06,0.4493,2,0.9,0.992,1.026
P0088,2024-03-01,Fashion,Footwear,2891.08,1592.06,0.4493,3,1.0,0.9840639999999999,1.073
P0088,2024-04-01,Fashion,Footwear,2891.08,1592.06,0.4493,4,1.0,0.976191488,0.946
P0088,2024-05-01,Fashion,Footwear,2891.08,1592.06,0.4493,5,1.0,0.968381956096,1.065
P0088,2024-06-01,Fashion,Footwear,2891.08,1592.06,0.4493,6,1.1,0.960634900447232,1.269
P0088,2024-07-01,Fashion,Footwear,2891.08,1592.06,0.4493,7,1.08,0.9529498212436541,1.004
P0088,2024-08-01,Fashion,Footwear,2891.08,1592.06,0.4493,8,1.0,0.9453262226737048,1.104
P0088,2024-09-01,Fashion,Footwear,2891.08,1592.06,0.4493,9,1.0,0.9377636128923152,1.017
P0088,2024-10-01,Fashion,Footwear,2891.08,1592.06,0.4493,10,1.3,0.9302615039891767,1.146
P0088,2024-11-01,Fashion,Footwear,2891.08,1592.06,0.4493,11,1.42,0.9228194119572632,1.369
P0088,2024-12-01,Fashion,Footwear,2891.08,1592.06,0.4493,12,1.5,0.9154368566616051,1.159
P0088,2025-01-01,Fashion,Footwear,2891.08,1592.06,0.4493,1,0.88,0.9081133618083123,0.837
P0088,2025-02-01,Fashion,Footwear,2891.08,1592.06,0.4493,2,0.9,0.9008484549138458,0.677
P0088,2025-03-01,Fashion,Footwear,2891.08,1592.06,0.4493,3,1.0,0.893641667274535,1.009
P0088,2025-04-01,Fashion,Footwear,2891.08,1592.06,0.4493,4,1.0,0.8864925339363388,1.023
P0088,2025-05-01,Fashion,Footwear,2891.08,1592.06,0.4493,5,1.0,0.879400593664848,0.986
P0088,2025-06-01,Fashion,Footwear,2891.08,1592.06,0.4493,6,1.1,0.8723653889155293,1.172
P0088,2025-07-01,Fashion,Footwear,2891.08,1592.06,0.4493,7,1.08,0.865386465804205,0.782
P0088,2025-08-01,Fashion,Footwear,2891.08,1592.06,0.4493,8,1.0,0.8584633740777713,0.823
P0088,2025-09-01,Fashion,Footwear,2891.08,1592.06,0.4493,9,1.0,0.8515956670851492,0.742
P0088,2025-10-01,Fashion,Footwear,2891.08,1592.06,0.4493,10,1.3,0.8447829017484679,1.121
P0088,2025-11-01,Fashion,Footwear,2891.08,1592.06,0.4493,11,1.42,0.8380246385344802,1.102
P0088,2025-12-01,Fashion,Footwear,2891.08,1592.06,0.4493,12,1.5,0.8313204414262044,1.214
P0088,2026-01-01,Fashion,Footwear,2891.08,1592.06,0.4493,1,0.88,0.8246698778947947,0.829
P0088,2026-02-01,Fashion,Footwear,2891.08,1592.06,0.4493,2,0.9,0.8180725188716363,0.739
P0088,2026-03-01,Fashion,Footwear,2891.08,1592.06,0.4493,3,1.0,0.8115279387206633,0.919
P0088,2026-04-01,Fashion,Footwear,2891.08,1592.06,0.4493,4,1.0,0.8050357152108979,0.742
P0088,2026-05-01,Fashion,Footwear,2891.08,1592.06,0.4493,5,1.0,0.7985954294892108,0.712
P0088,2026-06-01,Fashion,Footwear,2891.08,1592.06,0.4493,6,1.1,0.792206666053297,0.866
P0088,2026-07-01,Fashion,Footwear,2891.08,1592.06,0.4493,7,1.08,0.7858690127248706,0.871
P0088,2026-08-01,Fashion,Footwear,2891.08,1592.06,0.4493,8,1.0,0.7795820606230717,0.662
P0088,2026-09-01,Fashion,Footwear,2891.08,1592.06,0.4493,9,1.0,0.7733454041380872,0.855
P0089,2024-01-01,Fashion,Footwear,378.93,271.8,0.2827,1,0.88,1.0,0.809
P0089,2024-02-01,Fashion,Footwear,378.93,271.8,0.2827,2,0.9,0.992,0.9
P0089,2024-03-01,Fashion,Footwear,378.93,271.8,0.2827,3,1.0,0.9840639999999999,1.044
P0089,2024-04-01,Fashion,Footwear,378.93,271.8,0.2827,4,1.0,0.976191488,0.898
P0089,2024-05-01,Fashion,Footwear,378.93,271.8,0.2827,5,1.0,0.968381956096,1.194
P0089,2024-06-01,Fashion,Footwear,378.93,271.8,0.2827,6,1.1,0.960634900447232,1.121
P0089,2024-07-01,Fashion,Footwear,378.93,271.8,0.2827,7,1.08,0.9529498212436541,1.15
P0089,2024-08-01,Fashion,Footwear,378.93,271.8,0.2827,8,1.0,0.9453262226737048,0.952
P0089,2024-09-01,Fashion,Footwear,378.93,271.8,0.2827,9,1.0,0.9377636128923152,1.124
P0089,2024-10-01,Fashion,Footwear,378.93,271.8,0.2827,10,1.3,0.9302615039891767,1.063
P0089,2024-11-01,Fashion,Footwear,378.93,271.8,0.2827,11,1.42,0.9228194119572632,1.31
P0089,2024-12-01,Fashion,Footwear,378.93,271.8,0.2827,12,1.5,0.9154368566616051,1.367
P0089,2025-01-01,Fashion,Footwear,378.93,271.8,0.2827,1,0.88,0.9081133618083123,0.75
P0089,2025-02-01,Fashion,Footwear,378.93,271.8,0.2827,2,0.9,0.9008484549138458,1.03
P0089,2025-03-01,Fashion,Footwear,378.93,271.8,0.2827,3,1.0,0.893641667274535,1.028
P0089,2025-04-01,Fashion,Footwear,378.93,271.8,0.2827,4,1.0,0.8864925339363388,0.75
P0089,2025-05-01,Fashion,Footwear,378.93,271.8,0.2827,5,1.0,0.879400593664848,0.899
P0089,2025-06-01,Fashion,Footwear,378.93,271.8,0.2827,6,1.1,0.8723653889155293,0.961
P0089,2025-07-01,Fashion,Footwear,378.93,271.8,0.2827,7,1.08,0.865386465804205,0.953
P0089,2025-08-01,Fashion,Footwear,378.93,271.8,0.2827,8,1.0,0.8584633740777713,0.946
P0089,2025-09-01,Fashion,Footwear,378.93,271.8,0.2827,9,1.0,0.8515956670851492,0.77
P0089,2025-10-01,Fashion,Footwear,378.93,271.8,0.2827,10,1.3,0.8447829017484679,1.114
P0089,2025-11-01,Fashion,Footwear,378.93,271.8,0.2827,11,1.42,0.8380246385344802,1.318
P0089,2025-12-01,Fashion,Footwear,378.93,271.8,0.2827,12,1.5,0.8313204414262044,1.311
P0089,2026-01-01,Fashion,Footwear,378.93,271.8,0.2827,1,0.88,0.8246698778947947,0.794
P0089,2026-02-01,Fashion,Footwear,378.93,271.8,0.2827,2,0.9,0.8180725188716363,0.634
P0089,2026-03-01,Fashion,Footwear,378.93,271.8,0.2827,3,1.0,0.8115279387206633,0.814
P0089,2026-04-01,Fashion,Footwear,378.93,271.8,0.2827,4,1.0,0.8050357152108979,0.939
P0089,2026-05-01,Fashion,Footwear,378.93,271.8,0.2827,5,1.0,0.7985954294892108,0.79
P0089,2026-06-01,Fashion,Footwear,378.93,271.8,0.2827,6,1.1,0.792206666053297,1.133
P0089,2026-07-01,Fashion,Footwear,378.93,271.8,0.2827,7,1.08,0.7858690127248706,0.852
P0089,2026-08-01,Fashion,Footwear,378.93,271.8,0.2827,8,1.0,0.7795820606230717,0.833
P0089,2026-09-01,Fashion,Footwear,378.93,271.8,0.2827,9,1.0,0.7733454041380872,0.661
P0090,2024-01-01,Fashion,Footwear,3458.65,2510.54,0.2741,1,0.88,1.0,0.921
P0090,2024-02-01,Fashion,Footwear,3458.65,2510.54,0.2741,2,0.9,0.992,0.803
P0090,2024-03-01,Fashion,Footwear,3458.65,2510.54,0.2741,3,1.0,0.9840639999999999,0.788
P0090,2024-04-01,Fashion,Footwear,3458.65,2510.54,0.2741,4,1.0,0.976191488,1.022
P0090,2024-05-01,Fashion,Footwear,3458.65,2510.54,0.2741,5,1.0,0.968381956096,0.969
P0090,2024-06-01,Fashion,Footwear,3458.65,2510.54,0.2741,6,1.1,0.960634900447232,1.047
P0090,2024-07-01,Fashion,Footwear,3458.65,2510.54,0.2741,7,1.08,0.9529498212436541,0.912
P0090,2024-08-01,Fashion,Footwear,3458.65,2510.54,0.2741,8,1.0,0.9453262226737048,0.913
P0090,2024-09-01,Fashion,Footwear,3458.65,2510.54,0.2741,9,1.0,0.9377636128923152,0.913
P0090,2024-10-01,Fashion,Footwear,3458.65,2510.54,0.2741,10,1.3,0.9302615039891767,1.063
P0090,2024-11-01,Fashion,Footwear,3458.65,2510.54,0.2741,11,1.42,0.9228194119572632,1.333
P0090,2024-12-01,Fashion,Footwear,3458.65,2510.54,0.2741,12,1.5,0.9154368566616051,1.212
P0090,2025-01-01,Fashion,Footwear,3458.65,2510.54,0.2741,1,0.88,0.9081133618083123,0.92
P0090,2025-02-01,Fashion,Footwear,3458.65,2510.54,0.2741,2,0.9,0.9008484549138458,0.82
P0090,2025-03-01,Fashion,Footwear,3458.65,2510.54,0.2741,3,1.0,0.893641667274535,0.838
P0090,2025-04-01,Fashion,Footwear,3458.65,2510.54,0.2741,4,1.0,0.8864925339363388,0.821
P0090,2025-05-01,Fashion,Footwear,3458.65,2510.54,0.2741,5,1.0,0.879400593664848,0.909
P0090,2025-06-01,Fashion,Footwear,3458.65,2510.54,0.2741,6,1.1,0.8723653889155293,0.998
P0090,2025-07-01,Fashion,Footwear,3458.65,2510.54,0.2741,7,1.08,0.865386465804205,0.735
P0090,2025-08-01,Fashion,Footwear,3458.65,2510.54,0.2741,8,1.0,0.8584633740777713,0.822
P0090,2025-09-01,Fashion,Footwear,3458.65,2510.54,0.2741,9,1.0,0.8515956670851492,0.82
P0090,2025-10-01,Fashion,Footwear,3458.65,2510.54,0.2741,10,1.3,0.8447829017484679,1.096
P0090,2025-11-01,Fashion,Footwear,3458.65,2510.54,0.2741,11,1.42,0.8380246385344802,1.192
P0090,2025-12-01,Fashion,Footwear,3458.65,2510.54,0.2741,12,1.5,0.8313204414262044,1.305
P0090,2026-01-01,Fashion,Footwear,3458.65,2510.54,0.2741,1,0.88,0.8246698778947947,0.762
P0090,2026-02-01,Fashion,Footwear,3458.65,2510.54,0.2741,2,0.9,0.8180725188716363,0.705
P0090,2026-03-01,Fashion,Footwear,3458.65,2510.54,0.2741,3,1.0,0.8115279387206633,0.921
P0090,2026-04-01,Fashion,Footwear,3458.65,2510.54,0.2741,4,1.0,0.8050357152108979,0.748
P0090,2026-05-01,Fashion,Footwear,3458.65,2510.54,0.2741,5,1.0,0.7985954294892108,0.726
P0090,2026-06-01,Fashion,Footwear,3458.65,2510.54,0.2741,6,1.1,0.792206666053297,0.892
P0090,2026-07-01,Fashion,Footwear,3458.65,2510.54,0.2741,7,1.08,0.7858690127248706,0.825
P0090,2026-08-01,Fashion,Footwear,3458.65,2510.54,0.2741,8,1.0,0.7795820606230717,0.831
P0090,2026-09-01,Fashion,Footwear,3458.65,2510.54,0.2741,9,1.0,0.7733454041380872,0.665
P0091,2024-01-01,Beauty & Personal Care,Skincare,194.33,117.51,0.3953,1,0.88,1.0,0.993
P0091,2024-02-01,Beauty & Personal Care,Skincare,194.33,117.51,0.3953,2,0.9,1.025,1.01
P0091,2024-03-01,Beauty & Personal Care,Skincare,194.33,117.51,0.3953,3,1.0,1.050625,1.126
P0091,2024-04-01,Beauty & Personal Care,Skincare,194.33,117.51,0.3953,4,1.0,1.0768906249999997,1.03
P0091,2024-05-01,Beauty & Personal Care,Skincare,194.33,117.51,0.3953,5,1.0,1.1038128906249995,1.241
P0091,2024-06-01,Beauty & Personal Care,Skincare,194.33,117.51,0.3953,6,1.1,1.1314082128906244,1.831
P0091,2024-07-01,Beauty & Personal Care,Skincare,194.33,117.51,0.3953,7,1.08,1.15969341821289,1.189
P0091,2024-08-01,Beauty & Personal Care,Skincare,194.33,117.51,0.3953,8,1.0,1.188685753668212,1.123
P0091,2024-09-01,Beauty & Personal Care,Skincare,194.33,117.51,0.3953,9,1.0,1.2184028975099173,1.479
P0091,2024-10-01,Beauty & Personal Care,Skincare,194.33,117.51,0.3953,10,1.3,1.2488629699476652,1.644
P0091,2024-11-01,Beauty & Personal Care,Skincare,194.33,117.51,0.3953,11,1.42,1.2800845441963566,1.93
P0091,2024-12-01,Beauty & Personal Care,Skincare,194.33,117.51,0.3953,12,1.5,1.3120866578012655,2.206
P0091,2025-01-01,Beauty & Personal Care,Skincare,194.33,117.51,0.3953,1,0.88,1.344888824246297,0.978
P0091,2025-02-01,Beauty & Personal Care,Skincare,194.33,117.51,0.3953,2,0.9,1.3785110448524542,1.355
P0091,2025-03-01,Beauty & Personal Care,Skincare,194.33,117.51,0.3953,3,1.0,1.4129738209737657,1.437
P0091,2025-04-01,Beauty & Personal Care,Skincare,194.33,117.51,0.3953,4,1.0,1.4482981664981096,1.863
P0091,2025-05-01,Beauty & Personal Care,Skincare,194.33,117.51,0.3953,5,1.0,1.4845056206605622,1.664
P0091,2025-06-01,Beauty & Personal Care,Skincare,194.33,117.51,0.3953,6,1.1,1.521618261177076,1.314
P0091,2025-07-01,Beauty & Personal Care,Skincare,194.33,117.51,0.3953,7,1.08,1.5596587177065029,2.097
P0091,2025-08-01,Beauty & Personal Care,Skincare,194.33,117.51,0.3953,8,1.0,1.5986501856491653,1.587
P0091,2025-09-01,Beauty & Personal Care,Skincare,194.33,117.51,0.3953,9,1.0,1.6386164402903942,1.805
P0091,2025-10-01,Beauty & Personal Care,Skincare,194.33,117.51,0.3953,10,1.3,1.679581851297654,2.127
P0091,2025-11-01,Beauty & Personal Care,Skincare,194.33,117.51,0.3953,11,1.42,1.7215713975800953,2.289
P0091,2025-12-01,Beauty & Personal Care,Skincare,194.33,117.51,0.3953,12,1.5,1.7646106825195975,2.356
P0091,2026-01-01,Beauty & Personal Care,Skincare,194.33,117.51,0.3953,1,0.88,1.8087259495825871,1.59
P0091,2026-02-01,Beauty & Personal Care,Skincare,194.33,117.51,0.3953,2,0.9,1.8539440983221518,1.823
P0091,2026-03-01,Beauty & Personal Care,Skincare,194.33,117.51,0.3953,3,1.0,1.9002927007802053,1.79
P0091,2026-04-01,Beauty & Personal Care,Skincare,194.33,117.51,0.3953,4,1.0,1.9478000182997104,1.612
P0091,2026-05-01,Beauty & Personal Care,Skincare,194.33,117.51,0.3953,5,1.0,1.996495018757203,1.746
P0091,2026-06-01,Beauty & Personal Care,Skincare,194.33,117.51,0.3953,6,1.1,2.046407394226133,2.258
P0091,2026-07-01,Beauty & Personal Care,Skincare,194.33,117.51,0.3953,7,1.08,2.097567579081786,2.378
P0091,2026-08-01,Beauty & Personal Care,Skincare,194.33,117.51,0.3953,8,1.0,2.15000676855883,2.065
P0091,2026-09-01,Beauty & Personal Care,Skincare,194.33,117.51,0.3953,9,1.0,2.203756937772801,2.359
P0092,2024-01-01,Beauty & Personal Care,Skincare,2330.98,1539.9,0.3394,1,0.88,1.0,0.853
P0092,2024-02-01,Beauty & Personal Care,Skincare,2330.98,1539.9,0.3394,2,0.9,1.025,0.929
P0092,2024-03-01,Beauty & Personal Care,Skincare,2330.98,1539.9,0.3394,3,1.0,1.050625,1.191
P0092,2024-04-01,Beauty & Personal Care,Skincare,2330.98,1539.9,0.3394,4,1.0,1.0768906249999997,1.245
P0092,2024-05-01,Beauty & Personal Care,Skincare,2330.98,1539.9,0.3394,5,1.0,1.1038128906249995,0.924
P0092,2024-06-01,Beauty & Personal Care,Skincare,2330.98,1539.9,0.3394,6,1.1,1.1314082128906244,1.167
P0092,2024-07-01,Beauty & Personal Care,Skincare,2330.98,1539.9,0.3394,7,1.08,1.15969341821289,1.276
P0092,2024-08-01,Beauty & Personal Care,Skincare,2330.98,1539.9,0.3394,8,1.0,1.188685753668212,1.287
P0092,2024-09-01,Beauty & Personal Care,Skincare,2330.98,1539.9,0.3394,9,1.0,1.2184028975099173,1.251
P0092,2024-10-01,Beauty & Personal Care,Skincare,2330.98,1539.9,0.3394,10,1.3,1.2488629699476652,1.701
P0092,2024-11-01,Beauty & Personal Care,Skincare,2330.98,1539.9,0.3394,11,1.42,1.2800845441963566,1.665
P0092,2024-12-01,Beauty & Personal Care,Skincare,2330.98,1539.9,0.3394,12,1.5,1.3120866578012655,1.925
P0092,2025-01-01,Beauty & Personal Care,Skincare,2330.98,1539.9,0.3394,1,0.88,1.344888824246297,1.224
P0092,2025-02-01,Beauty & Personal Care,Skincare,2330.98,1539.9,0.3394,2,0.9,1.3785110448524542,1.239
P0092,2025-03-01,Beauty & Personal Care,Skincare,2330.98,1539.9,0.3394,3,1.0,1.4129738209737657,1.68
P0092,2025-04-01,Beauty & Personal Care,Skincare,2330.98,1539.9,0.3394,4,1.0,1.4482981664981096,1.788
P0092,2025-05-01,Beauty & Personal Care,Skincare,2330.98,1539.9,0.3394,5,1.0,1.4845056206605622,1.125
P0092,2025-06-01,Beauty & Personal Care,Skincare,2330.98,1539.9,0.3394,6,1.1,1.521618261177076,1.556
P0092,2025-07-01,Beauty & Personal Care,Skincare,2330.98,1539.9,0.3394,7,1.08,1.5596587177065029,1.737
P0092,2025-08-01,Beauty & Personal Care,Skincare,2330.98,1539.9,0.3394,8,1.0,1.5986501856491653,1.769
P0092,2025-09-01,Beauty & Personal Care,Skincare,2330.98,1539.9,0.3394,9,1.0,1.6386164402903942,1.724
P0092,2025-10-01,Beauty & Personal Care,Skincare,2330.98,1539.9,0.3394,10,1.3,1.679581851297654,2.095
P0092,2025-11-01,Beauty & Personal Care,Skincare,2330.98,1539.9,0.3394,11,1.42,1.7215713975800953,2.336
P0092,2025-12-01,Beauty & Personal Care,Skincare,2330.98,1539.9,0.3394,12,1.5,1.7646106825195975,2.156
P0092,2026-01-01,Beauty & Personal Care,Skincare,2330.98,1539.9,0.3394,1,0.88,1.8087259495825871,1.342
P0092,2026-02-01,Beauty & Personal Care,Skincare,2330.98,1539.9,0.3394,2,0.9,1.8539440983221518,1.914
P0092,2026-03-01,Beauty & Personal Care,Skincare,2330.98,1539.9,0.3394,3,1.0,1.9002927007802053,1.777
P0092,2026-04-01,Beauty & Personal Care,Skincare,2330.98,1539.9,0.3394,4,1.0,1.9478000182997104,2.17
P0092,2026-05-01,Beauty & Personal Care,Skincare,2330.98,1539.9,0.3394,5,1.0,1.996495018757203,1.964
P0092,2026-06-01,Beauty & Personal Care,Skincare,2330.98,1539.9,0.3394,6,1.1,2.046407394226133,1.979
P0092,2026-07-01,Beauty & Personal Care,Skincare,2330.98,1539.9,0.3394,7,1.08,2.097567579081786,2.148
P0092,2026-08-01,Beauty & Personal Care,Skincare,2330.98,1539.9,0.3394,8,1.0,2.15000676855883,1.693
P0092,2026-09-01,Beauty & Personal Care,Skincare,2330.98,1539.9,0.3394,9,1.0,2.203756937772801,2.325
P0093,2024-01-01,Beauty & Personal Care,Skincare,1079.12,756.25,0.2992,1,0.88,1.0,0.882
P0093,2024-02-01,Beauty & Personal Care,Skincare,1079.12,756.25,0.2992,2,0.9,1.025,0.924
P0093,2024-03-01,Beauty & Personal Care,Skincare,1079.12,756.25,0.2992,3,1.0,1.050625,1.111
P0093,2024-04-01,Beauty & Personal Care,Skincare,1079.12,756.25,0.2992,4,1.0,1.0768906249999997,1.086
P0093,2024-05-01,Beauty & Personal Care,Skincare,1079.12,756.25,0.2992,5,1.0,1.1038128906249995,1.22
P0093,2024-06-01,Beauty & Personal Care,Skincare,1079.12,756.25,0.2992,6,1.1,1.1314082128906244,1.403
P0093,2024-07-01,Beauty & Personal Care,Skincare,1079.12,756.25,0.2992,7,1.08,1.15969341821289,1.292
P0093,2024-08-01,Beauty & Personal Care,Skincare,1079.12,756.25,0.2992,8,1.0,1.188685753668212,1.207
P0093,2024-09-01,Beauty & Personal Care,Skincare,1079.12,756.25,0.2992,9,1.0,1.2184028975099173,0.98
P0093,2024-10-01,Beauty & Personal Care,Skincare,1079.12,756.25,0.2992,10,1.3,1.2488629699476652,1.541
P0093,2024-11-01,Beauty & Personal Care,Skincare,1079.12,756.25,0.2992,11,1.42,1.2800845441963566,1.847
P0093,2024-12-01,Beauty & Personal Care,Skincare,1079.12,756.25,0.2992,12,1.5,1.3120866578012655,1.755
P0093,2025-01-01,Beauty & Personal Care,Skincare,1079.12,756.25,0.2992,1,0.88,1.344888824246297,1.1
P0093,2025-02-01,Beauty & Personal Care,Skincare,1079.12,756.25,0.2992,2,0.9,1.3785110448524542,1.281
P0093,2025-03-01,Beauty & Personal Care,Skincare,1079.12,756.25,0.2992,3,1.0,1.4129738209737657,1.541
P0093,2025-04-01,Beauty & Personal Care,Skincare,1079.12,756.25,0.2992,4,1.0,1.4482981664981096,1.369
P0093,2025-05-01,Beauty & Personal Care,Skincare,1079.12,756.25,0.2992,5,1.0,1.4845056206605622,1.652
P0093,2025-06-01,Beauty & Personal Care,Skincare,1079.12,756.25,0.2992,6,1.1,1.521618261177076,1.864
P0093,2025-07-01,Beauty & Personal Care,Skincare,1079.12,756.25,0.2992,7,1.08,1.5596587177065029,1.545
P0093,2025-08-01,Beauty & Personal Care,Skincare,1079.12,756.25,0.2992,8,1.0,1.5986501856491653,1.559
P0093,2025-09-01,Beauty & Personal Care,Skincare,1079.12,756.25,0.2992,9,1.0,1.6386164402903942,1.737
P0093,2025-10-01,Beauty & Personal Care,Skincare,1079.12,756.25,0.2992,10,1.3,1.679581851297654,1.937
P0093,2025-11-01,Beauty & Personal Care,Skincare,1079.12,756.25,0.2992,11,1.42,1.7215713975800953,2.478
P0093,2025-12-01,Beauty & Personal Care,Skincare,1079.12,756.25,0.2992,12,1.5,1.7646106825195975,2.401
P0093,2026-01-01,Beauty & Personal Care,Skincare,1079.12,756.25,0.2992,1,0.88,1.8087259495825871,1.406
P0093,2026-02-01,Beauty & Personal Care,Skincare,1079.12,756.25,0.2992,2,0.9,1.8539440983221518,1.739
P0093,2026-03-01,Beauty & Personal Care,Skincare,1079.12,756.25,0.2992,3,1.0,1.9002927007802053,1.881
P0093,2026-04-01,Beauty & Personal Care,Skincare,1079.12,756.25,0.2992,4,1.0,1.9478000182997104,2.001
P0093,2026-05-01,Beauty & Personal Care,Skincare,1079.12,756.25,0.2992,5,1.0,1.996495018757203,2.295
P0093,2026-06-01,Beauty & Personal Care,Skincare,1079.12,756.25,0.2992,6,1.1,2.046407394226133,2.005
P0093,2026-07-01,Beauty & Personal Care,Skincare,1079.12,756.25,0.2992,7,1.08,2.097567579081786,1.889
P0093,2026-08-01,Beauty & Personal Care,Skincare,1079.12,756.25,0.2992,8,1.0,2.15000676855883,2.174
P0093,2026-09-01,Beauty & Personal Care,Skincare,1079.12,756.25,0.2992,9,1.0,2.203756937772801,1.836
P0094,2024-01-01,Beauty & Personal Care,Skincare,152.56,128.19,0.1597,1,0.88,1.0,0.995
P0094,2024-02-01,Beauty & Personal Care,Skincare,152.56,128.19,0.1597,2,0.9,1.025,1.087
P0094,2024-03-01,Beauty & Personal Care,Skincare,152.56,128.19,0.1597,3,1.0,1.050625,0.925
P0094,2024-04-01,Beauty & Personal Care,Skincare,152.56,128.19,0.1597,4,1.0,1.0768906249999997,1.069
P0094,2024-05-01,Beauty & Personal Care,Skincare,152.56,128.19,0.1597,5,1.0,1.1038128906249995,1.254
P0094,2024-06-01,Beauty & Personal Care,Skincare,152.56,128.19,0.1597,6,1.1,1.1314082128906244,1.171
P0094,2024-07-01,Beauty & Personal Care,Skincare,152.56,128.19,0.1597,7,1.08,1.15969341821289,1.046
P0094,2024-08-01,Beauty & Personal Care,Skincare,152.56,128.19,0.1597,8,1.0,1.188685753668212,1.322
P0094,2024-09-01,Beauty & Personal Care,Skincare,152.56,128.19,0.1597,9,1.0,1.2184028975099173,1.217
P0094,2024-10-01,Beauty & Personal Care,Skincare,152.56,128.19,0.1597,10,1.3,1.2488629699476652,1.556
P0094,2024-11-01,Beauty & Personal Care,Skincare,152.56,128.19,0.1597,11,1.42,1.2800845441963566,2.013
P0094,2024-12-01,Beauty & Personal Care,Skincare,152.56,128.19,0.1597,12,1.5,1.3120866578012655,2.065
P0094,2025-01-01,Beauty & Personal Care,Skincare,152.56,128.19,0.1597,1,0.88,1.344888824246297,1.059
P0094,2025-02-01,Beauty & Personal Care,Skincare,152.56,128.19,0.1597,2,0.9,1.3785110448524542,1.238
P0094,2025-03-01,Beauty & Personal Care,Skincare,152.56,128.19,0.1597,3,1.0,1.4129738209737657,1.706
P0094,2025-04-01,Beauty & Personal Care,Skincare,152.56,128.19,0.1597,4,1.0,1.4482981664981096,1.305
P0094,2025-05-01,Beauty & Personal Care,Skincare,152.56,128.19,0.1597,5,1.0,1.4845056206605622,1.484
P0094,2025-06-01,Beauty & Personal Care,Skincare,152.56,128.19,0.1597,6,1.1,1.521618261177076,1.706
P0094,2025-07-01,Beauty & Personal Care,Skincare,152.56,128.19,0.1597,7,1.08,1.5596587177065029,1.756
P0094,2025-08-01,Beauty & Personal Care,Skincare,152.56,128.19,0.1597,8,1.0,1.5986501856491653,1.561
P0094,2025-09-01,Beauty & Personal Care,Skincare,152.56,128.19,0.1597,9,1.0,1.6386164402903942,1.674
P0094,2025-10-01,Beauty & Personal Care,Skincare,152.56,128.19,0.1597,10,1.3,1.679581851297654,2.439
P0094,2025-11-01,Beauty & Personal Care,Skincare,152.56,128.19,0.1597,11,1.42,1.7215713975800953,2.306
P0094,2025-12-01,Beauty & Personal Care,Skincare,152.56,128.19,0.1597,12,1.5,1.7646106825195975,2.117
P0094,2026-01-01,Beauty & Personal Care,Skincare,152.56,128.19,0.1597,1,0.88,1.8087259495825871,1.487
P0094,2026-02-01,Beauty & Personal Care,Skincare,152.56,128.19,0.1597,2,0.9,1.8539440983221518,1.887
P0094,2026-03-01,Beauty & Personal Care,Skincare,152.56,128.19,0.1597,3,1.0,1.9002927007802053,2.023
P0094,2026-04-01,Beauty & Personal Care,Skincare,152.56,128.19,0.1597,4,1.0,1.9478000182997104,1.651
P0094,2026-05-01,Beauty & Personal Care,Skincare,152.56,128.19,0.1597,5,1.0,1.996495018757203,1.96
P0094,2026-06-01,Beauty & Personal Care,Skincare,152.56,128.19,0.1597,6,1.1,2.046407394226133,2.595
P0094,2026-07-01,Beauty & Personal Care,Skincare,152.56,128.19,0.1597,7,1.08,2.097567579081786,2.748
P0094,2026-08-01,Beauty & Personal Care,Skincare,152.56,128.19,0.1597,8,1.0,2.15000676855883,1.624
P0094,2026-09-01,Beauty & Personal Care,Skincare,152.56,128.19,0.1597,9,1.0,2.203756937772801,2.261
P0095,2024-01-01,Beauty & Personal Care,Skincare,677.36,431.14,0.3635,1,0.88,1.0,0.815
P0095,2024-02-01,Beauty & Personal Care,Skincare,677.36,431.14,0.3635,2,0.9,1.025,0.936
P0095,2024-03-01,Beauty & Personal Care,Skincare,677.36,431.14,0.3635,3,1.0,1.050625,1.26
P0095,2024-04-01,Beauty & Personal Care,Skincare,677.36,431.14,0.3635,4,1.0,1.0768906249999997,1.043
P0095,2024-05-01,Beauty & Personal Care,Skincare,677.36,431.14,0.3635,5,1.0,1.1038128906249995,1.094
P0095,2024-06-01,Beauty & Personal Care,Skincare,677.36,431.14,0.3635,6,1.1,1.1314082128906244,1.342
P0095,2024-07-01,Beauty & Personal Care,Skincare,677.36,431.14,0.3635,7,1.08,1.15969341821289,1.535
P0095,2024-08-01,Beauty & Personal Care,Skincare,677.36,431.14,0.3635,8,1.0,1.188685753668212,1.272
P0095,2024-09-01,Beauty & Personal Care,Skincare,677.36,431.14,0.3635,9,1.0,1.2184028975099173,1.396
P0095,2024-10-01,Beauty & Personal Care,Skincare,677.36,431.14,0.3635,10,1.3,1.2488629699476652,1.643
P0095,2024-11-01,Beauty & Personal Care,Skincare,677.36,431.14,0.3635,11,1.42,1.2800845441963566,1.454
P0095,2024-12-01,Beauty & Personal Care,Skincare,677.36,431.14,0.3635,12,1.5,1.3120866578012655,2.037
P0095,2025-01-01,Beauty & Personal Care,Skincare,677.36,431.14,0.3635,1,0.88,1.344888824246297,1.326
P0095,2025-02-01,Beauty & Personal Care,Skincare,677.36,431.14,0.3635,2,0.9,1.3785110448524542,1.051
P0095,2025-03-01,Beauty & Personal Care,Skincare,677.36,431.14,0.3635,3,1.0,1.4129738209737657,1.404
P0095,2025-04-01,Beauty & Personal Care,Skincare,677.36,431.14,0.3635,4,1.0,1.4482981664981096,1.617
P0095,2025-05-01,Beauty & Personal Care,Skincare,677.36,431.14,0.3635,5,1.0,1.4845056206605622,1.609
P0095,2025-06-01,Beauty & Personal Care,Skincare,677.36,431.14,0.3635,6,1.1,1.521618261177076,1.71
P0095,2025-07-01,Beauty & Personal Care,Skincare,677.36,431.14,0.3635,7,1.08,1.5596587177065029,1.512
P0095,2025-08-01,Beauty & Personal Care,Skincare,677.36,431.14,0.3635,8,1.0,1.5986501856491653,1.877
P0095,2025-09-01,Beauty & Personal Care,Skincare,677.36,431.14,0.3635,9,1.0,1.6386164402903942,1.719
P0095,2025-10-01,Beauty & Personal Care,Skincare,677.36,431.14,0.3635,10,1.3,1.679581851297654,2.469
P0095,2025-11-01,Beauty & Personal Care,Skincare,677.36,431.14,0.3635,11,1.42,1.7215713975800953,2.242
P0095,2025-12-01,Beauty & Personal Care,Skincare,677.36,431.14,0.3635,12,1.5,1.7646106825195975,2.56
P0095,2026-01-01,Beauty & Personal Care,Skincare,677.36,431.14,0.3635,1,0.88,1.8087259495825871,1.588
P0095,2026-02-01,Beauty & Personal Care,Skincare,677.36,431.14,0.3635,2,0.9,1.8539440983221518,1.523
P0095,2026-03-01,Beauty & Personal Care,Skincare,677.36,431.14,0.3635,3,1.0,1.9002927007802053,1.813
P0095,2026-04-01,Beauty & Personal Care,Skincare,677.36,431.14,0.3635,4,1.0,1.9478000182997104,2.122
P0095,2026-05-01,Beauty & Personal Care,Skincare,677.36,431.14,0.3635,5,1.0,1.996495018757203,1.99
P0095,2026-06-01,Beauty & Personal Care,Skincare,677.36,431.14,0.3635,6,1.1,2.046407394226133,2.292
P0095,2026-07-01,Beauty & Personal Care,Skincare,677.36,431.14,0.3635,7,1.08,2.097567579081786,2.233
P0095,2026-08-01,Beauty & Personal Care,Skincare,677.36,431.14,0.3635,8,1.0,2.15000676855883,1.477
P0095,2026-09-01,Beauty & Personal Care,Skincare,677.36,431.14,0.3635,9,1.0,2.203756937772801,2.413
P0096,2024-01-01,Beauty & Personal Care,Skincare,318.31,243.03,0.2365,1,0.88,1.0,0.892
P0096,2024-02-01,Beauty & Personal Care,Skincare,318.31,243.03,0.2365,2,0.9,1.025,0.98
P0096,2024-03-01,Beauty & Personal Care,Skincare,318.31,243.03,0.2365,3,1.0,1.050625,1.111
P0096,2024-04-01,Beauty & Personal Care,Skincare,318.31,243.03,0.2365,4,1.0,1.0768906249999997,1.082
P0096,2024-05-01,Beauty & Personal Care,Skincare,318.31,243.03,0.2365,5,1.0,1.1038128906249995,1.363
P0096,2024-06-01,Beauty & Personal Care,Skincare,318.31,243.03,0.2365,6,1.1,1.1314082128906244,1.409
P0096,2024-07-01,Beauty & Personal Care,Skincare,318.31,243.03,0.2365,7,1.08,1.15969341821289,1.215
P0096,2024-08-01,Beauty & Personal Care,Skincare,318.31,243.03,0.2365,8,1.0,1.188685753668212,1.024
P0096,2024-09-01,Beauty & Personal Care,Skincare,318.31,243.03,0.2365,9,1.0,1.2184028975099173,1.2
P0096,2024-10-01,Beauty & Personal Care,Skincare,318.31,243.03,0.2365,10,1.3,1.2488629699476652,1.566
P0096,2024-11-01,Beauty & Personal Care,Skincare,318.31,243.03,0.2365,11,1.42,1.2800845441963566,1.838
P0096,2024-12-01,Beauty & Personal Care,Skincare,318.31,243.03,0.2365,12,1.5,1.3120866578012655,1.842
P0096,2025-01-01,Beauty & Personal Care,Skincare,318.31,243.03,0.2365,1,0.88,1.344888824246297,1.297
P0096,2025-02-01,Beauty & Personal Care,Skincare,318.31,243.03,0.2365,2,0.9,1.3785110448524542,1.296
P0096,2025-03-01,Beauty & Personal Care,Skincare,318.31,243.03,0.2365,3,1.0,1.4129738209737657,1.187
P0096,2025-04-01,Beauty & Personal Care,Skincare,318.31,243.03,0.2365,4,1.0,1.4482981664981096,1.524
P0096,2025-05-01,Beauty & Personal Care,Skincare,318.31,243.03,0.2365,5,1.0,1.4845056206605622,1.336
P0096,2025-06-01,Beauty & Personal Care,Skincare,318.31,243.03,0.2365,6,1.1,1.521618261177076,1.642
P0096,2025-07-01,Beauty & Personal Care,Skincare,318.31,243.03,0.2365,7,1.08,1.5596587177065029,2.029
P0096,2025-08-01,Beauty & Personal Care,Skincare,318.31,243.03,0.2365,8,1.0,1.5986501856491653,1.634
P0096,2025-09-01,Beauty & Personal Care,Skincare,318.31,243.03,0.2365,9,1.0,1.6386164402903942,1.603
P0096,2025-10-01,Beauty & Personal Care,Skincare,318.31,243.03,0.2365,10,1.3,1.679581851297654,2.29
P0096,2025-11-01,Beauty & Personal Care,Skincare,318.31,243.03,0.2365,11,1.42,1.7215713975800953,2.631
P0096,2025-12-01,Beauty & Personal Care,Skincare,318.31,243.03,0.2365,12,1.5,1.7646106825195975,2.463
P0096,2026-01-01,Beauty & Personal Care,Skincare,318.31,243.03,0.2365,1,0.88,1.8087259495825871,1.575
P0096,2026-02-01,Beauty & Personal Care,Skincare,318.31,243.03,0.2365,2,0.9,1.8539440983221518,1.514
P0096,2026-03-01,Beauty & Personal Care,Skincare,318.31,243.03,0.2365,3,1.0,1.9002927007802053,1.544
P0096,2026-04-01,Beauty & Personal Care,Skincare,318.31,243.03,0.2365,4,1.0,1.9478000182997104,2.267
P0096,2026-05-01,Beauty & Personal Care,Skincare,318.31,243.03,0.2365,5,1.0,1.996495018757203,2.008
P0096,2026-06-01,Beauty & Personal Care,Skincare,318.31,243.03,0.2365,6,1.1,2.046407394226133,2.525
P0096,2026-07-01,Beauty & Personal Care,Skincare,318.31,243.03,0.2365,7,1.08,2.097567579081786,1.493
P0096,2026-08-01,Beauty & Personal Care,Skincare,318.31,243.03,0.2365,8,1.0,2.15000676855883,2.275
P0096,2026-09-01,Beauty & Personal Care,Skincare,318.31,243.03,0.2365,9,1.0,2.203756937772801,2.367
P0097,2024-01-01,Beauty & Personal Care,Skincare,235.85,162.05,0.3129,1,0.88,1.0,0.82
P0097,2024-02-01,Beauty & Personal Care,Skincare,235.85,162.05,0.3129,2,0.9,1.025,0.922
P0097,2024-03-01,Beauty & Personal Care,Skincare,235.85,162.05,0.3129,3,1.0,1.050625,0.849
P0097,2024-04-01,Beauty & Personal Care,Skincare,235.85,162.05,0.3129,4,1.0,1.0768906249999997,1.08
P0097,2024-05-01,Beauty & Personal Care,Skincare,235.85,162.05,0.3129,5,1.0,1.1038128906249995,0.85
P0097,2024-06-01,Beauty & Personal Care,Skincare,235.85,162.05,0.3129,6,1.1,1.1314082128906244,1.362
P0097,2024-07-01,Beauty & Personal Care,Skincare,235.85,162.05,0.3129,7,1.08,1.15969341821289,1.453
P0097,2024-08-01,Beauty & Personal Care,Skincare,235.85,162.05,0.3129,8,1.0,1.188685753668212,1.442
P0097,2024-09-01,Beauty & Personal Care,Skincare,235.85,162.05,0.3129,9,1.0,1.2184028975099173,0.943
P0097,2024-10-01,Beauty & Personal Care,Skincare,235.85,162.05,0.3129,10,1.3,1.2488629699476652,1.921
P0097,2024-11-01,Beauty & Personal Care,Skincare,235.85,162.05,0.3129,11,1.42,1.2800845441963566,1.884
P0097,2024-12-01,Beauty & Personal Care,Skincare,235.85,162.05,0.3129,12,1.5,1.3120866578012655,1.99
P0097,2025-01-01,Beauty & Personal Care,Skincare,235.85,162.05,0.3129,1,0.88,1.344888824246297,0.961
P0097,2025-02-01,Beauty & Personal Care,Skincare,235.85,162.05,0.3129,2,0.9,1.3785110448524542,1.28
P0097,2025-03-01,Beauty & Personal Care,Skincare,235.85,162.05,0.3129,3,1.0,1.4129738209737657,1.272
P0097,2025-04-01,Beauty & Personal Care,Skincare,235.85,162.05,0.3129,4,1.0,1.4482981664981096,1.409
P0097,2025-05-01,Beauty & Personal Care,Skincare,235.85,162.05,0.3129,5,1.0,1.4845056206605622,1.652
P0097,2025-06-01,Beauty & Personal Care,Skincare,235.85,162.05,0.3129,6,1.1,1.521618261177076,1.79
P0097,2025-07-01,Beauty & Personal Care,Skincare,235.85,162.05,0.3129,7,1.08,1.5596587177065029,1.886
P0097,2025-08-01,Beauty & Personal Care,Skincare,235.85,162.05,0.3129,8,1.0,1.5986501856491653,1.374
P0097,2025-09-01,Beauty & Personal Care,Skincare,235.85,162.05,0.3129,9,1.0,1.6386164402903942,1.392
P0097,2025-10-01,Beauty & Personal Care,Skincare,235.85,162.05,0.3129,10,1.3,1.679581851297654,2.222
P0097,2025-11-01,Beauty & Personal Care,Skincare,235.85,162.05,0.3129,11,1.42,1.7215713975800953,2.359
P0097,2025-12-01,Beauty & Personal Care,Skincare,235.85,162.05,0.3129,12,1.5,1.7646106825195975,2.494
P0097,2026-01-01,Beauty & Personal Care,Skincare,235.85,162.05,0.3129,1,0.88,1.8087259495825871,1.727
P0097,2026-02-01,Beauty & Personal Care,Skincare,235.85,162.05,0.3129,2,0.9,1.8539440983221518,1.661
P0097,2026-03-01,Beauty & Personal Care,Skincare,235.85,162.05,0.3129,3,1.0,1.9002927007802053,1.905
P0097,2026-04-01,Beauty & Personal Care,Skincare,235.85,162.05,0.3129,4,1.0,1.9478000182997104,1.952
P0097,2026-05-01,Beauty & Personal Care,Skincare,235.85,162.05,0.3129,5,1.0,1.996495018757203,1.817
P0097,2026-06-01,Beauty & Personal Care,Skincare,235.85,162.05,0.3129,6,1.1,2.046407394226133,2.244
P0097,2026-07-01,Beauty & Personal Care,Skincare,235.85,162.05,0.3129,7,1.08,2.097567579081786,2.098
P0097,2026-08-01,Beauty & Personal Care,Skincare,235.85,162.05,0.3129,8,1.0,2.15000676855883,2.169
P0097,2026-09-01,Beauty & Personal Care,Skincare,235.85,162.05,0.3129,9,1.0,2.203756937772801,1.992
P0098,2024-01-01,Beauty & Personal Care,Skincare,922.67,499.99,0.4581,1,0.88,1.0,0.726
P0098,2024-02-01,Beauty & Personal Care,Skincare,922.67,499.99,0.4581,2,0.9,1.025,0.927
P0098,2024-03-01,Beauty & Personal Care,Skincare,922.67,499.99,0.4581,3,1.0,1.050625,0.971
P0098,2024-04-01,Beauty & Personal Care,Skincare,922.67,499.99,0.4581,4,1.0,1.0768906249999997,1.071
P0098,2024-05-01,Beauty & Personal Care,Skincare,922.67,499.99,0.4581,5,1.0,1.1038128906249995,1.35
P0098,2024-06-01,Beauty & Personal Care,Skincare,922.67,499.99,0.4581,6,1.1,1.1314082128906244,1.218
P0098,2024-07-01,Beauty & Personal Care,Skincare,922.67,499.99,0.4581,7,1.08,1.15969341821289,1.258
P0098,2024-08-01,Beauty & Personal Care,Skincare,922.67,499.99,0.4581,8,1.0,1.188685753668212,1.286
P0098,2024-09-01,Beauty & Personal Care,Skincare,922.67,499.99,0.4581,9,1.0,1.2184028975099173,1.12
P0098,2024-10-01,Beauty & Personal Care,Skincare,922.67,499.99,0.4581,10,1.3,1.2488629699476652,2.126
P0098,2024-11-01,Beauty & Personal Care,Skincare,922.67,499.99,0.4581,11,1.42,1.2800845441963566,1.724
P0098,2024-12-01,Beauty & Personal Care,Skincare,922.67,499.99,0.4581,12,1.5,1.3120866578012655,2.09
P0098,2025-01-01,Beauty & Personal Care,Skincare,922.67,499.99,0.4581,1,0.88,1.344888824246297,1.381
P0098,2025-02-01,Beauty & Personal Care,Skincare,922.67,499.99,0.4581,2,0.9,1.3785110448524542,1.44
P0098,2025-03-01,Beauty & Personal Care,Skincare,922.67,499.99,0.4581,3,1.0,1.4129738209737657,1.297
P0098,2025-04-01,Beauty & Personal Care,Skincare,922.67,499.99,0.4581,4,1.0,1.4482981664981096,2.144
P0098,2025-05-01,Beauty & Personal Care,Skincare,922.67,499.99,0.4581,5,1.0,1.4845056206605622,1.368
P0098,2025-06-01,Beauty & Personal Care,Skincare,922.67,499.99,0.4581,6,1.1,1.521618261177076,1.456
P0098,2025-07-01,Beauty & Personal Care,Skincare,922.67,499.99,0.4581,7,1.08,1.5596587177065029,1.952
P0098,2025-08-01,Beauty & Personal Care,Skincare,922.67,499.99,0.4581,8,1.0,1.5986501856491653,1.489
P0098,2025-09-01,Beauty & Personal Care,Skincare,922.67,499.99,0.4581,9,1.0,1.6386164402903942,1.487
P0098,2025-10-01,Beauty & Personal Care,Skincare,922.67,499.99,0.4581,10,1.3,1.679581851297654,2.263
P0098,2025-11-01,Beauty & Personal Care,Skincare,922.67,499.99,0.4581,11,1.42,1.7215713975800953,2.005
P0098,2025-12-01,Beauty & Personal Care,Skincare,922.67,499.99,0.4581,12,1.5,1.7646106825195975,2.757
P0098,2026-01-01,Beauty & Personal Care,Skincare,922.67,499.99,0.4581,1,0.88,1.8087259495825871,1.587
P0098,2026-02-01,Beauty & Personal Care,Skincare,922.67,499.99,0.4581,2,0.9,1.8539440983221518,1.544
P0098,2026-03-01,Beauty & Personal Care,Skincare,922.67,499.99,0.4581,3,1.0,1.9002927007802053,1.431
P0098,2026-04-01,Beauty & Personal Care,Skincare,922.67,499.99,0.4581,4,1.0,1.9478000182997104,2.366
P0098,2026-05-01,Beauty & Personal Care,Skincare,922.67,499.99,0.4581,5,1.0,1.996495018757203,1.732
P0098,2026-06-01,Beauty & Personal Care,Skincare,922.67,499.99,0.4581,6,1.1,2.046407394226133,2.268
P0098,2026-07-01,Beauty & Personal Care,Skincare,922.67,499.99,0.4581,7,1.08,2.097567579081786,2.574
P0098,2026-08-01,Beauty & Personal Care,Skincare,922.67,499.99,0.4581,8,1.0,2.15000676855883,2.199
P0098,2026-09-01,Beauty & Personal Care,Skincare,922.67,499.99,0.4581,9,1.0,2.203756937772801,2.283
P0099,2024-01-01,Beauty & Personal Care,Skincare,1745.22,956.69,0.4518,1,0.88,1.0,0.932
P0099,2024-02-01,Beauty & Personal Care,Skincare,1745.22,956.69,0.4518,2,0.9,1.025,0.8
P0099,2024-03-01,Beauty & Personal Care,Skincare,1745.22,956.69,0.4518,3,1.0,1.050625,1.135
P0099,2024-04-01,Beauty & Personal Care,Skincare,1745.22,956.69,0.4518,4,1.0,1.0768906249999997,1.219
P0099,2024-05-01,Beauty & Personal Care,Skincare,1745.22,956.69,0.4518,5,1.0,1.1038128906249995,1.054
P0099,2024-06-01,Beauty & Personal Care,Skincare,1745.22,956.69,0.4518,6,1.1,1.1314082128906244,1.353
P0099,2024-07-01,Beauty & Personal Care,Skincare,1745.22,956.69,0.4518,7,1.08,1.15969341821289,1.304
P0099,2024-08-01,Beauty & Personal Care,Skincare,1745.22,956.69,0.4518,8,1.0,1.188685753668212,1.211
P0099,2024-09-01,Beauty & Personal Care,Skincare,1745.22,956.69,0.4518,9,1.0,1.2184028975099173,1.131
P0099,2024-10-01,Beauty & Personal Care,Skincare,1745.22,956.69,0.4518,10,1.3,1.2488629699476652,1.914
P0099,2024-11-01,Beauty & Personal Care,Skincare,1745.22,956.69,0.4518,11,1.42,1.2800845441963566,1.934
P0099,2024-12-01,Beauty & Personal Care,Skincare,1745.22,956.69,0.4518,12,1.5,1.3120866578012655,1.955
P0099,2025-01-01,Beauty & Personal Care,Skincare,1745.22,956.69,0.4518,1,0.88,1.344888824246297,1.365
P0099,2025-02-01,Beauty & Personal Care,Skincare,1745.22,956.69,0.4518,2,0.9,1.3785110448524542,1.163
P0099,2025-03-01,Beauty & Personal Care,Skincare,1745.22,956.69,0.4518,3,1.0,1.4129738209737657,1.7
P0099,2025-04-01,Beauty & Personal Care,Skincare,1745.22,956.69,0.4518,4,1.0,1.4482981664981096,1.675
P0099,2025-05-01,Beauty & Personal Care,Skincare,1745.22,956.69,0.4518,5,1.0,1.4845056206605622,1.505
P0099,2025-06-01,Beauty & Personal Care,Skincare,1745.22,956.69,0.4518,6,1.1,1.521618261177076,1.503
P0099,2025-07-01,Beauty & Personal Care,Skincare,1745.22,956.69,0.4518,7,1.08,1.5596587177065029,1.642
P0099,2025-08-01,Beauty & Personal Care,Skincare,1745.22,956.69,0.4518,8,1.0,1.5986501856491653,1.665
P0099,2025-09-01,Beauty & Personal Care,Skincare,1745.22,956.69,0.4518,9,1.0,1.6386164402903942,1.428
P0099,2025-10-01,Beauty & Personal Care,Skincare,1745.22,956.69,0.4518,10,1.3,1.679581851297654,2.209
P0099,2025-11-01,Beauty & Personal Care,Skincare,1745.22,956.69,0.4518,11,1.42,1.7215713975800953,2.679
P0099,2025-12-01,Beauty & Personal Care,Skincare,1745.22,956.69,0.4518,12,1.5,1.7646106825195975,2.396
P0099,2026-01-01,Beauty & Personal Care,Skincare,1745.22,956.69,0.4518,1,0.88,1.8087259495825871,1.56
P0099,2026-02-01,Beauty & Personal Care,Skincare,1745.22,956.69,0.4518,2,0.9,1.8539440983221518,1.84
P0099,2026-03-01,Beauty & Personal Care,Skincare,1745.22,956.69,0.4518,3,1.0,1.9002927007802053,2.317
P0099,2026-04-01,Beauty & Personal Care,Skincare,1745.22,956.69,0.4518,4,1.0,1.9478000182997104,1.676
P0099,2026-05-01,Beauty & Personal Care,Skincare,1745.22,956.69,0.4518,5,1.0,1.996495018757203,1.905
P0099,2026-06-01,Beauty & Personal Care,Skincare,1745.22,956.69,0.4518,6,1.1,2.046407394226133,2.809
P0099,2026-07-01,Beauty & Personal Care,Skincare,1745.22,956.69,0.4518,7,1.08,2.097567579081786,2.245
P0099,2026-08-01,Beauty & Personal Care,Skincare,1745.22,956.69,0.4518,8,1.0,2.15000676855883,2.316
P0099,2026-09-01,Beauty & Personal Care,Skincare,1745.22,956.69,0.4518,9,1.0,2.203756937772801,2.841
P0100,2024-01-01,Beauty & Personal Care,Skincare,711.79,457.46,0.3573,1,0.88,1.0,0.752
P0100,2024-02-01,Beauty & Personal Care,Skincare,711.79,457.46,0.3573,2,0.9,1.025,1.04
P0100,2024-03-01,Beauty & Personal Care,Skincare,711.79,457.46,0.3573,3,1.0,1.050625,1.1
P0100,2024-04-01,Beauty & Personal Care,Skincare,711.79,457.46,0.3573,4,1.0,1.0768906249999997,0.961
P0100,2024-05-01,Beauty & Personal Care,Skincare,711.79,457.46,0.3573,5,1.0,1.1038128906249995,1.093
P0100,2024-06-01,Beauty & Personal Care,Skincare,711.79,457.46,0.3573,6,1.1,1.1314082128906244,1.174
P0100,2024-07-01,Beauty & Personal Care,Skincare,711.79,457.46,0.3573,7,1.08,1.15969341821289,1.089
P0100,2024-08-01,Beauty & Personal Care,Skincare,711.79,457.46,0.3573,8,1.0,1.188685753668212,0.98
P0100,2024-09-01,Beauty & Personal Care,Skincare,711.79,457.46,0.3573,9,1.0,1.2184028975099173,1.289
P0100,2024-10-01,Beauty & Personal Care,Skincare,711.79,457.46,0.3573,10,1.3,1.2488629699476652,1.709
P0100,2024-11-01,Beauty & Personal Care,Skincare,711.79,457.46,0.3573,11,1.42,1.2800845441963566,1.977
P0100,2024-12-01,Beauty & Personal Care,Skincare,711.79,457.46,0.3573,12,1.5,1.3120866578012655,1.966
P0100,2025-01-01,Beauty & Personal Care,Skincare,711.79,457.46,0.3573,1,0.88,1.344888824246297,1.163
P0100,2025-02-01,Beauty & Personal Care,Skincare,711.79,457.46,0.3573,2,0.9,1.3785110448524542,1.413
P0100,2025-03-01,Beauty & Personal Care,Skincare,711.79,457.46,0.3573,3,1.0,1.4129738209737657,1.52
P0100,2025-04-01,Beauty & Personal Care,Skincare,711.79,457.46,0.3573,4,1.0,1.4482981664981096,1.525
P0100,2025-05-01,Beauty & Personal Care,Skincare,711.79,457.46,0.3573,5,1.0,1.4845056206605622,1.199
P0100,2025-06-01,Beauty & Personal Care,Skincare,711.79,457.46,0.3573,6,1.1,1.521618261177076,1.649
P0100,2025-07-01,Beauty & Personal Care,Skincare,711.79,457.46,0.3573,7,1.08,1.5596587177065029,1.482
P0100,2025-08-01,Beauty & Personal Care,Skincare,711.79,457.46,0.3573,8,1.0,1.5986501856491653,2.223
P0100,2025-09-01,Beauty & Personal Care,Skincare,711.79,457.46,0.3573,9,1.0,1.6386164402903942,2.344
P0100,2025-10-01,Beauty & Personal Care,Skincare,711.79,457.46,0.3573,10,1.3,1.679581851297654,2.62
P0100,2025-11-01,Beauty & Personal Care,Skincare,711.79,457.46,0.3573,11,1.42,1.7215713975800953,2.731
P0100,2025-12-01,Beauty & Personal Care,Skincare,711.79,457.46,0.3573,12,1.5,1.7646106825195975,2.291
P0100,2026-01-01,Beauty & Personal Care,Skincare,711.79,457.46,0.3573,1,0.88,1.8087259495825871,1.436
P0100,2026-02-01,Beauty & Personal Care,Skincare,711.79,457.46,0.3573,2,0.9,1.8539440983221518,1.69
P0100,2026-03-01,Beauty & Personal Care,Skincare,711.79,457.46,0.3573,3,1.0,1.9002927007802053,1.49
P0100,2026-04-01,Beauty & Personal Care,Skincare,711.79,457.46,0.3573,4,1.0,1.9478000182997104,1.943
P0100,2026-05-01,Beauty & Personal Care,Skincare,711.79,457.46,0.3573,5,1.0,1.996495018757203,2.034
P0100,2026-06-01,Beauty & Personal Care,Skincare,711.79,457.46,0.3573,6,1.1,2.046407394226133,2.326
P0100,2026-07-01,Beauty & Personal Care,Skincare,711.79,457.46,0.3573,7,1.08,2.097567579081786,2.206
P0100,2026-08-01,Beauty & Personal Care,Skincare,711.79,457.46,0.3573,8,1.0,2.15000676855883,2.542
P0100,2026-09-01,Beauty & Personal Care,Skincare,711.79,457.46,0.3573,9,1.0,2.203756937772801,1.681
P0101,2024-01-01,Beauty & Personal Care,Haircare,1647.97,1301.9,0.21,1,0.88,1.0,0.784
P0101,2024-02-01,Beauty & Personal Care,Haircare,1647.97,1301.9,0.21,2,0.9,1.025,1.001
P0101,2024-03-01,Beauty & Personal Care,Haircare,1647.97,1301.9,0.21,3,1.0,1.050625,1.099
P0101,2024-04-01,Beauty & Personal Care,Haircare,1647.97,1301.9,0.21,4,1.0,1.0768906249999997,1.179
P0101,2024-05-01,Beauty & Personal Care,Haircare,1647.97,1301.9,0.21,5,1.0,1.1038128906249995,0.929
P0101,2024-06-01,Beauty & Personal Care,Haircare,1647.97,1301.9,0.21,6,1.1,1.1314082128906244,1.312
P0101,2024-07-01,Beauty & Personal Care,Haircare,1647.97,1301.9,0.21,7,1.08,1.15969341821289,1.219
P0101,2024-08-01,Beauty & Personal Care,Haircare,1647.97,1301.9,0.21,8,1.0,1.188685753668212,1.01
P0101,2024-09-01,Beauty & Personal Care,Haircare,1647.97,1301.9,0.21,9,1.0,1.2184028975099173,1.195
P0101,2024-10-01,Beauty & Personal Care,Haircare,1647.97,1301.9,0.21,10,1.3,1.2488629699476652,1.636
P0101,2024-11-01,Beauty & Personal Care,Haircare,1647.97,1301.9,0.21,11,1.42,1.2800845441963566,2.135
P0101,2024-12-01,Beauty & Personal Care,Haircare,1647.97,1301.9,0.21,12,1.5,1.3120866578012655,1.868
P0101,2025-01-01,Beauty & Personal Care,Haircare,1647.97,1301.9,0.21,1,0.88,1.344888824246297,1.235
P0101,2025-02-01,Beauty & Personal Care,Haircare,1647.97,1301.9,0.21,2,0.9,1.3785110448524542,1.207
P0101,2025-03-01,Beauty & Personal Care,Haircare,1647.97,1301.9,0.21,3,1.0,1.4129738209737657,1.445
P0101,2025-04-01,Beauty & Personal Care,Haircare,1647.97,1301.9,0.21,4,1.0,1.4482981664981096,1.243
P0101,2025-05-01,Beauty & Personal Care,Haircare,1647.97,1301.9,0.21,5,1.0,1.4845056206605622,1.659
P0101,2025-06-01,Beauty & Personal Care,Haircare,1647.97,1301.9,0.21,6,1.1,1.521618261177076,1.399
P0101,2025-07-01,Beauty & Personal Care,Haircare,1647.97,1301.9,0.21,7,1.08,1.5596587177065029,2.016
P0101,2025-08-01,Beauty & Personal Care,Haircare,1647.97,1301.9,0.21,8,1.0,1.5986501856491653,1.652
P0101,2025-09-01,Beauty & Personal Care,Haircare,1647.97,1301.9,0.21,9,1.0,1.6386164402903942,1.46
P0101,2025-10-01,Beauty & Personal Care,Haircare,1647.97,1301.9,0.21,10,1.3,1.679581851297654,1.883
P0101,2025-11-01,Beauty & Personal Care,Haircare,1647.97,1301.9,0.21,11,1.42,1.7215713975800953,2.603
P0101,2025-12-01,Beauty & Personal Care,Haircare,1647.97,1301.9,0.21,12,1.5,1.7646106825195975,2.678
P0101,2026-01-01,Beauty & Personal Care,Haircare,1647.97,1301.9,0.21,1,0.88,1.8087259495825871,1.801
P0101,2026-02-01,Beauty & Personal Care,Haircare,1647.97,1301.9,0.21,2,0.9,1.8539440983221518,1.62
P0101,2026-03-01,Beauty & Personal Care,Haircare,1647.97,1301.9,0.21,3,1.0,1.9002927007802053,2.021
P0101,2026-04-01,Beauty & Personal Care,Haircare,1647.97,1301.9,0.21,4,1.0,1.9478000182997104,1.819
P0101,2026-05-01,Beauty & Personal Care,Haircare,1647.97,1301.9,0.21,5,1.0,1.996495018757203,2.462
P0101,2026-06-01,Beauty & Personal Care,Haircare,1647.97,1301.9,0.21,6,1.1,2.046407394226133,2.282
P0101,2026-07-01,Beauty & Personal Care,Haircare,1647.97,1301.9,0.21,7,1.08,2.097567579081786,1.807
P0101,2026-08-01,Beauty & Personal Care,Haircare,1647.97,1301.9,0.21,8,1.0,2.15000676855883,2.059
P0101,2026-09-01,Beauty & Personal Care,Haircare,1647.97,1301.9,0.21,9,1.0,2.203756937772801,1.842
P0102,2024-01-01,Beauty & Personal Care,Haircare,1599.79,922.23,0.4235,1,0.88,1.0,0.73
P0102,2024-02-01,Beauty & Personal Care,Haircare,1599.79,922.23,0.4235,2,0.9,1.025,0.981
P0102,2024-03-01,Beauty & Personal Care,Haircare,1599.79,922.23,0.4235,3,1.0,1.050625,1.088
P0102,2024-04-01,Beauty & Personal Care,Haircare,1599.79,922.23,0.4235,4,1.0,1.0768906249999997,0.877
P0102,2024-05-01,Beauty & Personal Care,Haircare,1599.79,922.23,0.4235,5,1.0,1.1038128906249995,1.044
P0102,2024-06-01,Beauty & Personal Care,Haircare,1599.79,922.23,0.4235,6,1.1,1.1314082128906244,1.274
P0102,2024-07-01,Beauty & Personal Care,Haircare,1599.79,922.23,0.4235,7,1.08,1.15969341821289,1.415
P0102,2024-08-01,Beauty & Personal Care,Haircare,1599.79,922.23,0.4235,8,1.0,1.188685753668212,1.089
P0102,2024-09-01,Beauty & Personal Care,Haircare,1599.79,922.23,0.4235,9,1.0,1.2184028975099173,1.092
P0102,2024-10-01,Beauty & Personal Care,Haircare,1599.79,922.23,0.4235,10,1.3,1.2488629699476652,1.453
P0102,2024-11-01,Beauty & Personal Care,Haircare,1599.79,922.23,0.4235,11,1.42,1.2800845441963566,2.314
P0102,2024-12-01,Beauty & Personal Care,Haircare,1599.79,922.23,0.4235,12,1.5,1.3120866578012655,1.786
P0102,2025-01-01,Beauty & Personal Care,Haircare,1599.79,922.23,0.4235,1,0.88,1.344888824246297,1.037
P0102,2025-02-01,Beauty & Personal Care,Haircare,1599.79,922.23,0.4235,2,0.9,1.3785110448524542,1.126
P0102,2025-03-01,Beauty & Personal Care,Haircare,1599.79,922.23,0.4235,3,1.0,1.4129738209737657,1.343
P0102,2025-04-01,Beauty & Personal Care,Haircare,1599.79,922.23,0.4235,4,1.0,1.4482981664981096,1.394
P0102,2025-05-01,Beauty & Personal Care,Haircare,1599.79,922.23,0.4235,5,1.0,1.4845056206605622,1.707
P0102,2025-06-01,Beauty & Personal Care,Haircare,1599.79,922.23,0.4235,6,1.1,1.521618261177076,1.702
P0102,2025-07-01,Beauty & Personal Care,Haircare,1599.79,922.23,0.4235,7,1.08,1.5596587177065029,1.79
P0102,2025-08-01,Beauty & Personal Care,Haircare,1599.79,922.23,0.4235,8,1.0,1.5986501856491653,1.757
P0102,2025-09-01,Beauty & Personal Care,Haircare,1599.79,922.23,0.4235,9,1.0,1.6386164402903942,2.012
P0102,2025-10-01,Beauty & Personal Care,Haircare,1599.79,922.23,0.4235,10,1.3,1.679581851297654,2.014
P0102,2025-11-01,Beauty & Personal Care,Haircare,1599.79,922.23,0.4235,11,1.42,1.7215713975800953,2.344
P0102,2025-12-01,Beauty & Personal Care,Haircare,1599.79,922.23,0.4235,12,1.5,1.7646106825195975,2.324
P0102,2026-01-01,Beauty & Personal Care,Haircare,1599.79,922.23,0.4235,1,0.88,1.8087259495825871,1.501
P0102,2026-02-01,Beauty & Personal Care,Haircare,1599.79,922.23,0.4235,2,0.9,1.8539440983221518,1.621
P0102,2026-03-01,Beauty & Personal Care,Haircare,1599.79,922.23,0.4235,3,1.0,1.9002927007802053,2.095
P0102,2026-04-01,Beauty & Personal Care,Haircare,1599.79,922.23,0.4235,4,1.0,1.9478000182997104,1.816
P0102,2026-05-01,Beauty & Personal Care,Haircare,1599.79,922.23,0.4235,5,1.0,1.996495018757203,2.029
P0102,2026-06-01,Beauty & Personal Care,Haircare,1599.79,922.23,0.4235,6,1.1,2.046407394226133,2.582
P0102,2026-07-01,Beauty & Personal Care,Haircare,1599.79,922.23,0.4235,7,1.08,2.097567579081786,2.186
P0102,2026-08-01,Beauty & Personal Care,Haircare,1599.79,922.23,0.4235,8,1.0,2.15000676855883,2.1
P0102,2026-09-01,Beauty & Personal Care,Haircare,1599.79,922.23,0.4235,9,1.0,2.203756937772801,2.632
P0103,2024-01-01,Beauty & Personal Care,Haircare,643.25,425.65,0.3383,1,0.88,1.0,0.942
P0103,2024-02-01,Beauty & Personal Care,Haircare,643.25,425.65,0.3383,2,0.9,1.025,0.792
P0103,2024-03-01,Beauty & Personal Care,Haircare,643.25,425.65,0.3383,3,1.0,1.050625,0.935
P0103,2024-04-01,Beauty & Personal Care,Haircare,643.25,425.65,0.3383,4,1.0,1.0768906249999997,1.045
P0103,2024-05-01,Beauty & Personal Care,Haircare,643.25,425.65,0.3383,5,1.0,1.1038128906249995,1.228
P0103,2024-06-01,Beauty & Personal Care,Haircare,643.25,425.65,0.3383,6,1.1,1.1314082128906244,1.11
P0103,2024-07-01,Beauty & Personal Care,Haircare,643.25,425.65,0.3383,7,1.08,1.15969341821289,1.173
P0103,2024-08-01,Beauty & Personal Care,Haircare,643.25,425.65,0.3383,8,1.0,1.188685753668212,1.031
P0103,2024-09-01,Beauty & Personal Care,Haircare,643.25,425.65,0.3383,9,1.0,1.2184028975099173,1.066
P0103,2024-10-01,Beauty & Personal Care,Haircare,643.25,425.65,0.3383,10,1.3,1.2488629699476652,1.718
P0103,2024-11-01,Beauty & Personal Care,Haircare,643.25,425.65,0.3383,11,1.42,1.2800845441963566,1.948
P0103,2024-12-01,Beauty & Personal Care,Haircare,643.25,425.65,0.3383,12,1.5,1.3120866578012655,2.107
P0103,2025-01-01,Beauty & Personal Care,Haircare,643.25,425.65,0.3383,1,0.88,1.344888824246297,1.07
P0103,2025-02-01,Beauty & Personal Care,Haircare,643.25,425.65,0.3383,2,0.9,1.3785110448524542,1.174
P0103,2025-03-01,Beauty & Personal Care,Haircare,643.25,425.65,0.3383,3,1.0,1.4129738209737657,1.66
P0103,2025-04-01,Beauty & Personal Care,Haircare,643.25,425.65,0.3383,4,1.0,1.4482981664981096,1.48
P0103,2025-05-01,Beauty & Personal Care,Haircare,643.25,425.65,0.3383,5,1.0,1.4845056206605622,1.471
P0103,2025-06-01,Beauty & Personal Care,Haircare,643.25,425.65,0.3383,6,1.1,1.521618261177076,1.854
P0103,2025-07-01,Beauty & Personal Care,Haircare,643.25,425.65,0.3383,7,1.08,1.5596587177065029,2.159
P0103,2025-08-01,Beauty & Personal Care,Haircare,643.25,425.65,0.3383,8,1.0,1.5986501856491653,1.698
P0103,2025-09-01,Beauty & Personal Care,Haircare,643.25,425.65,0.3383,9,1.0,1.6386164402903942,1.388
P0103,2025-10-01,Beauty & Personal Care,Haircare,643.25,425.65,0.3383,10,1.3,1.679581851297654,2.457
P0103,2025-11-01,Beauty & Personal Care,Haircare,643.25,425.65,0.3383,11,1.42,1.7215713975800953,2.136
P0103,2025-12-01,Beauty & Personal Care,Haircare,643.25,425.65,0.3383,12,1.5,1.7646106825195975,3.567
P0103,2026-01-01,Beauty & Personal Care,Haircare,643.25,425.65,0.3383,1,0.88,1.8087259495825871,1.618
P0103,2026-02-01,Beauty & Personal Care,Haircare,643.25,425.65,0.3383,2,0.9,1.8539440983221518,1.853
P0103,2026-03-01,Beauty & Personal Care,Haircare,643.25,425.65,0.3383,3,1.0,1.9002927007802053,1.989
P0103,2026-04-01,Beauty & Personal Care,Haircare,643.25,425.65,0.3383,4,1.0,1.9478000182997104,2.318
P0103,2026-05-01,Beauty & Personal Care,Haircare,643.25,425.65,0.3383,5,1.0,1.996495018757203,2.218
P0103,2026-06-01,Beauty & Personal Care,Haircare,643.25,425.65,0.3383,6,1.1,2.046407394226133,2.896
P0103,2026-07-01,Beauty & Personal Care,Haircare,643.25,425.65,0.3383,7,1.08,2.097567579081786,1.864
P0103,2026-08-01,Beauty & Personal Care,Haircare,643.25,425.65,0.3383,8,1.0,2.15000676855883,2.096
P0103,2026-09-01,Beauty & Personal Care,Haircare,643.25,425.65,0.3383,9,1.0,2.203756937772801,1.766
P0104,2024-01-01,Beauty & Personal Care,Haircare,179.54,130.2,0.2748,1,0.88,1.0,1.03
P0104,2024-02-01,Beauty & Personal Care,Haircare,179.54,130.2,0.2748,2,0.9,1.025,0.904
P0104,2024-03-01,Beauty & Personal Care,Haircare,179.54,130.2,0.2748,3,1.0,1.050625,0.86
P0104,2024-04-01,Beauty & Personal Care,Haircare,179.54,130.2,0.2748,4,1.0,1.0768906249999997,1.03
P0104,2024-05-01,Beauty & Personal Care,Haircare,179.54,130.2,0.2748,5,1.0,1.1038128906249995,1.053
P0104,2024-06-01,Beauty & Personal Care,Haircare,179.54,130.2,0.2748,6,1.1,1.1314082128906244,1.259
P0104,2024-07-01,Beauty & Personal Care,Haircare,179.54,130.2,0.2748,7,1.08,1.15969341821289,0.997
P0104,2024-08-01,Beauty & Personal Care,Haircare,179.54,130.2,0.2748,8,1.0,1.188685753668212,1.13
P0104,2024-09-01,Beauty & Personal Care,Haircare,179.54,130.2,0.2748,9,1.0,1.2184028975099173,0.996
P0104,2024-10-01,Beauty & Personal Care,Haircare,179.54,130.2,0.2748,10,1.3,1.2488629699476652,1.623
P0104,2024-11-01,Beauty & Personal Care,Haircare,179.54,130.2,0.2748,11,1.42,1.2800845441963566,1.584
P0104,2024-12-01,Beauty & Personal Care,Haircare,179.54,130.2,0.2748,12,1.5,1.3120866578012655,2.278
P0104,2025-01-01,Beauty & Personal Care,Haircare,179.54,130.2,0.2748,1,0.88,1.344888824246297,1.397
P0104,2025-02-01,Beauty & Personal Care,Haircare,179.54,130.2,0.2748,2,0.9,1.3785110448524542,1.473
P0104,2025-03-01,Beauty & Personal Care,Haircare,179.54,130.2,0.2748,3,1.0,1.4129738209737657,1.785
P0104,2025-04-01,Beauty & Personal Care,Haircare,179.54,130.2,0.2748,4,1.0,1.4482981664981096,1.761
P0104,2025-05-01,Beauty & Personal Care,Haircare,179.54,130.2,0.2748,5,1.0,1.4845056206605622,1.688
P0104,2025-06-01,Beauty & Personal Care,Haircare,179.54,130.2,0.2748,6,1.1,1.521618261177076,1.602
P0104,2025-07-01,Beauty & Personal Care,Haircare,179.54,130.2,0.2748,7,1.08,1.5596587177065029,1.772
P0104,2025-08-01,Beauty & Personal Care,Haircare,179.54,130.2,0.2748,8,1.0,1.5986501856491653,1.717
P0104,2025-09-01,Beauty & Personal Care,Haircare,179.54,130.2,0.2748,9,1.0,1.6386164402903942,1.754
P0104,2025-10-01,Beauty & Personal Care,Haircare,179.54,130.2,0.2748,10,1.3,1.679581851297654,2.265
P0104,2025-11-01,Beauty & Personal Care,Haircare,179.54,130.2,0.2748,11,1.42,1.7215713975800953,2.69
P0104,2025-12-01,Beauty & Personal Care,Haircare,179.54,130.2,0.2748,12,1.5,1.7646106825195975,2.51
P0104,2026-01-01,Beauty & Personal Care,Haircare,179.54,130.2,0.2748,1,0.88,1.8087259495825871,1.703
P0104,2026-02-01,Beauty & Personal Care,Haircare,179.54,130.2,0.2748,2,0.9,1.8539440983221518,1.48
P0104,2026-03-01,Beauty & Personal Care,Haircare,179.54,130.2,0.2748,3,1.0,1.9002927007802053,1.655
P0104,2026-04-01,Beauty & Personal Care,Haircare,179.54,130.2,0.2748,4,1.0,1.9478000182997104,2.464
P0104,2026-05-01,Beauty & Personal Care,Haircare,179.54,130.2,0.2748,5,1.0,1.996495018757203,1.865
P0104,2026-06-01,Beauty & Personal Care,Haircare,179.54,130.2,0.2748,6,1.1,2.046407394226133,1.904
P0104,2026-07-01,Beauty & Personal Care,Haircare,179.54,130.2,0.2748,7,1.08,2.097567579081786,2.336
P0104,2026-08-01,Beauty & Personal Care,Haircare,179.54,130.2,0.2748,8,1.0,2.15000676855883,2.006
P0104,2026-09-01,Beauty & Personal Care,Haircare,179.54,130.2,0.2748,9,1.0,2.203756937772801,2.227
P0105,2024-01-01,Beauty & Personal Care,Haircare,1880.46,1231.16,0.3453,1,0.88,1.0,0.945
P0105,2024-02-01,Beauty & Personal Care,Haircare,1880.46,1231.16,0.3453,2,0.9,1.025,1.068
P0105,2024-03-01,Beauty & Personal Care,Haircare,1880.46,1231.16,0.3453,3,1.0,1.050625,1.083
P0105,2024-04-01,Beauty & Personal Care,Haircare,1880.46,1231.16,0.3453,4,1.0,1.0768906249999997,1.186
P0105,2024-05-01,Beauty & Personal Care,Haircare,1880.46,1231.16,0.3453,5,1.0,1.1038128906249995,1.045
P0105,2024-06-01,Beauty & Personal Care,Haircare,1880.46,1231.16,0.3453,6,1.1,1.1314082128906244,1.019
P0105,2024-07-01,Beauty & Personal Care,Haircare,1880.46,1231.16,0.3453,7,1.08,1.15969341821289,1.291
P0105,2024-08-01,Beauty & Personal Care,Haircare,1880.46,1231.16,0.3453,8,1.0,1.188685753668212,1.044
P0105,2024-09-01,Beauty & Personal Care,Haircare,1880.46,1231.16,0.3453,9,1.0,1.2184028975099173,1.293
P0105,2024-10-01,Beauty & Personal Care,Haircare,1880.46,1231.16,0.3453,10,1.3,1.2488629699476652,1.319
P0105,2024-11-01,Beauty & Personal Care,Haircare,1880.46,1231.16,0.3453,11,1.42,1.2800845441963566,1.373
P0105,2024-12-01,Beauty & Personal Care,Haircare,1880.46,1231.16,0.3453,12,1.5,1.3120866578012655,1.741
P0105,2025-01-01,Beauty & Personal Care,Haircare,1880.46,1231.16,0.3453,1,0.88,1.344888824246297,1.004
P0105,2025-02-01,Beauty & Personal Care,Haircare,1880.46,1231.16,0.3453,2,0.9,1.3785110448524542,1.824
P0105,2025-03-01,Beauty & Personal Care,Haircare,1880.46,1231.16,0.3453,3,1.0,1.4129738209737657,1.637
P0105,2025-04-01,Beauty & Personal Care,Haircare,1880.46,1231.16,0.3453,4,1.0,1.4482981664981096,1.481
P0105,2025-05-01,Beauty & Personal Care,Haircare,1880.46,1231.16,0.3453,5,1.0,1.4845056206605622,1.635
P0105,2025-06-01,Beauty & Personal Care,Haircare,1880.46,1231.16,0.3453,6,1.1,1.521618261177076,1.764
P0105,2025-07-01,Beauty & Personal Care,Haircare,1880.46,1231.16,0.3453,7,1.08,1.5596587177065029,1.743
P0105,2025-08-01,Beauty & Personal Care,Haircare,1880.46,1231.16,0.3453,8,1.0,1.5986501856491653,1.456
P0105,2025-09-01,Beauty & Personal Care,Haircare,1880.46,1231.16,0.3453,9,1.0,1.6386164402903942,1.729
P0105,2025-10-01,Beauty & Personal Care,Haircare,1880.46,1231.16,0.3453,10,1.3,1.679581851297654,2.234
P0105,2025-11-01,Beauty & Personal Care,Haircare,1880.46,1231.16,0.3453,11,1.42,1.7215713975800953,2.108
P0105,2025-12-01,Beauty & Personal Care,Haircare,1880.46,1231.16,0.3453,12,1.5,1.7646106825195975,2.981
P0105,2026-01-01,Beauty & Personal Care,Haircare,1880.46,1231.16,0.3453,1,0.88,1.8087259495825871,1.273
P0105,2026-02-01,Beauty & Personal Care,Haircare,1880.46,1231.16,0.3453,2,0.9,1.8539440983221518,1.675
P0105,2026-03-01,Beauty & Personal Care,Haircare,1880.46,1231.16,0.3453,3,1.0,1.9002927007802053,1.84
P0105,2026-04-01,Beauty & Personal Care,Haircare,1880.46,1231.16,0.3453,4,1.0,1.9478000182997104,1.961
P0105,2026-05-01,Beauty & Personal Care,Haircare,1880.46,1231.16,0.3453,5,1.0,1.996495018757203,2.366
P0105,2026-06-01,Beauty & Personal Care,Haircare,1880.46,1231.16,0.3453,6,1.1,2.046407394226133,2.053
P0105,2026-07-01,Beauty & Personal Care,Haircare,1880.46,1231.16,0.3453,7,1.08,2.097567579081786,2.308
P0105,2026-08-01,Beauty & Personal Care,Haircare,1880.46,1231.16,0.3453,8,1.0,2.15000676855883,2.177
P0105,2026-09-01,Beauty & Personal Care,Haircare,1880.46,1231.16,0.3453,9,1.0,2.203756937772801,2.008
P0106,2024-01-01,Beauty & Personal Care,Haircare,271.21,153.12,0.4354,1,0.88,1.0,0.865
P0106,2024-02-01,Beauty & Personal Care,Haircare,271.21,153.12,0.4354,2,0.9,1.025,0.697
P0106,2024-03-01,Beauty & Personal Care,Haircare,271.21,153.12,0.4354,3,1.0,1.050625,1.149
P0106,2024-04-01,Beauty & Personal Care,Haircare,271.21,153.12,0.4354,4,1.0,1.0768906249999997,1.05
P0106,2024-05-01,Beauty & Personal Care,Haircare,271.21,153.12,0.4354,5,1.0,1.1038128906249995,1.14
P0106,2024-06-01,Beauty & Personal Care,Haircare,271.21,153.12,0.4354,6,1.1,1.1314082128906244,1.295
P0106,2024-07-01,Beauty & Personal Care,Haircare,271.21,153.12,0.4354,7,1.08,1.15969341821289,1.347
P0106,2024-08-01,Beauty & Personal Care,Haircare,271.21,153.12,0.4354,8,1.0,1.188685753668212,1.175
P0106,2024-09-01,Beauty & Personal Care,Haircare,271.21,153.12,0.4354,9,1.0,1.2184028975099173,1.139
P0106,2024-10-01,Beauty & Personal Care,Haircare,271.21,153.12,0.4354,10,1.3,1.2488629699476652,1.547
P0106,2024-11-01,Beauty & Personal Care,Haircare,271.21,153.12,0.4354,11,1.42,1.2800845441963566,1.967
P0106,2024-12-01,Beauty & Personal Care,Haircare,271.21,153.12,0.4354,12,1.5,1.3120866578012655,2.0
P0106,2025-01-01,Beauty & Personal Care,Haircare,271.21,153.12,0.4354,1,0.88,1.344888824246297,1.039
P0106,2025-02-01,Beauty & Personal Care,Haircare,271.21,153.12,0.4354,2,0.9,1.3785110448524542,1.11
P0106,2025-03-01,Beauty & Personal Care,Haircare,271.21,153.12,0.4354,3,1.0,1.4129738209737657,1.571
P0106,2025-04-01,Beauty & Personal Care,Haircare,271.21,153.12,0.4354,4,1.0,1.4482981664981096,1.556
P0106,2025-05-01,Beauty & Personal Care,Haircare,271.21,153.12,0.4354,5,1.0,1.4845056206605622,1.242
P0106,2025-06-01,Beauty & Personal Care,Haircare,271.21,153.12,0.4354,6,1.1,1.521618261177076,1.701
P0106,2025-07-01,Beauty & Personal Care,Haircare,271.21,153.12,0.4354,7,1.08,1.5596587177065029,1.71
P0106,2025-08-01,Beauty & Personal Care,Haircare,271.21,153.12,0.4354,8,1.0,1.5986501856491653,1.459
P0106,2025-09-01,Beauty & Personal Care,Haircare,271.21,153.12,0.4354,9,1.0,1.6386164402903942,1.762
P0106,2025-10-01,Beauty & Personal Care,Haircare,271.21,153.12,0.4354,10,1.3,1.679581851297654,2.255
P0106,2025-11-01,Beauty & Personal Care,Haircare,271.21,153.12,0.4354,11,1.42,1.7215713975800953,2.183
P0106,2025-12-01,Beauty & Personal Care,Haircare,271.21,153.12,0.4354,12,1.5,1.7646106825195975,2.326
P0106,2026-01-01,Beauty & Personal Care,Haircare,271.21,153.12,0.4354,1,0.88,1.8087259495825871,1.283
P0106,2026-02-01,Beauty & Personal Care,Haircare,271.21,153.12,0.4354,2,0.9,1.8539440983221518,1.717
P0106,2026-03-01,Beauty & Personal Care,Haircare,271.21,153.12,0.4354,3,1.0,1.9002927007802053,2.073
P0106,2026-04-01,Beauty & Personal Care,Haircare,271.21,153.12,0.4354,4,1.0,1.9478000182997104,2.016
P0106,2026-05-01,Beauty & Personal Care,Haircare,271.21,153.12,0.4354,5,1.0,1.996495018757203,2.284
P0106,2026-06-01,Beauty & Personal Care,Haircare,271.21,153.12,0.4354,6,1.1,2.046407394226133,1.966
P0106,2026-07-01,Beauty & Personal Care,Haircare,271.21,153.12,0.4354,7,1.08,2.097567579081786,2.682
P0106,2026-08-01,Beauty & Personal Care,Haircare,271.21,153.12,0.4354,8,1.0,2.15000676855883,2.243
P0106,2026-09-01,Beauty & Personal Care,Haircare,271.21,153.12,0.4354,9,1.0,2.203756937772801,2.245
P0107,2024-01-01,Beauty & Personal Care,Haircare,439.77,355.24,0.1922,1,0.88,1.0,0.785
P0107,2024-02-01,Beauty & Personal Care,Haircare,439.77,355.24,0.1922,2,0.9,1.025,1.079
P0107,2024-03-01,Beauty & Personal Care,Haircare,439.77,355.24,0.1922,3,1.0,1.050625,1.119
P0107,2024-04-01,Beauty & Personal Care,Haircare,439.77,355.24,0.1922,4,1.0,1.0768906249999997,0.997
P0107,2024-05-01,Beauty & Personal Care,Haircare,439.77,355.24,0.1922,5,1.0,1.1038128906249995,1.165
P0107,2024-06-01,Beauty & Personal Care,Haircare,439.77,355.24,0.1922,6,1.1,1.1314082128906244,1.084
P0107,2024-07-01,Beauty & Personal Care,Haircare,439.77,355.24,0.1922,7,1.08,1.15969341821289,1.091
P0107,2024-08-01,Beauty & Personal Care,Haircare,439.77,355.24,0.1922,8,1.0,1.188685753668212,1.204
P0107,2024-09-01,Beauty & Personal Care,Haircare,439.77,355.24,0.1922,9,1.0,1.2184028975099173,1.296
P0107,2024-10-01,Beauty & Personal Care,Haircare,439.77,355.24,0.1922,10,1.3,1.2488629699476652,1.485
P0107,2024-11-01,Beauty & Personal Care,Haircare,439.77,355.24,0.1922,11,1.42,1.2800845441963566,1.985
P0107,2024-12-01,Beauty & Personal Care,Haircare,439.77,355.24,0.1922,12,1.5,1.3120866578012655,1.982
P0107,2025-01-01,Beauty & Personal Care,Haircare,439.77,355.24,0.1922,1,0.88,1.344888824246297,1.196
P0107,2025-02-01,Beauty & Personal Care,Haircare,439.77,355.24,0.1922,2,0.9,1.3785110448524542,1.0
P0107,2025-03-01,Beauty & Personal Care,Haircare,439.77,355.24,0.1922,3,1.0,1.4129738209737657,1.206
P0107,2025-04-01,Beauty & Personal Care,Haircare,439.77,355.24,0.1922,4,1.0,1.4482981664981096,1.237
P0107,2025-05-01,Beauty & Personal Care,Haircare,439.77,355.24,0.1922,5,1.0,1.4845056206605622,1.593
P0107,2025-06-01,Beauty & Personal Care,Haircare,439.77,355.24,0.1922,6,1.1,1.521618261177076,1.611
P0107,2025-07-01,Beauty & Personal Care,Haircare,439.77,355.24,0.1922,7,1.08,1.5596587177065029,1.718
P0107,2025-08-01,Beauty & Personal Care,Haircare,439.77,355.24,0.1922,8,1.0,1.5986501856491653,1.691
P0107,2025-09-01,Beauty & Personal Care,Haircare,439.77,355.24,0.1922,9,1.0,1.6386164402903942,1.35
P0107,2025-10-01,Beauty & Personal Care,Haircare,439.77,355.24,0.1922,10,1.3,1.679581851297654,2.382
P0107,2025-11-01,Beauty & Personal Care,Haircare,439.77,355.24,0.1922,11,1.42,1.7215713975800953,2.375
P0107,2025-12-01,Beauty & Personal Care,Haircare,439.77,355.24,0.1922,12,1.5,1.7646106825195975,2.774
P0107,2026-01-01,Beauty & Personal Care,Haircare,439.77,355.24,0.1922,1,0.88,1.8087259495825871,1.522
P0107,2026-02-01,Beauty & Personal Care,Haircare,439.77,355.24,0.1922,2,0.9,1.8539440983221518,1.587
P0107,2026-03-01,Beauty & Personal Care,Haircare,439.77,355.24,0.1922,3,1.0,1.9002927007802053,1.681
P0107,2026-04-01,Beauty & Personal Care,Haircare,439.77,355.24,0.1922,4,1.0,1.9478000182997104,2.023
P0107,2026-05-01,Beauty & Personal Care,Haircare,439.77,355.24,0.1922,5,1.0,1.996495018757203,2.086
P0107,2026-06-01,Beauty & Personal Care,Haircare,439.77,355.24,0.1922,6,1.1,2.046407394226133,2.337
P0107,2026-07-01,Beauty & Personal Care,Haircare,439.77,355.24,0.1922,7,1.08,2.097567579081786,2.434
P0107,2026-08-01,Beauty & Personal Care,Haircare,439.77,355.24,0.1922,8,1.0,2.15000676855883,1.755
P0107,2026-09-01,Beauty & Personal Care,Haircare,439.77,355.24,0.1922,9,1.0,2.203756937772801,2.139
P0108,2024-01-01,Beauty & Personal Care,Haircare,429.68,187.54,0.5635,1,0.88,1.0,0.787
P0108,2024-02-01,Beauty & Personal Care,Haircare,429.68,187.54,0.5635,2,0.9,1.025,1.104
P0108,2024-03-01,Beauty & Personal Care,Haircare,429.68,187.54,0.5635,3,1.0,1.050625,1.059
P0108,2024-04-01,Beauty & Personal Care,Haircare,429.68,187.54,0.5635,4,1.0,1.0768906249999997,1.127
P0108,2024-05-01,Beauty & Personal Care,Haircare,429.68,187.54,0.5635,5,1.0,1.1038128906249995,0.884
P0108,2024-06-01,Beauty & Personal Care,Haircare,429.68,187.54,0.5635,6,1.1,1.1314082128906244,0.993
P0108,2024-07-01,Beauty & Personal Care,Haircare,429.68,187.54,0.5635,7,1.08,1.15969341821289,1.105
P0108,2024-08-01,Beauty & Personal Care,Haircare,429.68,187.54,0.5635,8,1.0,1.188685753668212,1.265
P0108,2024-09-01,Beauty & Personal Care,Haircare,429.68,187.54,0.5635,9,1.0,1.2184028975099173,1.118
P0108,2024-10-01,Beauty & Personal Care,Haircare,429.68,187.54,0.5635,10,1.3,1.2488629699476652,1.58
P0108,2024-11-01,Beauty & Personal Care,Haircare,429.68,187.54,0.5635,11,1.42,1.2800845441963566,1.665
P0108,2024-12-01,Beauty & Personal Care,Haircare,429.68,187.54,0.5635,12,1.5,1.3120866578012655,2.066
P0108,2025-01-01,Beauty & Personal Care,Haircare,429.68,187.54,0.5635,1,0.88,1.344888824246297,1.26
P0108,2025-02-01,Beauty & Personal Care,Haircare,429.68,187.54,0.5635,2,0.9,1.3785110448524542,1.139
P0108,2025-03-01,Beauty & Personal Care,Haircare,429.68,187.54,0.5635,3,1.0,1.4129738209737657,1.431
P0108,2025-04-01,Beauty & Personal Care,Haircare,429.68,187.54,0.5635,4,1.0,1.4482981664981096,1.488
P0108,2025-05-01,Beauty & Personal Care,Haircare,429.68,187.54,0.5635,5,1.0,1.4845056206605622,1.176
P0108,2025-06-01,Beauty & Personal Care,Haircare,429.68,187.54,0.5635,6,1.1,1.521618261177076,1.588
P0108,2025-07-01,Beauty & Personal Care,Haircare,429.68,187.54,0.5635,7,1.08,1.5596587177065029,1.535
P0108,2025-08-01,Beauty & Personal Care,Haircare,429.68,187.54,0.5635,8,1.0,1.5986501856491653,1.673
P0108,2025-09-01,Beauty & Personal Care,Haircare,429.68,187.54,0.5635,9,1.0,1.6386164402903942,1.603
P0108,2025-10-01,Beauty & Personal Care,Haircare,429.68,187.54,0.5635,10,1.3,1.679581851297654,2.055
P0108,2025-11-01,Beauty & Personal Care,Haircare,429.68,187.54,0.5635,11,1.42,1.7215713975800953,2.41
P0108,2025-12-01,Beauty & Personal Care,Haircare,429.68,187.54,0.5635,12,1.5,1.7646106825195975,2.621
P0108,2026-01-01,Beauty & Personal Care,Haircare,429.68,187.54,0.5635,1,0.88,1.8087259495825871,1.365
P0108,2026-02-01,Beauty & Personal Care,Haircare,429.68,187.54,0.5635,2,0.9,1.8539440983221518,1.49
P0108,2026-03-01,Beauty & Personal Care,Haircare,429.68,187.54,0.5635,3,1.0,1.9002927007802053,2.019
P0108,2026-04-01,Beauty & Personal Care,Haircare,429.68,187.54,0.5635,4,1.0,1.9478000182997104,2.251
P0108,2026-05-01,Beauty & Personal Care,Haircare,429.68,187.54,0.5635,5,1.0,1.996495018757203,2.344
P0108,2026-06-01,Beauty & Personal Care,Haircare,429.68,187.54,0.5635,6,1.1,2.046407394226133,2.039
P0108,2026-07-01,Beauty & Personal Care,Haircare,429.68,187.54,0.5635,7,1.08,2.097567579081786,2.281
P0108,2026-08-01,Beauty & Personal Care,Haircare,429.68,187.54,0.5635,8,1.0,2.15000676855883,1.953
P0108,2026-09-01,Beauty & Personal Care,Haircare,429.68,187.54,0.5635,9,1.0,2.203756937772801,2.064
P0109,2024-01-01,Beauty & Personal Care,Haircare,973.31,523.09,0.4626,1,0.88,1.0,0.796
P0109,2024-02-01,Beauty & Personal Care,Haircare,973.31,523.09,0.4626,2,0.9,1.025,0.962
P0109,2024-03-01,Beauty & Personal Care,Haircare,973.31,523.09,0.4626,3,1.0,1.050625,1.166
P0109,2024-04-01,Beauty & Personal Care,Haircare,973.31,523.09,0.4626,4,1.0,1.0768906249999997,1.002
P0109,2024-05-01,Beauty & Personal Care,Haircare,973.31,523.09,0.4626,5,1.0,1.1038128906249995,0.996
P0109,2024-06-01,Beauty & Personal Care,Haircare,973.31,523.09,0.4626,6,1.1,1.1314082128906244,1.165
P0109,2024-07-01,Beauty & Personal Care,Haircare,973.31,523.09,0.4626,7,1.08,1.15969341821289,1.244
P0109,2024-08-01,Beauty & Personal Care,Haircare,973.31,523.09,0.4626,8,1.0,1.188685753668212,1.106
P0109,2024-09-01,Beauty & Personal Care,Haircare,973.31,523.09,0.4626,9,1.0,1.2184028975099173,1.019
P0109,2024-10-01,Beauty & Personal Care,Haircare,973.31,523.09,0.4626,10,1.3,1.2488629699476652,1.356
P0109,2024-11-01,Beauty & Personal Care,Haircare,973.31,523.09,0.4626,11,1.42,1.2800845441963566,1.949
P0109,2024-12-01,Beauty & Personal Care,Haircare,973.31,523.09,0.4626,12,1.5,1.3120866578012655,1.943
P0109,2025-01-01,Beauty & Personal Care,Haircare,973.31,523.09,0.4626,1,0.88,1.344888824246297,1.177
P0109,2025-02-01,Beauty & Personal Care,Haircare,973.31,523.09,0.4626,2,0.9,1.3785110448524542,1.28
P0109,2025-03-01,Beauty & Personal Care,Haircare,973.31,523.09,0.4626,3,1.0,1.4129738209737657,1.333
P0109,2025-04-01,Beauty & Personal Care,Haircare,973.31,523.09,0.4626,4,1.0,1.4482981664981096,1.407
P0109,2025-05-01,Beauty & Personal Care,Haircare,973.31,523.09,0.4626,5,1.0,1.4845056206605622,1.62
P0109,2025-06-01,Beauty & Personal Care,Haircare,973.31,523.09,0.4626,6,1.1,1.521618261177076,1.792
P0109,2025-07-01,Beauty & Personal Care,Haircare,973.31,523.09,0.4626,7,1.08,1.5596587177065029,1.66
P0109,2025-08-01,Beauty & Personal Care,Haircare,973.31,523.09,0.4626,8,1.0,1.5986501856491653,1.591
P0109,2025-09-01,Beauty & Personal Care,Haircare,973.31,523.09,0.4626,9,1.0,1.6386164402903942,1.459
P0109,2025-10-01,Beauty & Personal Care,Haircare,973.31,523.09,0.4626,10,1.3,1.679581851297654,2.009
P0109,2025-11-01,Beauty & Personal Care,Haircare,973.31,523.09,0.4626,11,1.42,1.7215713975800953,2.081
P0109,2025-12-01,Beauty & Personal Care,Haircare,973.31,523.09,0.4626,12,1.5,1.7646106825195975,2.494
P0109,2026-01-01,Beauty & Personal Care,Haircare,973.31,523.09,0.4626,1,0.88,1.8087259495825871,1.855
P0109,2026-02-01,Beauty & Personal Care,Haircare,973.31,523.09,0.4626,2,0.9,1.8539440983221518,1.551
P0109,2026-03-01,Beauty & Personal Care,Haircare,973.31,523.09,0.4626,3,1.0,1.9002927007802053,1.685
P0109,2026-04-01,Beauty & Personal Care,Haircare,973.31,523.09,0.4626,4,1.0,1.9478000182997104,2.024
P0109,2026-05-01,Beauty & Personal Care,Haircare,973.31,523.09,0.4626,5,1.0,1.996495018757203,2.191
P0109,2026-06-01,Beauty & Personal Care,Haircare,973.31,523.09,0.4626,6,1.1,2.046407394226133,2.104
P0109,2026-07-01,Beauty & Personal Care,Haircare,973.31,523.09,0.4626,7,1.08,2.097567579081786,2.397
P0109,2026-08-01,Beauty & Personal Care,Haircare,973.31,523.09,0.4626,8,1.0,2.15000676855883,2.567
P0109,2026-09-01,Beauty & Personal Care,Haircare,973.31,523.09,0.4626,9,1.0,2.203756937772801,2.315
P0110,2024-01-01,Beauty & Personal Care,Haircare,1225.05,939.53,0.2331,1,0.88,1.0,0.89
P0110,2024-02-01,Beauty & Personal Care,Haircare,1225.05,939.53,0.2331,2,0.9,1.025,0.884
P0110,2024-03-01,Beauty & Personal Care,Haircare,1225.05,939.53,0.2331,3,1.0,1.050625,1.012
P0110,2024-04-01,Beauty & Personal Care,Haircare,1225.05,939.53,0.2331,4,1.0,1.0768906249999997,0.937
P0110,2024-05-01,Beauty & Personal Care,Haircare,1225.05,939.53,0.2331,5,1.0,1.1038128906249995,1.083
P0110,2024-06-01,Beauty & Personal Care,Haircare,1225.05,939.53,0.2331,6,1.1,1.1314082128906244,1.216
P0110,2024-07-01,Beauty & Personal Care,Haircare,1225.05,939.53,0.2331,7,1.08,1.15969341821289,1.132
P0110,2024-08-01,Beauty & Personal Care,Haircare,1225.05,939.53,0.2331,8,1.0,1.188685753668212,1.194
P0110,2024-09-01,Beauty & Personal Care,Haircare,1225.05,939.53,0.2331,9,1.0,1.2184028975099173,1.295
P0110,2024-10-01,Beauty & Personal Care,Haircare,1225.05,939.53,0.2331,10,1.3,1.2488629699476652,1.584
P0110,2024-11-01,Beauty & Personal Care,Haircare,1225.05,939.53,0.2331,11,1.42,1.2800845441963566,1.929
P0110,2024-12-01,Beauty & Personal Care,Haircare,1225.05,939.53,0.2331,12,1.5,1.3120866578012655,2.213
P0110,2025-01-01,Beauty & Personal Care,Haircare,1225.05,939.53,0.2331,1,0.88,1.344888824246297,1.056
P0110,2025-02-01,Beauty & Personal Care,Haircare,1225.05,939.53,0.2331,2,0.9,1.3785110448524542,1.476
P0110,2025-03-01,Beauty & Personal Care,Haircare,1225.05,939.53,0.2331,3,1.0,1.4129738209737657,1.252
P0110,2025-04-01,Beauty & Personal Care,Haircare,1225.05,939.53,0.2331,4,1.0,1.4482981664981096,1.721
P0110,2025-05-01,Beauty & Personal Care,Haircare,1225.05,939.53,0.2331,5,1.0,1.4845056206605622,1.362
P0110,2025-06-01,Beauty & Personal Care,Haircare,1225.05,939.53,0.2331,6,1.1,1.521618261177076,1.601
P0110,2025-07-01,Beauty & Personal Care,Haircare,1225.05,939.53,0.2331,7,1.08,1.5596587177065029,1.652
P0110,2025-08-01,Beauty & Personal Care,Haircare,1225.05,939.53,0.2331,8,1.0,1.5986501856491653,1.742
P0110,2025-09-01,Beauty & Personal Care,Haircare,1225.05,939.53,0.2331,9,1.0,1.6386164402903942,1.407
P0110,2025-10-01,Beauty & Personal Care,Haircare,1225.05,939.53,0.2331,10,1.3,1.679581851297654,1.779
P0110,2025-11-01,Beauty & Personal Care,Haircare,1225.05,939.53,0.2331,11,1.42,1.7215713975800953,2.203
P0110,2025-12-01,Beauty & Personal Care,Haircare,1225.05,939.53,0.2331,12,1.5,1.7646106825195975,2.416
P0110,2026-01-01,Beauty & Personal Care,Haircare,1225.05,939.53,0.2331,1,0.88,1.8087259495825871,1.442
P0110,2026-02-01,Beauty & Personal Care,Haircare,1225.05,939.53,0.2331,2,0.9,1.8539440983221518,1.431
P0110,2026-03-01,Beauty & Personal Care,Haircare,1225.05,939.53,0.2331,3,1.0,1.9002927007802053,1.617
P0110,2026-04-01,Beauty & Personal Care,Haircare,1225.05,939.53,0.2331,4,1.0,1.9478000182997104,1.587
P0110,2026-05-01,Beauty & Personal Care,Haircare,1225.05,939.53,0.2331,5,1.0,1.996495018757203,1.694
P0110,2026-06-01,Beauty & Personal Care,Haircare,1225.05,939.53,0.2331,6,1.1,2.046407394226133,2.172
P0110,2026-07-01,Beauty & Personal Care,Haircare,1225.05,939.53,0.2331,7,1.08,2.097567579081786,2.252
P0110,2026-08-01,Beauty & Personal Care,Haircare,1225.05,939.53,0.2331,8,1.0,2.15000676855883,2.71
P0110,2026-09-01,Beauty & Personal Care,Haircare,1225.05,939.53,0.2331,9,1.0,2.203756937772801,2.162
P0111,2024-01-01,Beauty & Personal Care,Grooming,898.93,655.57,0.2707,1,0.88,1.0,0.755
P0111,2024-02-01,Beauty & Personal Care,Grooming,898.93,655.57,0.2707,2,0.9,1.025,1.069
P0111,2024-03-01,Beauty & Personal Care,Grooming,898.93,655.57,0.2707,3,1.0,1.050625,0.936
P0111,2024-04-01,Beauty & Personal Care,Grooming,898.93,655.57,0.2707,4,1.0,1.0768906249999997,1.28
P0111,2024-05-01,Beauty & Personal Care,Grooming,898.93,655.57,0.2707,5,1.0,1.1038128906249995,1.302
P0111,2024-06-01,Beauty & Personal Care,Grooming,898.93,655.57,0.2707,6,1.1,1.1314082128906244,1.21
P0111,2024-07-01,Beauty & Personal Care,Grooming,898.93,655.57,0.2707,7,1.08,1.15969341821289,1.258
P0111,2024-08-01,Beauty & Personal Care,Grooming,898.93,655.57,0.2707,8,1.0,1.188685753668212,1.062
P0111,2024-09-01,Beauty & Personal Care,Grooming,898.93,655.57,0.2707,9,1.0,1.2184028975099173,1.39
P0111,2024-10-01,Beauty & Personal Care,Grooming,898.93,655.57,0.2707,10,1.3,1.2488629699476652,1.625
P0111,2024-11-01,Beauty & Personal Care,Grooming,898.93,655.57,0.2707,11,1.42,1.2800845441963566,1.68
P0111,2024-12-01,Beauty & Personal Care,Grooming,898.93,655.57,0.2707,12,1.5,1.3120866578012655,1.867
P0111,2025-01-01,Beauty & Personal Care,Grooming,898.93,655.57,0.2707,1,0.88,1.344888824246297,1.314
P0111,2025-02-01,Beauty & Personal Care,Grooming,898.93,655.57,0.2707,2,0.9,1.3785110448524542,1.361
P0111,2025-03-01,Beauty & Personal Care,Grooming,898.93,655.57,0.2707,3,1.0,1.4129738209737657,1.204
P0111,2025-04-01,Beauty & Personal Care,Grooming,898.93,655.57,0.2707,4,1.0,1.4482981664981096,1.444
P0111,2025-05-01,Beauty & Personal Care,Grooming,898.93,655.57,0.2707,5,1.0,1.4845056206605622,1.647
P0111,2025-06-01,Beauty & Personal Care,Grooming,898.93,655.57,0.2707,6,1.1,1.521618261177076,1.518
P0111,2025-07-01,Beauty & Personal Care,Grooming,898.93,655.57,0.2707,7,1.08,1.5596587177065029,1.686
P0111,2025-08-01,Beauty & Personal Care,Grooming,898.93,655.57,0.2707,8,1.0,1.5986501856491653,1.508
P0111,2025-09-01,Beauty & Personal Care,Grooming,898.93,655.57,0.2707,9,1.0,1.6386164402903942,2.035
P0111,2025-10-01,Beauty & Personal Care,Grooming,898.93,655.57,0.2707,10,1.3,1.679581851297654,2.251
P0111,2025-11-01,Beauty & Personal Care,Grooming,898.93,655.57,0.2707,11,1.42,1.7215713975800953,2.847
P0111,2025-12-01,Beauty & Personal Care,Grooming,898.93,655.57,0.2707,12,1.5,1.7646106825195975,2.967
P0111,2026-01-01,Beauty & Personal Care,Grooming,898.93,655.57,0.2707,1,0.88,1.8087259495825871,1.245
P0111,2026-02-01,Beauty & Personal Care,Grooming,898.93,655.57,0.2707,2,0.9,1.8539440983221518,1.43
P0111,2026-03-01,Beauty & Personal Care,Grooming,898.93,655.57,0.2707,3,1.0,1.9002927007802053,2.135
P0111,2026-04-01,Beauty & Personal Care,Grooming,898.93,655.57,0.2707,4,1.0,1.9478000182997104,2.234
P0111,2026-05-01,Beauty & Personal Care,Grooming,898.93,655.57,0.2707,5,1.0,1.996495018757203,1.682
P0111,2026-06-01,Beauty & Personal Care,Grooming,898.93,655.57,0.2707,6,1.1,2.046407394226133,2.198
P0111,2026-07-01,Beauty & Personal Care,Grooming,898.93,655.57,0.2707,7,1.08,2.097567579081786,2.25
P0111,2026-08-01,Beauty & Personal Care,Grooming,898.93,655.57,0.2707,8,1.0,2.15000676855883,1.868
P0111,2026-09-01,Beauty & Personal Care,Grooming,898.93,655.57,0.2707,9,1.0,2.203756937772801,2.199
P0112,2024-01-01,Beauty & Personal Care,Grooming,496.12,278.29,0.4391,1,0.88,1.0,0.842
P0112,2024-02-01,Beauty & Personal Care,Grooming,496.12,278.29,0.4391,2,0.9,1.025,0.91
P0112,2024-03-01,Beauty & Personal Care,Grooming,496.12,278.29,0.4391,3,1.0,1.050625,1.045
P0112,2024-04-01,Beauty & Personal Care,Grooming,496.12,278.29,0.4391,4,1.0,1.0768906249999997,1.209
P0112,2024-05-01,Beauty & Personal Care,Grooming,496.12,278.29,0.4391,5,1.0,1.1038128906249995,1.1
P0112,2024-06-01,Beauty & Personal Care,Grooming,496.12,278.29,0.4391,6,1.1,1.1314082128906244,1.359
P0112,2024-07-01,Beauty & Personal Care,Grooming,496.12,278.29,0.4391,7,1.08,1.15969341821289,1.256
P0112,2024-08-01,Beauty & Personal Care,Grooming,496.12,278.29,0.4391,8,1.0,1.188685753668212,1.228
P0112,2024-09-01,Beauty & Personal Care,Grooming,496.12,278.29,0.4391,9,1.0,1.2184028975099173,1.212
P0112,2024-10-01,Beauty & Personal Care,Grooming,496.12,278.29,0.4391,10,1.3,1.2488629699476652,1.458
P0112,2024-11-01,Beauty & Personal Care,Grooming,496.12,278.29,0.4391,11,1.42,1.2800845441963566,1.719
P0112,2024-12-01,Beauty & Personal Care,Grooming,496.12,278.29,0.4391,12,1.5,1.3120866578012655,2.624
P0112,2025-01-01,Beauty & Personal Care,Grooming,496.12,278.29,0.4391,1,0.88,1.344888824246297,1.39
P0112,2025-02-01,Beauty & Personal Care,Grooming,496.12,278.29,0.4391,2,0.9,1.3785110448524542,1.052
P0112,2025-03-01,Beauty & Personal Care,Grooming,496.12,278.29,0.4391,3,1.0,1.4129738209737657,1.725
P0112,2025-04-01,Beauty & Personal Care,Grooming,496.12,278.29,0.4391,4,1.0,1.4482981664981096,1.806
P0112,2025-05-01,Beauty & Personal Care,Grooming,496.12,278.29,0.4391,5,1.0,1.4845056206605622,1.472
P0112,2025-06-01,Beauty & Personal Care,Grooming,496.12,278.29,0.4391,6,1.1,1.521618261177076,1.653
P0112,2025-07-01,Beauty & Personal Care,Grooming,496.12,278.29,0.4391,7,1.08,1.5596587177065029,1.468
P0112,2025-08-01,Beauty & Personal Care,Grooming,496.12,278.29,0.4391,8,1.0,1.5986501856491653,1.779
P0112,2025-09-01,Beauty & Personal Care,Grooming,496.12,278.29,0.4391,9,1.0,1.6386164402903942,1.728
P0112,2025-10-01,Beauty & Personal Care,Grooming,496.12,278.29,0.4391,10,1.3,1.679581851297654,2.413
P0112,2025-11-01,Beauty & Personal Care,Grooming,496.12,278.29,0.4391,11,1.42,1.7215713975800953,2.544
P0112,2025-12-01,Beauty & Personal Care,Grooming,496.12,278.29,0.4391,12,1.5,1.7646106825195975,2.163
P0112,2026-01-01,Beauty & Personal Care,Grooming,496.12,278.29,0.4391,1,0.88,1.8087259495825871,1.624
P0112,2026-02-01,Beauty & Personal Care,Grooming,496.12,278.29,0.4391,2,0.9,1.8539440983221518,1.789
P0112,2026-03-01,Beauty & Personal Care,Grooming,496.12,278.29,0.4391,3,1.0,1.9002927007802053,1.901
P0112,2026-04-01,Beauty & Personal Care,Grooming,496.12,278.29,0.4391,4,1.0,1.9478000182997104,1.437
P0112,2026-05-01,Beauty & Personal Care,Grooming,496.12,278.29,0.4391,5,1.0,1.996495018757203,2.264
P0112,2026-06-01,Beauty & Personal Care,Grooming,496.12,278.29,0.4391,6,1.1,2.046407394226133,2.051
P0112,2026-07-01,Beauty & Personal Care,Grooming,496.12,278.29,0.4391,7,1.08,2.097567579081786,2.495
P0112,2026-08-01,Beauty & Personal Care,Grooming,496.12,278.29,0.4391,8,1.0,2.15000676855883,2.365
P0112,2026-09-01,Beauty & Personal Care,Grooming,496.12,278.29,0.4391,9,1.0,2.203756937772801,2.196
P0113,2024-01-01,Beauty & Personal Care,Grooming,1718.03,1378.65,0.1975,1,0.88,1.0,0.898
P0113,2024-02-01,Beauty & Personal Care,Grooming,1718.03,1378.65,0.1975,2,0.9,1.025,0.822
P0113,2024-03-01,Beauty & Personal Care,Grooming,1718.03,1378.65,0.1975,3,1.0,1.050625,1.154
P0113,2024-04-01,Beauty & Personal Care,Grooming,1718.03,1378.65,0.1975,4,1.0,1.0768906249999997,1.036
P0113,2024-05-01,Beauty & Personal Care,Grooming,1718.03,1378.65,0.1975,5,1.0,1.1038128906249995,1.115
P0113,2024-06-01,Beauty & Personal Care,Grooming,1718.03,1378.65,0.1975,6,1.1,1.1314082128906244,1.176
P0113,2024-07-01,Beauty & Personal Care,Grooming,1718.03,1378.65,0.1975,7,1.08,1.15969341821289,1.116
P0113,2024-08-01,Beauty & Personal Care,Grooming,1718.03,1378.65,0.1975,8,1.0,1.188685753668212,0.957
P0113,2024-09-01,Beauty & Personal Care,Grooming,1718.03,1378.65,0.1975,9,1.0,1.2184028975099173,1.443
P0113,2024-10-01,Beauty & Personal Care,Grooming,1718.03,1378.65,0.1975,10,1.3,1.2488629699476652,1.539
P0113,2024-11-01,Beauty & Personal Care,Grooming,1718.03,1378.65,0.1975,11,1.42,1.2800845441963566,1.715
P0113,2024-12-01,Beauty & Personal Care,Grooming,1718.03,1378.65,0.1975,12,1.5,1.3120866578012655,2.524
P0113,2025-01-01,Beauty & Personal Care,Grooming,1718.03,1378.65,0.1975,1,0.88,1.344888824246297,1.12
P0113,2025-02-01,Beauty & Personal Care,Grooming,1718.03,1378.65,0.1975,2,0.9,1.3785110448524542,1.196
P0113,2025-03-01,Beauty & Personal Care,Grooming,1718.03,1378.65,0.1975,3,1.0,1.4129738209737657,1.323
P0113,2025-04-01,Beauty & Personal Care,Grooming,1718.03,1378.65,0.1975,4,1.0,1.4482981664981096,1.544
P0113,2025-05-01,Beauty & Personal Care,Grooming,1718.03,1378.65,0.1975,5,1.0,1.4845056206605622,1.423
P0113,2025-06-01,Beauty & Personal Care,Grooming,1718.03,1378.65,0.1975,6,1.1,1.521618261177076,1.703
P0113,2025-07-01,Beauty & Personal Care,Grooming,1718.03,1378.65,0.1975,7,1.08,1.5596587177065029,1.775
P0113,2025-08-01,Beauty & Personal Care,Grooming,1718.03,1378.65,0.1975,8,1.0,1.5986501856491653,1.398
P0113,2025-09-01,Beauty & Personal Care,Grooming,1718.03,1378.65,0.1975,9,1.0,1.6386164402903942,1.485
P0113,2025-10-01,Beauty & Personal Care,Grooming,1718.03,1378.65,0.1975,10,1.3,1.679581851297654,2.253
P0113,2025-11-01,Beauty & Personal Care,Grooming,1718.03,1378.65,0.1975,11,1.42,1.7215713975800953,2.795
P0113,2025-12-01,Beauty & Personal Care,Grooming,1718.03,1378.65,0.1975,12,1.5,1.7646106825195975,2.365
P0113,2026-01-01,Beauty & Personal Care,Grooming,1718.03,1378.65,0.1975,1,0.88,1.8087259495825871,1.483
P0113,2026-02-01,Beauty & Personal Care,Grooming,1718.03,1378.65,0.1975,2,0.9,1.8539440983221518,1.297
P0113,2026-03-01,Beauty & Personal Care,Grooming,1718.03,1378.65,0.1975,3,1.0,1.9002927007802053,2.15
P0113,2026-04-01,Beauty & Personal Care,Grooming,1718.03,1378.65,0.1975,4,1.0,1.9478000182997104,2.322
P0113,2026-05-01,Beauty & Personal Care,Grooming,1718.03,1378.65,0.1975,5,1.0,1.996495018757203,1.95
P0113,2026-06-01,Beauty & Personal Care,Grooming,1718.03,1378.65,0.1975,6,1.1,2.046407394226133,2.159
P0113,2026-07-01,Beauty & Personal Care,Grooming,1718.03,1378.65,0.1975,7,1.08,2.097567579081786,1.966
P0113,2026-08-01,Beauty & Personal Care,Grooming,1718.03,1378.65,0.1975,8,1.0,2.15000676855883,1.711
P0113,2026-09-01,Beauty & Personal Care,Grooming,1718.03,1378.65,0.1975,9,1.0,2.203756937772801,2.097
P0114,2024-01-01,Beauty & Personal Care,Grooming,362.43,189.22,0.4779,1,0.88,1.0,0.801
P0114,2024-02-01,Beauty & Personal Care,Grooming,362.43,189.22,0.4779,2,0.9,1.025,0.797
P0114,2024-03-01,Beauty & Personal Care,Grooming,362.43,189.22,0.4779,3,1.0,1.050625,1.082
P0114,2024-04-01,Beauty & Personal Care,Grooming,362.43,189.22,0.4779,4,1.0,1.0768906249999997,1.028
P0114,2024-05-01,Beauty & Personal Care,Grooming,362.43,189.22,0.4779,5,1.0,1.1038128906249995,1.015
P0114,2024-06-01,Beauty & Personal Care,Grooming,362.43,189.22,0.4779,6,1.1,1.1314082128906244,1.345
P0114,2024-07-01,Beauty & Personal Care,Grooming,362.43,189.22,0.4779,7,1.08,1.15969341821289,1.187
P0114,2024-08-01,Beauty & Personal Care,Grooming,362.43,189.22,0.4779,8,1.0,1.188685753668212,1.509
P0114,2024-09-01,Beauty & Personal Care,Grooming,362.43,189.22,0.4779,9,1.0,1.2184028975099173,1.405
P0114,2024-10-01,Beauty & Personal Care,Grooming,362.43,189.22,0.4779,10,1.3,1.2488629699476652,1.613
P0114,2024-11-01,Beauty & Personal Care,Grooming,362.43,189.22,0.4779,11,1.42,1.2800845441963566,2.159
P0114,2024-12-01,Beauty & Personal Care,Grooming,362.43,189.22,0.4779,12,1.5,1.3120866578012655,2.044
P0114,2025-01-01,Beauty & Personal Care,Grooming,362.43,189.22,0.4779,1,0.88,1.344888824246297,1.106
P0114,2025-02-01,Beauty & Personal Care,Grooming,362.43,189.22,0.4779,2,0.9,1.3785110448524542,1.022
P0114,2025-03-01,Beauty & Personal Care,Grooming,362.43,189.22,0.4779,3,1.0,1.4129738209737657,1.569
P0114,2025-04-01,Beauty & Personal Care,Grooming,362.43,189.22,0.4779,4,1.0,1.4482981664981096,1.967
P0114,2025-05-01,Beauty & Personal Care,Grooming,362.43,189.22,0.4779,5,1.0,1.4845056206605622,1.136
P0114,2025-06-01,Beauty & Personal Care,Grooming,362.43,189.22,0.4779,6,1.1,1.521618261177076,1.714
P0114,2025-07-01,Beauty & Personal Care,Grooming,362.43,189.22,0.4779,7,1.08,1.5596587177065029,1.433
P0114,2025-08-01,Beauty & Personal Care,Grooming,362.43,189.22,0.4779,8,1.0,1.5986501856491653,1.873
P0114,2025-09-01,Beauty & Personal Care,Grooming,362.43,189.22,0.4779,9,1.0,1.6386164402903942,1.309
P0114,2025-10-01,Beauty & Personal Care,Grooming,362.43,189.22,0.4779,10,1.3,1.679581851297654,2.046
P0114,2025-11-01,Beauty & Personal Care,Grooming,362.43,189.22,0.4779,11,1.42,1.7215713975800953,3.046
P0114,2025-12-01,Beauty & Personal Care,Grooming,362.43,189.22,0.4779,12,1.5,1.7646106825195975,2.679
P0114,2026-01-01,Beauty & Personal Care,Grooming,362.43,189.22,0.4779,1,0.88,1.8087259495825871,2.087
P0114,2026-02-01,Beauty & Personal Care,Grooming,362.43,189.22,0.4779,2,0.9,1.8539440983221518,1.526
P0114,2026-03-01,Beauty & Personal Care,Grooming,362.43,189.22,0.4779,3,1.0,1.9002927007802053,1.987
P0114,2026-04-01,Beauty & Personal Care,Grooming,362.43,189.22,0.4779,4,1.0,1.9478000182997104,2.146
P0114,2026-05-01,Beauty & Personal Care,Grooming,362.43,189.22,0.4779,5,1.0,1.996495018757203,1.831
P0114,2026-06-01,Beauty & Personal Care,Grooming,362.43,189.22,0.4779,6,1.1,2.046407394226133,2.233
P0114,2026-07-01,Beauty & Personal Care,Grooming,362.43,189.22,0.4779,7,1.08,2.097567579081786,2.037
P0114,2026-08-01,Beauty & Personal Care,Grooming,362.43,189.22,0.4779,8,1.0,2.15000676855883,2.307
P0114,2026-09-01,Beauty & Personal Care,Grooming,362.43,189.22,0.4779,9,1.0,2.203756937772801,2.387
P0115,2024-01-01,Beauty & Personal Care,Grooming,2122.91,1580.59,0.2555,1,0.88,1.0,0.917
P0115,2024-02-01,Beauty & Personal Care,Grooming,2122.91,1580.59,0.2555,2,0.9,1.025,1.107
P0115,2024-03-01,Beauty & Personal Care,Grooming,2122.91,1580.59,0.2555,3,1.0,1.050625,1.116
P0115,2024-04-01,Beauty & Personal Care,Grooming,2122.91,1580.59,0.2555,4,1.0,1.0768906249999997,1.032
P0115,2024-05-01,Beauty & Personal Care,Grooming,2122.91,1580.59,0.2555,5,1.0,1.1038128906249995,1.196
P0115,2024-06-01,Beauty & Personal Care,Grooming,2122.91,1580.59,0.2555,6,1.1,1.1314082128906244,1.457
P0115,2024-07-01,Beauty & Personal Care,Grooming,2122.91,1580.59,0.2555,7,1.08,1.15969341821289,1.473
P0115,2024-08-01,Beauty & Personal Care,Grooming,2122.91,1580.59,0.2555,8,1.0,1.188685753668212,1.083
P0115,2024-09-01,Beauty & Personal Care,Grooming,2122.91,1580.59,0.2555,9,1.0,1.2184028975099173,1.256
P0115,2024-10-01,Beauty & Personal Care,Grooming,2122.91,1580.59,0.2555,10,1.3,1.2488629699476652,1.826
P0115,2024-11-01,Beauty & Personal Care,Grooming,2122.91,1580.59,0.2555,11,1.42,1.2800845441963566,1.81
P0115,2024-12-01,Beauty & Personal Care,Grooming,2122.91,1580.59,0.2555,12,1.5,1.3120866578012655,2.165
P0115,2025-01-01,Beauty & Personal Care,Grooming,2122.91,1580.59,0.2555,1,0.88,1.344888824246297,1.423
P0115,2025-02-01,Beauty & Personal Care,Grooming,2122.91,1580.59,0.2555,2,0.9,1.3785110448524542,1.378
P0115,2025-03-01,Beauty & Personal Care,Grooming,2122.91,1580.59,0.2555,3,1.0,1.4129738209737657,1.482
P0115,2025-04-01,Beauty & Personal Care,Grooming,2122.91,1580.59,0.2555,4,1.0,1.4482981664981096,1.186
P0115,2025-05-01,Beauty & Personal Care,Grooming,2122.91,1580.59,0.2555,5,1.0,1.4845056206605622,1.363
P0115,2025-06-01,Beauty & Personal Care,Grooming,2122.91,1580.59,0.2555,6,1.1,1.521618261177076,1.734
P0115,2025-07-01,Beauty & Personal Care,Grooming,2122.91,1580.59,0.2555,7,1.08,1.5596587177065029,1.703
P0115,2025-08-01,Beauty & Personal Care,Grooming,2122.91,1580.59,0.2555,8,1.0,1.5986501856491653,1.841
P0115,2025-09-01,Beauty & Personal Care,Grooming,2122.91,1580.59,0.2555,9,1.0,1.6386164402903942,1.37
P0115,2025-10-01,Beauty & Personal Care,Grooming,2122.91,1580.59,0.2555,10,1.3,1.679581851297654,2.141
P0115,2025-11-01,Beauty & Personal Care,Grooming,2122.91,1580.59,0.2555,11,1.42,1.7215713975800953,2.32
P0115,2025-12-01,Beauty & Personal Care,Grooming,2122.91,1580.59,0.2555,12,1.5,1.7646106825195975,2.406
P0115,2026-01-01,Beauty & Personal Care,Grooming,2122.91,1580.59,0.2555,1,0.88,1.8087259495825871,1.613
P0115,2026-02-01,Beauty & Personal Care,Grooming,2122.91,1580.59,0.2555,2,0.9,1.8539440983221518,1.596
P0115,2026-03-01,Beauty & Personal Care,Grooming,2122.91,1580.59,0.2555,3,1.0,1.9002927007802053,1.771
P0115,2026-04-01,Beauty & Personal Care,Grooming,2122.91,1580.59,0.2555,4,1.0,1.9478000182997104,2.127
P0115,2026-05-01,Beauty & Personal Care,Grooming,2122.91,1580.59,0.2555,5,1.0,1.996495018757203,1.812
P0115,2026-06-01,Beauty & Personal Care,Grooming,2122.91,1580.59,0.2555,6,1.1,2.046407394226133,2.34
P0115,2026-07-01,Beauty & Personal Care,Grooming,2122.91,1580.59,0.2555,7,1.08,2.097567579081786,2.081
P0115,2026-08-01,Beauty & Personal Care,Grooming,2122.91,1580.59,0.2555,8,1.0,2.15000676855883,2.016
P0115,2026-09-01,Beauty & Personal Care,Grooming,2122.91,1580.59,0.2555,9,1.0,2.203756937772801,2.252
P0116,2024-01-01,Beauty & Personal Care,Grooming,1052.22,583.89,0.4451,1,0.88,1.0,0.873
P0116,2024-02-01,Beauty & Personal Care,Grooming,1052.22,583.89,0.4451,2,0.9,1.025,0.857
P0116,2024-03-01,Beauty & Personal Care,Grooming,1052.22,583.89,0.4451,3,1.0,1.050625,1.011
P0116,2024-04-01,Beauty & Personal Care,Grooming,1052.22,583.89,0.4451,4,1.0,1.0768906249999997,0.815
P0116,2024-05-01,Beauty & Personal Care,Grooming,1052.22,583.89,0.4451,5,1.0,1.1038128906249995,1.025
P0116,2024-06-01,Beauty & Personal Care,Grooming,1052.22,583.89,0.4451,6,1.1,1.1314082128906244,1.329
P0116,2024-07-01,Beauty & Personal Care,Grooming,1052.22,583.89,0.4451,7,1.08,1.15969341821289,1.232
P0116,2024-08-01,Beauty & Personal Care,Grooming,1052.22,583.89,0.4451,8,1.0,1.188685753668212,1.085
P0116,2024-09-01,Beauty & Personal Care,Grooming,1052.22,583.89,0.4451,9,1.0,1.2184028975099173,1.103
P0116,2024-10-01,Beauty & Personal Care,Grooming,1052.22,583.89,0.4451,10,1.3,1.2488629699476652,1.534
P0116,2024-11-01,Beauty & Personal Care,Grooming,1052.22,583.89,0.4451,11,1.42,1.2800845441963566,1.73
P0116,2024-12-01,Beauty & Personal Care,Grooming,1052.22,583.89,0.4451,12,1.5,1.3120866578012655,1.842
P0116,2025-01-01,Beauty & Personal Care,Grooming,1052.22,583.89,0.4451,1,0.88,1.344888824246297,1.063
P0116,2025-02-01,Beauty & Personal Care,Grooming,1052.22,583.89,0.4451,2,0.9,1.3785110448524542,1.208
P0116,2025-03-01,Beauty & Personal Care,Grooming,1052.22,583.89,0.4451,3,1.0,1.4129738209737657,1.108
P0116,2025-04-01,Beauty & Personal Care,Grooming,1052.22,583.89,0.4451,4,1.0,1.4482981664981096,1.254
P0116,2025-05-01,Beauty & Personal Care,Grooming,1052.22,583.89,0.4451,5,1.0,1.4845056206605622,1.737
P0116,2025-06-01,Beauty & Personal Care,Grooming,1052.22,583.89,0.4451,6,1.1,1.521618261177076,1.827
P0116,2025-07-01,Beauty & Personal Care,Grooming,1052.22,583.89,0.4451,7,1.08,1.5596587177065029,1.723
P0116,2025-08-01,Beauty & Personal Care,Grooming,1052.22,583.89,0.4451,8,1.0,1.5986501856491653,1.959
P0116,2025-09-01,Beauty & Personal Care,Grooming,1052.22,583.89,0.4451,9,1.0,1.6386164402903942,1.769
P0116,2025-10-01,Beauty & Personal Care,Grooming,1052.22,583.89,0.4451,10,1.3,1.679581851297654,1.819
P0116,2025-11-01,Beauty & Personal Care,Grooming,1052.22,583.89,0.4451,11,1.42,1.7215713975800953,2.125
P0116,2025-12-01,Beauty & Personal Care,Grooming,1052.22,583.89,0.4451,12,1.5,1.7646106825195975,2.722
P0116,2026-01-01,Beauty & Personal Care,Grooming,1052.22,583.89,0.4451,1,0.88,1.8087259495825871,1.658
P0116,2026-02-01,Beauty & Personal Care,Grooming,1052.22,583.89,0.4451,2,0.9,1.8539440983221518,1.878
P0116,2026-03-01,Beauty & Personal Care,Grooming,1052.22,583.89,0.4451,3,1.0,1.9002927007802053,2.128
P0116,2026-04-01,Beauty & Personal Care,Grooming,1052.22,583.89,0.4451,4,1.0,1.9478000182997104,1.845
P0116,2026-05-01,Beauty & Personal Care,Grooming,1052.22,583.89,0.4451,5,1.0,1.996495018757203,2.459
P0116,2026-06-01,Beauty & Personal Care,Grooming,1052.22,583.89,0.4451,6,1.1,2.046407394226133,2.436
P0116,2026-07-01,Beauty & Personal Care,Grooming,1052.22,583.89,0.4451,7,1.08,2.097567579081786,1.951
P0116,2026-08-01,Beauty & Personal Care,Grooming,1052.22,583.89,0.4451,8,1.0,2.15000676855883,1.913
P0116,2026-09-01,Beauty & Personal Care,Grooming,1052.22,583.89,0.4451,9,1.0,2.203756937772801,2.356
P0117,2024-01-01,Beauty & Personal Care,Grooming,2596.22,1571.06,0.3949,1,0.88,1.0,0.879
P0117,2024-02-01,Beauty & Personal Care,Grooming,2596.22,1571.06,0.3949,2,0.9,1.025,0.87
P0117,2024-03-01,Beauty & Personal Care,Grooming,2596.22,1571.06,0.3949,3,1.0,1.050625,0.972
P0117,2024-04-01,Beauty & Personal Care,Grooming,2596.22,1571.06,0.3949,4,1.0,1.0768906249999997,0.933
P0117,2024-05-01,Beauty & Personal Care,Grooming,2596.22,1571.06,0.3949,5,1.0,1.1038128906249995,1.359
P0117,2024-06-01,Beauty & Personal Care,Grooming,2596.22,1571.06,0.3949,6,1.1,1.1314082128906244,1.407
P0117,2024-07-01,Beauty & Personal Care,Grooming,2596.22,1571.06,0.3949,7,1.08,1.15969341821289,1.556
P0117,2024-08-01,Beauty & Personal Care,Grooming,2596.22,1571.06,0.3949,8,1.0,1.188685753668212,1.348
P0117,2024-09-01,Beauty & Personal Care,Grooming,2596.22,1571.06,0.3949,9,1.0,1.2184028975099173,1.462
P0117,2024-10-01,Beauty & Personal Care,Grooming,2596.22,1571.06,0.3949,10,1.3,1.2488629699476652,1.703
P0117,2024-11-01,Beauty & Personal Care,Grooming,2596.22,1571.06,0.3949,11,1.42,1.2800845441963566,1.782
P0117,2024-12-01,Beauty & Personal Care,Grooming,2596.22,1571.06,0.3949,12,1.5,1.3120866578012655,1.619
P0117,2025-01-01,Beauty & Personal Care,Grooming,2596.22,1571.06,0.3949,1,0.88,1.344888824246297,1.212
P0117,2025-02-01,Beauty & Personal Care,Grooming,2596.22,1571.06,0.3949,2,0.9,1.3785110448524542,1.344
P0117,2025-03-01,Beauty & Personal Care,Grooming,2596.22,1571.06,0.3949,3,1.0,1.4129738209737657,1.511
P0117,2025-04-01,Beauty & Personal Care,Grooming,2596.22,1571.06,0.3949,4,1.0,1.4482981664981096,1.251
P0117,2025-05-01,Beauty & Personal Care,Grooming,2596.22,1571.06,0.3949,5,1.0,1.4845056206605622,1.683
P0117,2025-06-01,Beauty & Personal Care,Grooming,2596.22,1571.06,0.3949,6,1.1,1.521618261177076,2.113
P0117,2025-07-01,Beauty & Personal Care,Grooming,2596.22,1571.06,0.3949,7,1.08,1.5596587177065029,1.268
P0117,2025-08-01,Beauty & Personal Care,Grooming,2596.22,1571.06,0.3949,8,1.0,1.5986501856491653,1.517
P0117,2025-09-01,Beauty & Personal Care,Grooming,2596.22,1571.06,0.3949,9,1.0,1.6386164402903942,1.492
P0117,2025-10-01,Beauty & Personal Care,Grooming,2596.22,1571.06,0.3949,10,1.3,1.679581851297654,2.56
P0117,2025-11-01,Beauty & Personal Care,Grooming,2596.22,1571.06,0.3949,11,1.42,1.7215713975800953,2.193
P0117,2025-12-01,Beauty & Personal Care,Grooming,2596.22,1571.06,0.3949,12,1.5,1.7646106825195975,2.615
P0117,2026-01-01,Beauty & Personal Care,Grooming,2596.22,1571.06,0.3949,1,0.88,1.8087259495825871,1.51
P0117,2026-02-01,Beauty & Personal Care,Grooming,2596.22,1571.06,0.3949,2,0.9,1.8539440983221518,1.508
P0117,2026-03-01,Beauty & Personal Care,Grooming,2596.22,1571.06,0.3949,3,1.0,1.9002927007802053,1.574
P0117,2026-04-01,Beauty & Personal Care,Grooming,2596.22,1571.06,0.3949,4,1.0,1.9478000182997104,1.422
P0117,2026-05-01,Beauty & Personal Care,Grooming,2596.22,1571.06,0.3949,5,1.0,1.996495018757203,1.865
P0117,2026-06-01,Beauty & Personal Care,Grooming,2596.22,1571.06,0.3949,6,1.1,2.046407394226133,2.172
P0117,2026-07-01,Beauty & Personal Care,Grooming,2596.22,1571.06,0.3949,7,1.08,2.097567579081786,2.105
P0117,2026-08-01,Beauty & Personal Care,Grooming,2596.22,1571.06,0.3949,8,1.0,2.15000676855883,1.802
P0117,2026-09-01,Beauty & Personal Care,Grooming,2596.22,1571.06,0.3949,9,1.0,2.203756937772801,2.077
P0118,2024-01-01,Beauty & Personal Care,Grooming,415.18,191.33,0.5392,1,0.88,1.0,0.863
P0118,2024-02-01,Beauty & Personal Care,Grooming,415.18,191.33,0.5392,2,0.9,1.025,0.869
P0118,2024-03-01,Beauty & Personal Care,Grooming,415.18,191.33,0.5392,3,1.0,1.050625,0.952
P0118,2024-04-01,Beauty & Personal Care,Grooming,415.18,191.33,0.5392,4,1.0,1.0768906249999997,1.007
P0118,2024-05-01,Beauty & Personal Care,Grooming,415.18,191.33,0.5392,5,1.0,1.1038128906249995,1.171
P0118,2024-06-01,Beauty & Personal Care,Grooming,415.18,191.33,0.5392,6,1.1,1.1314082128906244,1.098
P0118,2024-07-01,Beauty & Personal Care,Grooming,415.18,191.33,0.5392,7,1.08,1.15969341821289,1.501
P0118,2024-08-01,Beauty & Personal Care,Grooming,415.18,191.33,0.5392,8,1.0,1.188685753668212,1.483
P0118,2024-09-01,Beauty & Personal Care,Grooming,415.18,191.33,0.5392,9,1.0,1.2184028975099173,1.185
P0118,2024-10-01,Beauty & Personal Care,Grooming,415.18,191.33,0.5392,10,1.3,1.2488629699476652,1.537
P0118,2024-11-01,Beauty & Personal Care,Grooming,415.18,191.33,0.5392,11,1.42,1.2800845441963566,1.846
P0118,2024-12-01,Beauty & Personal Care,Grooming,415.18,191.33,0.5392,12,1.5,1.3120866578012655,1.814
P0118,2025-01-01,Beauty & Personal Care,Grooming,415.18,191.33,0.5392,1,0.88,1.344888824246297,1.17
P0118,2025-02-01,Beauty & Personal Care,Grooming,415.18,191.33,0.5392,2,0.9,1.3785110448524542,1.285
P0118,2025-03-01,Beauty & Personal Care,Grooming,415.18,191.33,0.5392,3,1.0,1.4129738209737657,1.262
P0118,2025-04-01,Beauty & Personal Care,Grooming,415.18,191.33,0.5392,4,1.0,1.4482981664981096,1.633
P0118,2025-05-01,Beauty & Personal Care,Grooming,415.18,191.33,0.5392,5,1.0,1.4845056206605622,1.453
P0118,2025-06-01,Beauty & Personal Care,Grooming,415.18,191.33,0.5392,6,1.1,1.521618261177076,1.809
P0118,2025-07-01,Beauty & Personal Care,Grooming,415.18,191.33,0.5392,7,1.08,1.5596587177065029,1.521
P0118,2025-08-01,Beauty & Personal Care,Grooming,415.18,191.33,0.5392,8,1.0,1.5986501856491653,1.632
P0118,2025-09-01,Beauty & Personal Care,Grooming,415.18,191.33,0.5392,9,1.0,1.6386164402903942,2.281
P0118,2025-10-01,Beauty & Personal Care,Grooming,415.18,191.33,0.5392,10,1.3,1.679581851297654,2.394
P0118,2025-11-01,Beauty & Personal Care,Grooming,415.18,191.33,0.5392,11,1.42,1.7215713975800953,2.425
P0118,2025-12-01,Beauty & Personal Care,Grooming,415.18,191.33,0.5392,12,1.5,1.7646106825195975,2.61
P0118,2026-01-01,Beauty & Personal Care,Grooming,415.18,191.33,0.5392,1,0.88,1.8087259495825871,1.505
P0118,2026-02-01,Beauty & Personal Care,Grooming,415.18,191.33,0.5392,2,0.9,1.8539440983221518,1.464
P0118,2026-03-01,Beauty & Personal Care,Grooming,415.18,191.33,0.5392,3,1.0,1.9002927007802053,2.078
P0118,2026-04-01,Beauty & Personal Care,Grooming,415.18,191.33,0.5392,4,1.0,1.9478000182997104,2.007
P0118,2026-05-01,Beauty & Personal Care,Grooming,415.18,191.33,0.5392,5,1.0,1.996495018757203,2.063
P0118,2026-06-01,Beauty & Personal Care,Grooming,415.18,191.33,0.5392,6,1.1,2.046407394226133,2.512
P0118,2026-07-01,Beauty & Personal Care,Grooming,415.18,191.33,0.5392,7,1.08,2.097567579081786,2.149
P0118,2026-08-01,Beauty & Personal Care,Grooming,415.18,191.33,0.5392,8,1.0,2.15000676855883,1.834
P0118,2026-09-01,Beauty & Personal Care,Grooming,415.18,191.33,0.5392,9,1.0,2.203756937772801,1.678
P0119,2024-01-01,Beauty & Personal Care,Grooming,661.02,324.61,0.5089,1,0.88,1.0,0.989
P0119,2024-02-01,Beauty & Personal Care,Grooming,661.02,324.61,0.5089,2,0.9,1.025,0.898
P0119,2024-03-01,Beauty & Personal Care,Grooming,661.02,324.61,0.5089,3,1.0,1.050625,1.045
P0119,2024-04-01,Beauty & Personal Care,Grooming,661.02,324.61,0.5089,4,1.0,1.0768906249999997,1.092
P0119,2024-05-01,Beauty & Personal Care,Grooming,661.02,324.61,0.5089,5,1.0,1.1038128906249995,1.143
P0119,2024-06-01,Beauty & Personal Care,Grooming,661.02,324.61,0.5089,6,1.1,1.1314082128906244,1.474
P0119,2024-07-01,Beauty & Personal Care,Grooming,661.02,324.61,0.5089,7,1.08,1.15969341821289,1.177
P0119,2024-08-01,Beauty & Personal Care,Grooming,661.02,324.61,0.5089,8,1.0,1.188685753668212,1.399
P0119,2024-09-01,Beauty & Personal Care,Grooming,661.02,324.61,0.5089,9,1.0,1.2184028975099173,1.23
P0119,2024-10-01,Beauty & Personal Care,Grooming,661.02,324.61,0.5089,10,1.3,1.2488629699476652,1.779
P0119,2024-11-01,Beauty & Personal Care,Grooming,661.02,324.61,0.5089,11,1.42,1.2800845441963566,1.756
P0119,2024-12-01,Beauty & Personal Care,Grooming,661.02,324.61,0.5089,12,1.5,1.3120866578012655,1.923
P0119,2025-01-01,Beauty & Personal Care,Grooming,661.02,324.61,0.5089,1,0.88,1.344888824246297,1.072
P0119,2025-02-01,Beauty & Personal Care,Grooming,661.02,324.61,0.5089,2,0.9,1.3785110448524542,1.176
P0119,2025-03-01,Beauty & Personal Care,Grooming,661.02,324.61,0.5089,3,1.0,1.4129738209737657,1.763
P0119,2025-04-01,Beauty & Personal Care,Grooming,661.02,324.61,0.5089,4,1.0,1.4482981664981096,1.222
P0119,2025-05-01,Beauty & Personal Care,Grooming,661.02,324.61,0.5089,5,1.0,1.4845056206605622,1.444
P0119,2025-06-01,Beauty & Personal Care,Grooming,661.02,324.61,0.5089,6,1.1,1.521618261177076,1.752
P0119,2025-07-01,Beauty & Personal Care,Grooming,661.02,324.61,0.5089,7,1.08,1.5596587177065029,1.754
P0119,2025-08-01,Beauty & Personal Care,Grooming,661.02,324.61,0.5089,8,1.0,1.5986501856491653,1.611
P0119,2025-09-01,Beauty & Personal Care,Grooming,661.02,324.61,0.5089,9,1.0,1.6386164402903942,1.677
P0119,2025-10-01,Beauty & Personal Care,Grooming,661.02,324.61,0.5089,10,1.3,1.679581851297654,1.758
P0119,2025-11-01,Beauty & Personal Care,Grooming,661.02,324.61,0.5089,11,1.42,1.7215713975800953,2.58
P0119,2025-12-01,Beauty & Personal Care,Grooming,661.02,324.61,0.5089,12,1.5,1.7646106825195975,2.517
P0119,2026-01-01,Beauty & Personal Care,Grooming,661.02,324.61,0.5089,1,0.88,1.8087259495825871,1.65
P0119,2026-02-01,Beauty & Personal Care,Grooming,661.02,324.61,0.5089,2,0.9,1.8539440983221518,1.547
P0119,2026-03-01,Beauty & Personal Care,Grooming,661.02,324.61,0.5089,3,1.0,1.9002927007802053,2.054
P0119,2026-04-01,Beauty & Personal Care,Grooming,661.02,324.61,0.5089,4,1.0,1.9478000182997104,2.186
P0119,2026-05-01,Beauty & Personal Care,Grooming,661.02,324.61,0.5089,5,1.0,1.996495018757203,1.746
P0119,2026-06-01,Beauty & Personal Care,Grooming,661.02,324.61,0.5089,6,1.1,2.046407394226133,2.163
P0119,2026-07-01,Beauty & Personal Care,Grooming,661.02,324.61,0.5089,7,1.08,2.097567579081786,2.031
P0119,2026-08-01,Beauty & Personal Care,Grooming,661.02,324.61,0.5089,8,1.0,2.15000676855883,2.105
P0119,2026-09-01,Beauty & Personal Care,Grooming,661.02,324.61,0.5089,9,1.0,2.203756937772801,2.718
P0120,2024-01-01,Beauty & Personal Care,Grooming,836.64,469.83,0.4384,1,0.88,1.0,1.043
P0120,2024-02-01,Beauty & Personal Care,Grooming,836.64,469.83,0.4384,2,0.9,1.025,0.885
P0120,2024-03-01,Beauty & Personal Care,Grooming,836.64,469.83,0.4384,3,1.0,1.050625,1.126
P0120,2024-04-01,Beauty & Personal Care,Grooming,836.64,469.83,0.4384,4,1.0,1.0768906249999997,0.959
P0120,2024-05-01,Beauty & Personal Care,Grooming,836.64,469.83,0.4384,5,1.0,1.1038128906249995,1.051
P0120,2024-06-01,Beauty & Personal Care,Grooming,836.64,469.83,0.4384,6,1.1,1.1314082128906244,0.983
P0120,2024-07-01,Beauty & Personal Care,Grooming,836.64,469.83,0.4384,7,1.08,1.15969341821289,1.442
P0120,2024-08-01,Beauty & Personal Care,Grooming,836.64,469.83,0.4384,8,1.0,1.188685753668212,1.024
P0120,2024-09-01,Beauty & Personal Care,Grooming,836.64,469.83,0.4384,9,1.0,1.2184028975099173,1.142
P0120,2024-10-01,Beauty & Personal Care,Grooming,836.64,469.83,0.4384,10,1.3,1.2488629699476652,1.478
P0120,2024-11-01,Beauty & Personal Care,Grooming,836.64,469.83,0.4384,11,1.42,1.2800845441963566,2.055
P0120,2024-12-01,Beauty & Personal Care,Grooming,836.64,469.83,0.4384,12,1.5,1.3120866578012655,2.178
P0120,2025-01-01,Beauty & Personal Care,Grooming,836.64,469.83,0.4384,1,0.88,1.344888824246297,1.113
P0120,2025-02-01,Beauty & Personal Care,Grooming,836.64,469.83,0.4384,2,0.9,1.3785110448524542,1.115
P0120,2025-03-01,Beauty & Personal Care,Grooming,836.64,469.83,0.4384,3,1.0,1.4129738209737657,1.601
P0120,2025-04-01,Beauty & Personal Care,Grooming,836.64,469.83,0.4384,4,1.0,1.4482981664981096,1.378
P0120,2025-05-01,Beauty & Personal Care,Grooming,836.64,469.83,0.4384,5,1.0,1.4845056206605622,1.217
P0120,2025-06-01,Beauty & Personal Care,Grooming,836.64,469.83,0.4384,6,1.1,1.521618261177076,1.952
P0120,2025-07-01,Beauty & Personal Care,Grooming,836.64,469.83,0.4384,7,1.08,1.5596587177065029,1.651
P0120,2025-08-01,Beauty & Personal Care,Grooming,836.64,469.83,0.4384,8,1.0,1.5986501856491653,1.481
P0120,2025-09-01,Beauty & Personal Care,Grooming,836.64,469.83,0.4384,9,1.0,1.6386164402903942,1.576
P0120,2025-10-01,Beauty & Personal Care,Grooming,836.64,469.83,0.4384,10,1.3,1.679581851297654,2.375
P0120,2025-11-01,Beauty & Personal Care,Grooming,836.64,469.83,0.4384,11,1.42,1.7215713975800953,2.418
P0120,2025-12-01,Beauty & Personal Care,Grooming,836.64,469.83,0.4384,12,1.5,1.7646106825195975,2.992
P0120,2026-01-01,Beauty & Personal Care,Grooming,836.64,469.83,0.4384,1,0.88,1.8087259495825871,1.709
P0120,2026-02-01,Beauty & Personal Care,Grooming,836.64,469.83,0.4384,2,0.9,1.8539440983221518,1.583
P0120,2026-03-01,Beauty & Personal Care,Grooming,836.64,469.83,0.4384,3,1.0,1.9002927007802053,1.991
P0120,2026-04-01,Beauty & Personal Care,Grooming,836.64,469.83,0.4384,4,1.0,1.9478000182997104,1.902
P0120,2026-05-01,Beauty & Personal Care,Grooming,836.64,469.83,0.4384,5,1.0,1.996495018757203,1.941
P0120,2026-06-01,Beauty & Personal Care,Grooming,836.64,469.83,0.4384,6,1.1,2.046407394226133,2.294
P0120,2026-07-01,Beauty & Personal Care,Grooming,836.64,469.83,0.4384,7,1.08,2.097567579081786,2.452
P0120,2026-08-01,Beauty & Personal Care,Grooming,836.64,469.83,0.4384,8,1.0,2.15000676855883,1.961
P0120,2026-09-01,Beauty & Personal Care,Grooming,836.64,469.83,0.4384,9,1.0,2.203756937772801,1.779
P0121,2024-01-01,Sports & Fitness,Fitness Gear,255.07,159.46,0.3748,1,0.88,1.0,1.012
P0121,2024-02-01,Sports & Fitness,Fitness Gear,255.07,159.46,0.3748,2,0.9,1.018,0.988
P0121,2024-03-01,Sports & Fitness,Fitness Gear,255.07,159.46,0.3748,3,1.0,1.036324,0.892
P0121,2024-04-01,Sports & Fitness,Fitness Gear,255.07,159.46,0.3748,4,1.0,1.054977832,0.929
P0121,2024-05-01,Sports & Fitness,Fitness Gear,255.07,159.46,0.3748,5,1.0,1.073967432976,1.229
P0121,2024-06-01,Sports & Fitness,Fitness Gear,255.07,159.46,0.3748,6,1.1,1.0932988467695681,1.092
P0121,2024-07-01,Sports & Fitness,Fitness Gear,255.07,159.46,0.3748,7,1.08,1.1129782260114203,1.467
P0121,2024-08-01,Sports & Fitness,Fitness Gear,255.07,159.46,0.3748,8,1.0,1.1330118340796258,1.696
P0121,2024-09-01,Sports & Fitness,Fitness Gear,255.07,159.46,0.3748,9,1.0,1.1534060470930592,1.054
P0121,2024-10-01,Sports & Fitness,Fitness Gear,255.07,159.46,0.3748,10,1.3,1.1741673559407342,1.359
P0121,2024-11-01,Sports & Fitness,Fitness Gear,255.07,159.46,0.3748,11,1.42,1.1953023683476676,1.685
P0121,2024-12-01,Sports & Fitness,Fitness Gear,255.07,159.46,0.3748,12,1.5,1.2168178109779255,1.596
P0121,2025-01-01,Sports & Fitness,Fitness Gear,255.07,159.46,0.3748,1,0.88,1.2387205315755283,1.327
P0121,2025-02-01,Sports & Fitness,Fitness Gear,255.07,159.46,0.3748,2,0.9,1.2610175011438878,1.292
P0121,2025-03-01,Sports & Fitness,Fitness Gear,255.07,159.46,0.3748,3,1.0,1.2837158161644777,1.407
P0121,2025-04-01,Sports & Fitness,Fitness Gear,255.07,159.46,0.3748,4,1.0,1.3068227008554383,1.041
P0121,2025-05-01,Sports & Fitness,Fitness Gear,255.07,159.46,0.3748,5,1.0,1.3303455094708363,1.504
P0121,2025-06-01,Sports & Fitness,Fitness Gear,255.07,159.46,0.3748,6,1.1,1.3542917286413114,1.579
P0121,2025-07-01,Sports & Fitness,Fitness Gear,255.07,159.46,0.3748,7,1.08,1.378668979756855,1.577
P0121,2025-08-01,Sports & Fitness,Fitness Gear,255.07,159.46,0.3748,8,1.0,1.4034850213924783,1.209
P0121,2025-09-01,Sports & Fitness,Fitness Gear,255.07,159.46,0.3748,9,1.0,1.428747751777543,1.576
P0121,2025-10-01,Sports & Fitness,Fitness Gear,255.07,159.46,0.3748,10,1.3,1.4544652113095389,2.017
P0121,2025-11-01,Sports & Fitness,Fitness Gear,255.07,159.46,0.3748,11,1.42,1.4806455851131106,1.845
P0121,2025-12-01,Sports & Fitness,Fitness Gear,255.07,159.46,0.3748,12,1.5,1.5072972056451466,2.556
P0121,2026-01-01,Sports & Fitness,Fitness Gear,255.07,159.46,0.3748,1,0.88,1.5344285553467591,1.285
P0121,2026-02-01,Sports & Fitness,Fitness Gear,255.07,159.46,0.3748,2,0.9,1.562048269343001,1.266
P0121,2026-03-01,Sports & Fitness,Fitness Gear,255.07,159.46,0.3748,3,1.0,1.590165138191175,1.825
P0121,2026-04-01,Sports & Fitness,Fitness Gear,255.07,159.46,0.3748,4,1.0,1.6187881106786162,1.956
P0121,2026-05-01,Sports & Fitness,Fitness Gear,255.07,159.46,0.3748,5,1.0,1.6479262966708312,1.715
P0121,2026-06-01,Sports & Fitness,Fitness Gear,255.07,159.46,0.3748,6,1.1,1.6775889700109063,1.884
P0121,2026-07-01,Sports & Fitness,Fitness Gear,255.07,159.46,0.3748,7,1.08,1.7077855714711025,2.034
P0121,2026-08-01,Sports & Fitness,Fitness Gear,255.07,159.46,0.3748,8,1.0,1.7385257117575825,1.486
P0121,2026-09-01,Sports & Fitness,Fitness Gear,255.07,159.46,0.3748,9,1.0,1.769819174569219,1.864
P0122,2024-01-01,Sports & Fitness,Fitness Gear,7441.65,4734.3,0.3638,1,0.88,1.0,0.811
P0122,2024-02-01,Sports & Fitness,Fitness Gear,7441.65,4734.3,0.3638,2,0.9,1.018,0.883
P0122,2024-03-01,Sports & Fitness,Fitness Gear,7441.65,4734.3,0.3638,3,1.0,1.036324,1.191
P0122,2024-04-01,Sports & Fitness,Fitness Gear,7441.65,4734.3,0.3638,4,1.0,1.054977832,1.023
P0122,2024-05-01,Sports & Fitness,Fitness Gear,7441.65,4734.3,0.3638,5,1.0,1.073967432976,1.292
P0122,2024-06-01,Sports & Fitness,Fitness Gear,7441.65,4734.3,0.3638,6,1.1,1.0932988467695681,1.117
P0122,2024-07-01,Sports & Fitness,Fitness Gear,7441.65,4734.3,0.3638,7,1.08,1.1129782260114203,1.145
P0122,2024-08-01,Sports & Fitness,Fitness Gear,7441.65,4734.3,0.3638,8,1.0,1.1330118340796258,1.252
P0122,2024-09-01,Sports & Fitness,Fitness Gear,7441.65,4734.3,0.3638,9,1.0,1.1534060470930592,1.255
P0122,2024-10-01,Sports & Fitness,Fitness Gear,7441.65,4734.3,0.3638,10,1.3,1.1741673559407342,1.959
P0122,2024-11-01,Sports & Fitness,Fitness Gear,7441.65,4734.3,0.3638,11,1.42,1.1953023683476676,1.52
P0122,2024-12-01,Sports & Fitness,Fitness Gear,7441.65,4734.3,0.3638,12,1.5,1.2168178109779255,1.751
P0122,2025-01-01,Sports & Fitness,Fitness Gear,7441.65,4734.3,0.3638,1,0.88,1.2387205315755283,1.118
P0122,2025-02-01,Sports & Fitness,Fitness Gear,7441.65,4734.3,0.3638,2,0.9,1.2610175011438878,0.975
P0122,2025-03-01,Sports & Fitness,Fitness Gear,7441.65,4734.3,0.3638,3,1.0,1.2837158161644777,1.173
P0122,2025-04-01,Sports & Fitness,Fitness Gear,7441.65,4734.3,0.3638,4,1.0,1.3068227008554383,1.216
P0122,2025-05-01,Sports & Fitness,Fitness Gear,7441.65,4734.3,0.3638,5,1.0,1.3303455094708363,1.483
P0122,2025-06-01,Sports & Fitness,Fitness Gear,7441.65,4734.3,0.3638,6,1.1,1.3542917286413114,1.387
P0122,2025-07-01,Sports & Fitness,Fitness Gear,7441.65,4734.3,0.3638,7,1.08,1.378668979756855,1.526
P0122,2025-08-01,Sports & Fitness,Fitness Gear,7441.65,4734.3,0.3638,8,1.0,1.4034850213924783,1.266
P0122,2025-09-01,Sports & Fitness,Fitness Gear,7441.65,4734.3,0.3638,9,1.0,1.428747751777543,1.309
P0122,2025-10-01,Sports & Fitness,Fitness Gear,7441.65,4734.3,0.3638,10,1.3,1.4544652113095389,2.394
P0122,2025-11-01,Sports & Fitness,Fitness Gear,7441.65,4734.3,0.3638,11,1.42,1.4806455851131106,1.943
P0122,2025-12-01,Sports & Fitness,Fitness Gear,7441.65,4734.3,0.3638,12,1.5,1.5072972056451466,2.521
P0122,2026-01-01,Sports & Fitness,Fitness Gear,7441.65,4734.3,0.3638,1,0.88,1.5344285553467591,1.157
P0122,2026-02-01,Sports & Fitness,Fitness Gear,7441.65,4734.3,0.3638,2,0.9,1.562048269343001,1.379
P0122,2026-03-01,Sports & Fitness,Fitness Gear,7441.65,4734.3,0.3638,3,1.0,1.590165138191175,1.911
P0122,2026-04-01,Sports & Fitness,Fitness Gear,7441.65,4734.3,0.3638,4,1.0,1.6187881106786162,1.727
P0122,2026-05-01,Sports & Fitness,Fitness Gear,7441.65,4734.3,0.3638,5,1.0,1.6479262966708312,1.374
P0122,2026-06-01,Sports & Fitness,Fitness Gear,7441.65,4734.3,0.3638,6,1.1,1.6775889700109063,1.512
P0122,2026-07-01,Sports & Fitness,Fitness Gear,7441.65,4734.3,0.3638,7,1.08,1.7077855714711025,1.501
P0122,2026-08-01,Sports & Fitness,Fitness Gear,7441.65,4734.3,0.3638,8,1.0,1.7385257117575825,1.475
P0122,2026-09-01,Sports & Fitness,Fitness Gear,7441.65,4734.3,0.3638,9,1.0,1.769819174569219,1.732
P0123,2024-01-01,Sports & Fitness,Fitness Gear,1373.39,865.03,0.3701,1,0.88,1.0,0.774
P0123,2024-02-01,Sports & Fitness,Fitness Gear,1373.39,865.03,0.3701,2,0.9,1.018,0.994
P0123,2024-03-01,Sports & Fitness,Fitness Gear,1373.39,865.03,0.3701,3,1.0,1.036324,1.055
P0123,2024-04-01,Sports & Fitness,Fitness Gear,1373.39,865.03,0.3701,4,1.0,1.054977832,1.023
P0123,2024-05-01,Sports & Fitness,Fitness Gear,1373.39,865.03,0.3701,5,1.0,1.073967432976,0.955
P0123,2024-06-01,Sports & Fitness,Fitness Gear,1373.39,865.03,0.3701,6,1.1,1.0932988467695681,1.041
P0123,2024-07-01,Sports & Fitness,Fitness Gear,1373.39,865.03,0.3701,7,1.08,1.1129782260114203,1.251
P0123,2024-08-01,Sports & Fitness,Fitness Gear,1373.39,865.03,0.3701,8,1.0,1.1330118340796258,1.45
P0123,2024-09-01,Sports & Fitness,Fitness Gear,1373.39,865.03,0.3701,9,1.0,1.1534060470930592,1.078
P0123,2024-10-01,Sports & Fitness,Fitness Gear,1373.39,865.03,0.3701,10,1.3,1.1741673559407342,1.802
P0123,2024-11-01,Sports & Fitness,Fitness Gear,1373.39,865.03,0.3701,11,1.42,1.1953023683476676,1.479
P0123,2024-12-01,Sports & Fitness,Fitness Gear,1373.39,865.03,0.3701,12,1.5,1.2168178109779255,1.797
P0123,2025-01-01,Sports & Fitness,Fitness Gear,1373.39,865.03,0.3701,1,0.88,1.2387205315755283,1.186
P0123,2025-02-01,Sports & Fitness,Fitness Gear,1373.39,865.03,0.3701,2,0.9,1.2610175011438878,1.009
P0123,2025-03-01,Sports & Fitness,Fitness Gear,1373.39,865.03,0.3701,3,1.0,1.2837158161644777,1.42
P0123,2025-04-01,Sports & Fitness,Fitness Gear,1373.39,865.03,0.3701,4,1.0,1.3068227008554383,1.119
P0123,2025-05-01,Sports & Fitness,Fitness Gear,1373.39,865.03,0.3701,5,1.0,1.3303455094708363,1.197
P0123,2025-06-01,Sports & Fitness,Fitness Gear,1373.39,865.03,0.3701,6,1.1,1.3542917286413114,1.454
P0123,2025-07-01,Sports & Fitness,Fitness Gear,1373.39,865.03,0.3701,7,1.08,1.378668979756855,1.567
P0123,2025-08-01,Sports & Fitness,Fitness Gear,1373.39,865.03,0.3701,8,1.0,1.4034850213924783,1.323
P0123,2025-09-01,Sports & Fitness,Fitness Gear,1373.39,865.03,0.3701,9,1.0,1.428747751777543,1.322
P0123,2025-10-01,Sports & Fitness,Fitness Gear,1373.39,865.03,0.3701,10,1.3,1.4544652113095389,2.074
P0123,2025-11-01,Sports & Fitness,Fitness Gear,1373.39,865.03,0.3701,11,1.42,1.4806455851131106,2.383
P0123,2025-12-01,Sports & Fitness,Fitness Gear,1373.39,865.03,0.3701,12,1.5,1.5072972056451466,1.715
P0123,2026-01-01,Sports & Fitness,Fitness Gear,1373.39,865.03,0.3701,1,0.88,1.5344285553467591,1.459
P0123,2026-02-01,Sports & Fitness,Fitness Gear,1373.39,865.03,0.3701,2,0.9,1.562048269343001,1.411
P0123,2026-03-01,Sports & Fitness,Fitness Gear,1373.39,865.03,0.3701,3,1.0,1.590165138191175,1.449
P0123,2026-04-01,Sports & Fitness,Fitness Gear,1373.39,865.03,0.3701,4,1.0,1.6187881106786162,2.006
P0123,2026-05-01,Sports & Fitness,Fitness Gear,1373.39,865.03,0.3701,5,1.0,1.6479262966708312,1.498
P0123,2026-06-01,Sports & Fitness,Fitness Gear,1373.39,865.03,0.3701,6,1.1,1.6775889700109063,1.68
P0123,2026-07-01,Sports & Fitness,Fitness Gear,1373.39,865.03,0.3701,7,1.08,1.7077855714711025,1.576
P0123,2026-08-01,Sports & Fitness,Fitness Gear,1373.39,865.03,0.3701,8,1.0,1.7385257117575825,2.016
P0123,2026-09-01,Sports & Fitness,Fitness Gear,1373.39,865.03,0.3701,9,1.0,1.769819174569219,1.881
P0124,2024-01-01,Sports & Fitness,Fitness Gear,965.36,605.76,0.3725,1,0.88,1.0,1.074
P0124,2024-02-01,Sports & Fitness,Fitness Gear,965.36,605.76,0.3725,2,0.9,1.018,0.849
P0124,2024-03-01,Sports & Fitness,Fitness Gear,965.36,605.76,0.3725,3,1.0,1.036324,1.482
P0124,2024-04-01,Sports & Fitness,Fitness Gear,965.36,605.76,0.3725,4,1.0,1.054977832,1.022
P0124,2024-05-01,Sports & Fitness,Fitness Gear,965.36,605.76,0.3725,5,1.0,1.073967432976,0.999
P0124,2024-06-01,Sports & Fitness,Fitness Gear,965.36,605.76,0.3725,6,1.1,1.0932988467695681,1.296
P0124,2024-07-01,Sports & Fitness,Fitness Gear,965.36,605.76,0.3725,7,1.08,1.1129782260114203,1.142
P0124,2024-08-01,Sports & Fitness,Fitness Gear,965.36,605.76,0.3725,8,1.0,1.1330118340796258,1.231
P0124,2024-09-01,Sports & Fitness,Fitness Gear,965.36,605.76,0.3725,9,1.0,1.1534060470930592,1.307
P0124,2024-10-01,Sports & Fitness,Fitness Gear,965.36,605.76,0.3725,10,1.3,1.1741673559407342,1.598
P0124,2024-11-01,Sports & Fitness,Fitness Gear,965.36,605.76,0.3725,11,1.42,1.1953023683476676,1.824
P0124,2024-12-01,Sports & Fitness,Fitness Gear,965.36,605.76,0.3725,12,1.5,1.2168178109779255,1.853
P0124,2025-01-01,Sports & Fitness,Fitness Gear,965.36,605.76,0.3725,1,0.88,1.2387205315755283,1.444
P0124,2025-02-01,Sports & Fitness,Fitness Gear,965.36,605.76,0.3725,2,0.9,1.2610175011438878,1.11
P0124,2025-03-01,Sports & Fitness,Fitness Gear,965.36,605.76,0.3725,3,1.0,1.2837158161644777,1.58
P0124,2025-04-01,Sports & Fitness,Fitness Gear,965.36,605.76,0.3725,4,1.0,1.3068227008554383,1.78
P0124,2025-05-01,Sports & Fitness,Fitness Gear,965.36,605.76,0.3725,5,1.0,1.3303455094708363,1.452
P0124,2025-06-01,Sports & Fitness,Fitness Gear,965.36,605.76,0.3725,6,1.1,1.3542917286413114,1.472
P0124,2025-07-01,Sports & Fitness,Fitness Gear,965.36,605.76,0.3725,7,1.08,1.378668979756855,1.283
P0124,2025-08-01,Sports & Fitness,Fitness Gear,965.36,605.76,0.3725,8,1.0,1.4034850213924783,1.444
P0124,2025-09-01,Sports & Fitness,Fitness Gear,965.36,605.76,0.3725,9,1.0,1.428747751777543,1.967
P0124,2025-10-01,Sports & Fitness,Fitness Gear,965.36,605.76,0.3725,10,1.3,1.4544652113095389,2.28
P0124,2025-11-01,Sports & Fitness,Fitness Gear,965.36,605.76,0.3725,11,1.42,1.4806455851131106,2.549
P0124,2025-12-01,Sports & Fitness,Fitness Gear,965.36,605.76,0.3725,12,1.5,1.5072972056451466,2.594
P0124,2026-01-01,Sports & Fitness,Fitness Gear,965.36,605.76,0.3725,1,0.88,1.5344285553467591,1.421
P0124,2026-02-01,Sports & Fitness,Fitness Gear,965.36,605.76,0.3725,2,0.9,1.562048269343001,1.663
P0124,2026-03-01,Sports & Fitness,Fitness Gear,965.36,605.76,0.3725,3,1.0,1.590165138191175,1.386
P0124,2026-04-01,Sports & Fitness,Fitness Gear,965.36,605.76,0.3725,4,1.0,1.6187881106786162,2.089
P0124,2026-05-01,Sports & Fitness,Fitness Gear,965.36,605.76,0.3725,5,1.0,1.6479262966708312,1.555
P0124,2026-06-01,Sports & Fitness,Fitness Gear,965.36,605.76,0.3725,6,1.1,1.6775889700109063,1.838
P0124,2026-07-01,Sports & Fitness,Fitness Gear,965.36,605.76,0.3725,7,1.08,1.7077855714711025,1.921
P0124,2026-08-01,Sports & Fitness,Fitness Gear,965.36,605.76,0.3725,8,1.0,1.7385257117575825,1.856
P0124,2026-09-01,Sports & Fitness,Fitness Gear,965.36,605.76,0.3725,9,1.0,1.769819174569219,1.673
P0125,2024-01-01,Sports & Fitness,Fitness Gear,639.32,400.85,0.373,1,0.88,1.0,0.707
P0125,2024-02-01,Sports & Fitness,Fitness Gear,639.32,400.85,0.373,2,0.9,1.018,0.822
P0125,2024-03-01,Sports & Fitness,Fitness Gear,639.32,400.85,0.373,3,1.0,1.036324,0.91
P0125,2024-04-01,Sports & Fitness,Fitness Gear,639.32,400.85,0.373,4,1.0,1.054977832,0.8
P0125,2024-05-01,Sports & Fitness,Fitness Gear,639.32,400.85,0.373,5,1.0,1.073967432976,1.012
P0125,2024-06-01,Sports & Fitness,Fitness Gear,639.32,400.85,0.373,6,1.1,1.0932988467695681,1.354
P0125,2024-07-01,Sports & Fitness,Fitness Gear,639.32,400.85,0.373,7,1.08,1.1129782260114203,0.958
P0125,2024-08-01,Sports & Fitness,Fitness Gear,639.32,400.85,0.373,8,1.0,1.1330118340796258,1.046
P0125,2024-09-01,Sports & Fitness,Fitness Gear,639.32,400.85,0.373,9,1.0,1.1534060470930592,1.235
P0125,2024-10-01,Sports & Fitness,Fitness Gear,639.32,400.85,0.373,10,1.3,1.1741673559407342,1.805
P0125,2024-11-01,Sports & Fitness,Fitness Gear,639.32,400.85,0.373,11,1.42,1.1953023683476676,1.579
P0125,2024-12-01,Sports & Fitness,Fitness Gear,639.32,400.85,0.373,12,1.5,1.2168178109779255,1.651
P0125,2025-01-01,Sports & Fitness,Fitness Gear,639.32,400.85,0.373,1,0.88,1.2387205315755283,1.001
P0125,2025-02-01,Sports & Fitness,Fitness Gear,639.32,400.85,0.373,2,0.9,1.2610175011438878,0.923
P0125,2025-03-01,Sports & Fitness,Fitness Gear,639.32,400.85,0.373,3,1.0,1.2837158161644777,1.131
P0125,2025-04-01,Sports & Fitness,Fitness Gear,639.32,400.85,0.373,4,1.0,1.3068227008554383,1.104
P0125,2025-05-01,Sports & Fitness,Fitness Gear,639.32,400.85,0.373,5,1.0,1.3303455094708363,1.162
P0125,2025-06-01,Sports & Fitness,Fitness Gear,639.32,400.85,0.373,6,1.1,1.3542917286413114,1.256
P0125,2025-07-01,Sports & Fitness,Fitness Gear,639.32,400.85,0.373,7,1.08,1.378668979756855,1.503
P0125,2025-08-01,Sports & Fitness,Fitness Gear,639.32,400.85,0.373,8,1.0,1.4034850213924783,1.457
P0125,2025-09-01,Sports & Fitness,Fitness Gear,639.32,400.85,0.373,9,1.0,1.428747751777543,1.332
P0125,2025-10-01,Sports & Fitness,Fitness Gear,639.32,400.85,0.373,10,1.3,1.4544652113095389,2.118
P0125,2025-11-01,Sports & Fitness,Fitness Gear,639.32,400.85,0.373,11,1.42,1.4806455851131106,2.597
P0125,2025-12-01,Sports & Fitness,Fitness Gear,639.32,400.85,0.373,12,1.5,1.5072972056451466,2.636
P0125,2026-01-01,Sports & Fitness,Fitness Gear,639.32,400.85,0.373,1,0.88,1.5344285553467591,0.865
P0125,2026-02-01,Sports & Fitness,Fitness Gear,639.32,400.85,0.373,2,0.9,1.562048269343001,1.551
P0125,2026-03-01,Sports & Fitness,Fitness Gear,639.32,400.85,0.373,3,1.0,1.590165138191175,1.503
P0125,2026-04-01,Sports & Fitness,Fitness Gear,639.32,400.85,0.373,4,1.0,1.6187881106786162,1.42
P0125,2026-05-01,Sports & Fitness,Fitness Gear,639.32,400.85,0.373,5,1.0,1.6479262966708312,1.634
P0125,2026-06-01,Sports & Fitness,Fitness Gear,639.32,400.85,0.373,6,1.1,1.6775889700109063,1.945
P0125,2026-07-01,Sports & Fitness,Fitness Gear,639.32,400.85,0.373,7,1.08,1.7077855714711025,1.718
P0125,2026-08-01,Sports & Fitness,Fitness Gear,639.32,400.85,0.373,8,1.0,1.7385257117575825,1.687
P0125,2026-09-01,Sports & Fitness,Fitness Gear,639.32,400.85,0.373,9,1.0,1.769819174569219,1.538
P0126,2024-01-01,Sports & Fitness,Fitness Gear,276.32,180.99,0.345,1,0.88,1.0,0.821
P0126,2024-02-01,Sports & Fitness,Fitness Gear,276.32,180.99,0.345,2,0.9,1.018,0.717
P0126,2024-03-01,Sports & Fitness,Fitness Gear,276.32,180.99,0.345,3,1.0,1.036324,0.918
P0126,2024-04-01,Sports & Fitness,Fitness Gear,276.32,180.99,0.345,4,1.0,1.054977832,1.106
P0126,2024-05-01,Sports & Fitness,Fitness Gear,276.32,180.99,0.345,5,1.0,1.073967432976,0.989
P0126,2024-06-01,Sports & Fitness,Fitness Gear,276.32,180.99,0.345,6,1.1,1.0932988467695681,0.907
P0126,2024-07-01,Sports & Fitness,Fitness Gear,276.32,180.99,0.345,7,1.08,1.1129782260114203,1.575
P0126,2024-08-01,Sports & Fitness,Fitness Gear,276.32,180.99,0.345,8,1.0,1.1330118340796258,1.116
P0126,2024-09-01,Sports & Fitness,Fitness Gear,276.32,180.99,0.345,9,1.0,1.1534060470930592,1.065
P0126,2024-10-01,Sports & Fitness,Fitness Gear,276.32,180.99,0.345,10,1.3,1.1741673559407342,1.606
P0126,2024-11-01,Sports & Fitness,Fitness Gear,276.32,180.99,0.345,11,1.42,1.1953023683476676,1.587
P0126,2024-12-01,Sports & Fitness,Fitness Gear,276.32,180.99,0.345,12,1.5,1.2168178109779255,1.829
P0126,2025-01-01,Sports & Fitness,Fitness Gear,276.32,180.99,0.345,1,0.88,1.2387205315755283,0.995
P0126,2025-02-01,Sports & Fitness,Fitness Gear,276.32,180.99,0.345,2,0.9,1.2610175011438878,1.177
P0126,2025-03-01,Sports & Fitness,Fitness Gear,276.32,180.99,0.345,3,1.0,1.2837158161644777,1.23
P0126,2025-04-01,Sports & Fitness,Fitness Gear,276.32,180.99,0.345,4,1.0,1.3068227008554383,1.396
P0126,2025-05-01,Sports & Fitness,Fitness Gear,276.32,180.99,0.345,5,1.0,1.3303455094708363,1.535
P0126,2025-06-01,Sports & Fitness,Fitness Gear,276.32,180.99,0.345,6,1.1,1.3542917286413114,1.575
P0126,2025-07-01,Sports & Fitness,Fitness Gear,276.32,180.99,0.345,7,1.08,1.378668979756855,1.506
P0126,2025-08-01,Sports & Fitness,Fitness Gear,276.32,180.99,0.345,8,1.0,1.4034850213924783,1.26
P0126,2025-09-01,Sports & Fitness,Fitness Gear,276.32,180.99,0.345,9,1.0,1.428747751777543,1.42
P0126,2025-10-01,Sports & Fitness,Fitness Gear,276.32,180.99,0.345,10,1.3,1.4544652113095389,1.859
P0126,2025-11-01,Sports & Fitness,Fitness Gear,276.32,180.99,0.345,11,1.42,1.4806455851131106,2.043
P0126,2025-12-01,Sports & Fitness,Fitness Gear,276.32,180.99,0.345,12,1.5,1.5072972056451466,2.054
P0126,2026-01-01,Sports & Fitness,Fitness Gear,276.32,180.99,0.345,1,0.88,1.5344285553467591,1.337
P0126,2026-02-01,Sports & Fitness,Fitness Gear,276.32,180.99,0.345,2,0.9,1.562048269343001,1.296
P0126,2026-03-01,Sports & Fitness,Fitness Gear,276.32,180.99,0.345,3,1.0,1.590165138191175,1.512
P0126,2026-04-01,Sports & Fitness,Fitness Gear,276.32,180.99,0.345,4,1.0,1.6187881106786162,1.725
P0126,2026-05-01,Sports & Fitness,Fitness Gear,276.32,180.99,0.345,5,1.0,1.6479262966708312,1.244
P0126,2026-06-01,Sports & Fitness,Fitness Gear,276.32,180.99,0.345,6,1.1,1.6775889700109063,2.181
P0126,2026-07-01,Sports & Fitness,Fitness Gear,276.32,180.99,0.345,7,1.08,1.7077855714711025,1.53
P0126,2026-08-01,Sports & Fitness,Fitness Gear,276.32,180.99,0.345,8,1.0,1.7385257117575825,2.124
P0126,2026-09-01,Sports & Fitness,Fitness Gear,276.32,180.99,0.345,9,1.0,1.769819174569219,2.065
P0127,2024-01-01,Sports & Fitness,Fitness Gear,1775.2,1383.42,0.2207,1,0.88,1.0,1.003
P0127,2024-02-01,Sports & Fitness,Fitness Gear,1775.2,1383.42,0.2207,2,0.9,1.018,0.905
P0127,2024-03-01,Sports & Fitness,Fitness Gear,1775.2,1383.42,0.2207,3,1.0,1.036324,1.158
P0127,2024-04-01,Sports & Fitness,Fitness Gear,1775.2,1383.42,0.2207,4,1.0,1.054977832,0.992
P0127,2024-05-01,Sports & Fitness,Fitness Gear,1775.2,1383.42,0.2207,5,1.0,1.073967432976,1.058
P0127,2024-06-01,Sports & Fitness,Fitness Gear,1775.2,1383.42,0.2207,6,1.1,1.0932988467695681,1.328
P0127,2024-07-01,Sports & Fitness,Fitness Gear,1775.2,1383.42,0.2207,7,1.08,1.1129782260114203,1.182
P0127,2024-08-01,Sports & Fitness,Fitness Gear,1775.2,1383.42,0.2207,8,1.0,1.1330118340796258,1.094
P0127,2024-09-01,Sports & Fitness,Fitness Gear,1775.2,1383.42,0.2207,9,1.0,1.1534060470930592,1.269
P0127,2024-10-01,Sports & Fitness,Fitness Gear,1775.2,1383.42,0.2207,10,1.3,1.1741673559407342,1.459
P0127,2024-11-01,Sports & Fitness,Fitness Gear,1775.2,1383.42,0.2207,11,1.42,1.1953023683476676,1.692
P0127,2024-12-01,Sports & Fitness,Fitness Gear,1775.2,1383.42,0.2207,12,1.5,1.2168178109779255,1.685
P0127,2025-01-01,Sports & Fitness,Fitness Gear,1775.2,1383.42,0.2207,1,0.88,1.2387205315755283,1.008
P0127,2025-02-01,Sports & Fitness,Fitness Gear,1775.2,1383.42,0.2207,2,0.9,1.2610175011438878,1.303
P0127,2025-03-01,Sports & Fitness,Fitness Gear,1775.2,1383.42,0.2207,3,1.0,1.2837158161644777,1.086
P0127,2025-04-01,Sports & Fitness,Fitness Gear,1775.2,1383.42,0.2207,4,1.0,1.3068227008554383,1.12
P0127,2025-05-01,Sports & Fitness,Fitness Gear,1775.2,1383.42,0.2207,5,1.0,1.3303455094708363,1.514
P0127,2025-06-01,Sports & Fitness,Fitness Gear,1775.2,1383.42,0.2207,6,1.1,1.3542917286413114,1.449
P0127,2025-07-01,Sports & Fitness,Fitness Gear,1775.2,1383.42,0.2207,7,1.08,1.378668979756855,1.28
P0127,2025-08-01,Sports & Fitness,Fitness Gear,1775.2,1383.42,0.2207,8,1.0,1.4034850213924783,1.355
P0127,2025-09-01,Sports & Fitness,Fitness Gear,1775.2,1383.42,0.2207,9,1.0,1.428747751777543,1.404
P0127,2025-10-01,Sports & Fitness,Fitness Gear,1775.2,1383.42,0.2207,10,1.3,1.4544652113095389,2.233
P0127,2025-11-01,Sports & Fitness,Fitness Gear,1775.2,1383.42,0.2207,11,1.42,1.4806455851131106,2.123
P0127,2025-12-01,Sports & Fitness,Fitness Gear,1775.2,1383.42,0.2207,12,1.5,1.5072972056451466,1.68
P0127,2026-01-01,Sports & Fitness,Fitness Gear,1775.2,1383.42,0.2207,1,0.88,1.5344285553467591,1.614
P0127,2026-02-01,Sports & Fitness,Fitness Gear,1775.2,1383.42,0.2207,2,0.9,1.562048269343001,1.305
P0127,2026-03-01,Sports & Fitness,Fitness Gear,1775.2,1383.42,0.2207,3,1.0,1.590165138191175,1.647
P0127,2026-04-01,Sports & Fitness,Fitness Gear,1775.2,1383.42,0.2207,4,1.0,1.6187881106786162,1.338
P0127,2026-05-01,Sports & Fitness,Fitness Gear,1775.2,1383.42,0.2207,5,1.0,1.6479262966708312,1.569
P0127,2026-06-01,Sports & Fitness,Fitness Gear,1775.2,1383.42,0.2207,6,1.1,1.6775889700109063,1.688
P0127,2026-07-01,Sports & Fitness,Fitness Gear,1775.2,1383.42,0.2207,7,1.08,1.7077855714711025,2.097
P0127,2026-08-01,Sports & Fitness,Fitness Gear,1775.2,1383.42,0.2207,8,1.0,1.7385257117575825,1.617
P0127,2026-09-01,Sports & Fitness,Fitness Gear,1775.2,1383.42,0.2207,9,1.0,1.769819174569219,1.534
P0128,2024-01-01,Sports & Fitness,Fitness Gear,4536.24,2134.98,0.5294,1,0.88,1.0,0.848
P0128,2024-02-01,Sports & Fitness,Fitness Gear,4536.24,2134.98,0.5294,2,0.9,1.018,1.05
P0128,2024-03-01,Sports & Fitness,Fitness Gear,4536.24,2134.98,0.5294,3,1.0,1.036324,0.867
P0128,2024-04-01,Sports & Fitness,Fitness Gear,4536.24,2134.98,0.5294,4,1.0,1.054977832,1.253
P0128,2024-05-01,Sports & Fitness,Fitness Gear,4536.24,2134.98,0.5294,5,1.0,1.073967432976,1.072
P0128,2024-06-01,Sports & Fitness,Fitness Gear,4536.24,2134.98,0.5294,6,1.1,1.0932988467695681,1.308
P0128,2024-07-01,Sports & Fitness,Fitness Gear,4536.24,2134.98,0.5294,7,1.08,1.1129782260114203,1.29
P0128,2024-08-01,Sports & Fitness,Fitness Gear,4536.24,2134.98,0.5294,8,1.0,1.1330118340796258,1.071
P0128,2024-09-01,Sports & Fitness,Fitness Gear,4536.24,2134.98,0.5294,9,1.0,1.1534060470930592,0.949
P0128,2024-10-01,Sports & Fitness,Fitness Gear,4536.24,2134.98,0.5294,10,1.3,1.1741673559407342,1.476
P0128,2024-11-01,Sports & Fitness,Fitness Gear,4536.24,2134.98,0.5294,11,1.42,1.1953023683476676,1.39
P0128,2024-12-01,Sports & Fitness,Fitness Gear,4536.24,2134.98,0.5294,12,1.5,1.2168178109779255,1.904
P0128,2025-01-01,Sports & Fitness,Fitness Gear,4536.24,2134.98,0.5294,1,0.88,1.2387205315755283,1.015
P0128,2025-02-01,Sports & Fitness,Fitness Gear,4536.24,2134.98,0.5294,2,0.9,1.2610175011438878,1.137
P0128,2025-03-01,Sports & Fitness,Fitness Gear,4536.24,2134.98,0.5294,3,1.0,1.2837158161644777,1.213
P0128,2025-04-01,Sports & Fitness,Fitness Gear,4536.24,2134.98,0.5294,4,1.0,1.3068227008554383,1.212
P0128,2025-05-01,Sports & Fitness,Fitness Gear,4536.24,2134.98,0.5294,5,1.0,1.3303455094708363,1.323
P0128,2025-06-01,Sports & Fitness,Fitness Gear,4536.24,2134.98,0.5294,6,1.1,1.3542917286413114,1.575
P0128,2025-07-01,Sports & Fitness,Fitness Gear,4536.24,2134.98,0.5294,7,1.08,1.378668979756855,1.676
P0128,2025-08-01,Sports & Fitness,Fitness Gear,4536.24,2134.98,0.5294,8,1.0,1.4034850213924783,1.527
P0128,2025-09-01,Sports & Fitness,Fitness Gear,4536.24,2134.98,0.5294,9,1.0,1.428747751777543,1.138
P0128,2025-10-01,Sports & Fitness,Fitness Gear,4536.24,2134.98,0.5294,10,1.3,1.4544652113095389,1.854
P0128,2025-11-01,Sports & Fitness,Fitness Gear,4536.24,2134.98,0.5294,11,1.42,1.4806455851131106,2.055
P0128,2025-12-01,Sports & Fitness,Fitness Gear,4536.24,2134.98,0.5294,12,1.5,1.5072972056451466,2.253
P0128,2026-01-01,Sports & Fitness,Fitness Gear,4536.24,2134.98,0.5294,1,0.88,1.5344285553467591,1.429
P0128,2026-02-01,Sports & Fitness,Fitness Gear,4536.24,2134.98,0.5294,2,0.9,1.562048269343001,1.358
P0128,2026-03-01,Sports & Fitness,Fitness Gear,4536.24,2134.98,0.5294,3,1.0,1.590165138191175,1.631
P0128,2026-04-01,Sports & Fitness,Fitness Gear,4536.24,2134.98,0.5294,4,1.0,1.6187881106786162,1.39
P0128,2026-05-01,Sports & Fitness,Fitness Gear,4536.24,2134.98,0.5294,5,1.0,1.6479262966708312,1.667
P0128,2026-06-01,Sports & Fitness,Fitness Gear,4536.24,2134.98,0.5294,6,1.1,1.6775889700109063,1.772
P0128,2026-07-01,Sports & Fitness,Fitness Gear,4536.24,2134.98,0.5294,7,1.08,1.7077855714711025,1.727
P0128,2026-08-01,Sports & Fitness,Fitness Gear,4536.24,2134.98,0.5294,8,1.0,1.7385257117575825,2.213
P0128,2026-09-01,Sports & Fitness,Fitness Gear,4536.24,2134.98,0.5294,9,1.0,1.769819174569219,1.748
P0129,2024-01-01,Sports & Fitness,Fitness Gear,1507.24,646.3,0.5712,1,0.88,1.0,0.833
P0129,2024-02-01,Sports & Fitness,Fitness Gear,1507.24,646.3,0.5712,2,0.9,1.018,0.959
P0129,2024-03-01,Sports & Fitness,Fitness Gear,1507.24,646.3,0.5712,3,1.0,1.036324,1.151
P0129,2024-04-01,Sports & Fitness,Fitness Gear,1507.24,646.3,0.5712,4,1.0,1.054977832,1.15
P0129,2024-05-01,Sports & Fitness,Fitness Gear,1507.24,646.3,0.5712,5,1.0,1.073967432976,0.831
P0129,2024-06-01,Sports & Fitness,Fitness Gear,1507.24,646.3,0.5712,6,1.1,1.0932988467695681,1.414
P0129,2024-07-01,Sports & Fitness,Fitness Gear,1507.24,646.3,0.5712,7,1.08,1.1129782260114203,1.06
P0129,2024-08-01,Sports & Fitness,Fitness Gear,1507.24,646.3,0.5712,8,1.0,1.1330118340796258,1.312
P0129,2024-09-01,Sports & Fitness,Fitness Gear,1507.24,646.3,0.5712,9,1.0,1.1534060470930592,1.033
P0129,2024-10-01,Sports & Fitness,Fitness Gear,1507.24,646.3,0.5712,10,1.3,1.1741673559407342,1.525
P0129,2024-11-01,Sports & Fitness,Fitness Gear,1507.24,646.3,0.5712,11,1.42,1.1953023683476676,1.586
P0129,2024-12-01,Sports & Fitness,Fitness Gear,1507.24,646.3,0.5712,12,1.5,1.2168178109779255,1.876
P0129,2025-01-01,Sports & Fitness,Fitness Gear,1507.24,646.3,0.5712,1,0.88,1.2387205315755283,1.088
P0129,2025-02-01,Sports & Fitness,Fitness Gear,1507.24,646.3,0.5712,2,0.9,1.2610175011438878,1.062
P0129,2025-03-01,Sports & Fitness,Fitness Gear,1507.24,646.3,0.5712,3,1.0,1.2837158161644777,1.399
P0129,2025-04-01,Sports & Fitness,Fitness Gear,1507.24,646.3,0.5712,4,1.0,1.3068227008554383,1.317
P0129,2025-05-01,Sports & Fitness,Fitness Gear,1507.24,646.3,0.5712,5,1.0,1.3303455094708363,1.266
P0129,2025-06-01,Sports & Fitness,Fitness Gear,1507.24,646.3,0.5712,6,1.1,1.3542917286413114,1.528
P0129,2025-07-01,Sports & Fitness,Fitness Gear,1507.24,646.3,0.5712,7,1.08,1.378668979756855,1.418
P0129,2025-08-01,Sports & Fitness,Fitness Gear,1507.24,646.3,0.5712,8,1.0,1.4034850213924783,1.424
P0129,2025-09-01,Sports & Fitness,Fitness Gear,1507.24,646.3,0.5712,9,1.0,1.428747751777543,1.522
P0129,2025-10-01,Sports & Fitness,Fitness Gear,1507.24,646.3,0.5712,10,1.3,1.4544652113095389,1.579
P0129,2025-11-01,Sports & Fitness,Fitness Gear,1507.24,646.3,0.5712,11,1.42,1.4806455851131106,1.993
P0129,2025-12-01,Sports & Fitness,Fitness Gear,1507.24,646.3,0.5712,12,1.5,1.5072972056451466,2.117
P0129,2026-01-01,Sports & Fitness,Fitness Gear,1507.24,646.3,0.5712,1,0.88,1.5344285553467591,1.448
P0129,2026-02-01,Sports & Fitness,Fitness Gear,1507.24,646.3,0.5712,2,0.9,1.562048269343001,1.326
P0129,2026-03-01,Sports & Fitness,Fitness Gear,1507.24,646.3,0.5712,3,1.0,1.590165138191175,1.642
P0129,2026-04-01,Sports & Fitness,Fitness Gear,1507.24,646.3,0.5712,4,1.0,1.6187881106786162,1.465
P0129,2026-05-01,Sports & Fitness,Fitness Gear,1507.24,646.3,0.5712,5,1.0,1.6479262966708312,1.595
P0129,2026-06-01,Sports & Fitness,Fitness Gear,1507.24,646.3,0.5712,6,1.1,1.6775889700109063,1.642
P0129,2026-07-01,Sports & Fitness,Fitness Gear,1507.24,646.3,0.5712,7,1.08,1.7077855714711025,1.468
P0129,2026-08-01,Sports & Fitness,Fitness Gear,1507.24,646.3,0.5712,8,1.0,1.7385257117575825,1.782
P0129,2026-09-01,Sports & Fitness,Fitness Gear,1507.24,646.3,0.5712,9,1.0,1.769819174569219,2.0
P0130,2024-01-01,Sports & Fitness,Fitness Gear,6885.48,5473.82,0.205,1,0.88,1.0,0.839
P0130,2024-02-01,Sports & Fitness,Fitness Gear,6885.48,5473.82,0.205,2,0.9,1.018,1.087
P0130,2024-03-01,Sports & Fitness,Fitness Gear,6885.48,5473.82,0.205,3,1.0,1.036324,0.903
P0130,2024-04-01,Sports & Fitness,Fitness Gear,6885.48,5473.82,0.205,4,1.0,1.054977832,1.119
P0130,2024-05-01,Sports & Fitness,Fitness Gear,6885.48,5473.82,0.205,5,1.0,1.073967432976,1.01
P0130,2024-06-01,Sports & Fitness,Fitness Gear,6885.48,5473.82,0.205,6,1.1,1.0932988467695681,1.157
P0130,2024-07-01,Sports & Fitness,Fitness Gear,6885.48,5473.82,0.205,7,1.08,1.1129782260114203,1.223
P0130,2024-08-01,Sports & Fitness,Fitness Gear,6885.48,5473.82,0.205,8,1.0,1.1330118340796258,1.036
P0130,2024-09-01,Sports & Fitness,Fitness Gear,6885.48,5473.82,0.205,9,1.0,1.1534060470930592,1.204
P0130,2024-10-01,Sports & Fitness,Fitness Gear,6885.48,5473.82,0.205,10,1.3,1.1741673559407342,1.283
P0130,2024-11-01,Sports & Fitness,Fitness Gear,6885.48,5473.82,0.205,11,1.42,1.1953023683476676,1.804
P0130,2024-12-01,Sports & Fitness,Fitness Gear,6885.48,5473.82,0.205,12,1.5,1.2168178109779255,2.128
P0130,2025-01-01,Sports & Fitness,Fitness Gear,6885.48,5473.82,0.205,1,0.88,1.2387205315755283,1.064
P0130,2025-02-01,Sports & Fitness,Fitness Gear,6885.48,5473.82,0.205,2,0.9,1.2610175011438878,1.097
P0130,2025-03-01,Sports & Fitness,Fitness Gear,6885.48,5473.82,0.205,3,1.0,1.2837158161644777,1.211
P0130,2025-04-01,Sports & Fitness,Fitness Gear,6885.48,5473.82,0.205,4,1.0,1.3068227008554383,1.316
P0130,2025-05-01,Sports & Fitness,Fitness Gear,6885.48,5473.82,0.205,5,1.0,1.3303455094708363,1.29
P0130,2025-06-01,Sports & Fitness,Fitness Gear,6885.48,5473.82,0.205,6,1.1,1.3542917286413114,1.382
P0130,2025-07-01,Sports & Fitness,Fitness Gear,6885.48,5473.82,0.205,7,1.08,1.378668979756855,1.391
P0130,2025-08-01,Sports & Fitness,Fitness Gear,6885.48,5473.82,0.205,8,1.0,1.4034850213924783,1.298
P0130,2025-09-01,Sports & Fitness,Fitness Gear,6885.48,5473.82,0.205,9,1.0,1.428747751777543,1.352
P0130,2025-10-01,Sports & Fitness,Fitness Gear,6885.48,5473.82,0.205,10,1.3,1.4544652113095389,2.294
P0130,2025-11-01,Sports & Fitness,Fitness Gear,6885.48,5473.82,0.205,11,1.42,1.4806455851131106,2.102
P0130,2025-12-01,Sports & Fitness,Fitness Gear,6885.48,5473.82,0.205,12,1.5,1.5072972056451466,1.857
P0130,2026-01-01,Sports & Fitness,Fitness Gear,6885.48,5473.82,0.205,1,0.88,1.5344285553467591,1.063
P0130,2026-02-01,Sports & Fitness,Fitness Gear,6885.48,5473.82,0.205,2,0.9,1.562048269343001,1.706
P0130,2026-03-01,Sports & Fitness,Fitness Gear,6885.48,5473.82,0.205,3,1.0,1.590165138191175,1.56
P0130,2026-04-01,Sports & Fitness,Fitness Gear,6885.48,5473.82,0.205,4,1.0,1.6187881106786162,1.705
P0130,2026-05-01,Sports & Fitness,Fitness Gear,6885.48,5473.82,0.205,5,1.0,1.6479262966708312,1.625
P0130,2026-06-01,Sports & Fitness,Fitness Gear,6885.48,5473.82,0.205,6,1.1,1.6775889700109063,2.041
P0130,2026-07-01,Sports & Fitness,Fitness Gear,6885.48,5473.82,0.205,7,1.08,1.7077855714711025,1.728
P0130,2026-08-01,Sports & Fitness,Fitness Gear,6885.48,5473.82,0.205,8,1.0,1.7385257117575825,1.24
P0130,2026-09-01,Sports & Fitness,Fitness Gear,6885.48,5473.82,0.205,9,1.0,1.769819174569219,1.607
P0131,2024-01-01,Sports & Fitness,Outdoor,429.75,310.33,0.2779,1,0.88,1.0,0.867
P0131,2024-02-01,Sports & Fitness,Outdoor,429.75,310.33,0.2779,2,0.9,1.018,0.849
P0131,2024-03-01,Sports & Fitness,Outdoor,429.75,310.33,0.2779,3,1.0,1.036324,1.115
P0131,2024-04-01,Sports & Fitness,Outdoor,429.75,310.33,0.2779,4,1.0,1.054977832,1.081
P0131,2024-05-01,Sports & Fitness,Outdoor,429.75,310.33,0.2779,5,1.0,1.073967432976,1.006
P0131,2024-06-01,Sports & Fitness,Outdoor,429.75,310.33,0.2779,6,1.1,1.0932988467695681,1.239
P0131,2024-07-01,Sports & Fitness,Outdoor,429.75,310.33,0.2779,7,1.08,1.1129782260114203,1.2
P0131,2024-08-01,Sports & Fitness,Outdoor,429.75,310.33,0.2779,8,1.0,1.1330118340796258,1.192
P0131,2024-09-01,Sports & Fitness,Outdoor,429.75,310.33,0.2779,9,1.0,1.1534060470930592,1.158
P0131,2024-10-01,Sports & Fitness,Outdoor,429.75,310.33,0.2779,10,1.3,1.1741673559407342,1.174
P0131,2024-11-01,Sports & Fitness,Outdoor,429.75,310.33,0.2779,11,1.42,1.1953023683476676,1.749
P0131,2024-12-01,Sports & Fitness,Outdoor,429.75,310.33,0.2779,12,1.5,1.2168178109779255,1.731
P0131,2025-01-01,Sports & Fitness,Outdoor,429.75,310.33,0.2779,1,0.88,1.2387205315755283,1.023
P0131,2025-02-01,Sports & Fitness,Outdoor,429.75,310.33,0.2779,2,0.9,1.2610175011438878,1.203
P0131,2025-03-01,Sports & Fitness,Outdoor,429.75,310.33,0.2779,3,1.0,1.2837158161644777,1.35
P0131,2025-04-01,Sports & Fitness,Outdoor,429.75,310.33,0.2779,4,1.0,1.3068227008554383,1.269
P0131,2025-05-01,Sports & Fitness,Outdoor,429.75,310.33,0.2779,5,1.0,1.3303455094708363,1.281
P0131,2025-06-01,Sports & Fitness,Outdoor,429.75,310.33,0.2779,6,1.1,1.3542917286413114,1.56
P0131,2025-07-01,Sports & Fitness,Outdoor,429.75,310.33,0.2779,7,1.08,1.378668979756855,1.558
P0131,2025-08-01,Sports & Fitness,Outdoor,429.75,310.33,0.2779,8,1.0,1.4034850213924783,1.283
P0131,2025-09-01,Sports & Fitness,Outdoor,429.75,310.33,0.2779,9,1.0,1.428747751777543,1.256
P0131,2025-10-01,Sports & Fitness,Outdoor,429.75,310.33,0.2779,10,1.3,1.4544652113095389,2.125
P0131,2025-11-01,Sports & Fitness,Outdoor,429.75,310.33,0.2779,11,1.42,1.4806455851131106,2.105
P0131,2025-12-01,Sports & Fitness,Outdoor,429.75,310.33,0.2779,12,1.5,1.5072972056451466,2.339
P0131,2026-01-01,Sports & Fitness,Outdoor,429.75,310.33,0.2779,1,0.88,1.5344285553467591,1.558
P0131,2026-02-01,Sports & Fitness,Outdoor,429.75,310.33,0.2779,2,0.9,1.562048269343001,1.369
P0131,2026-03-01,Sports & Fitness,Outdoor,429.75,310.33,0.2779,3,1.0,1.590165138191175,1.372
P0131,2026-04-01,Sports & Fitness,Outdoor,429.75,310.33,0.2779,4,1.0,1.6187881106786162,1.663
P0131,2026-05-01,Sports & Fitness,Outdoor,429.75,310.33,0.2779,5,1.0,1.6479262966708312,1.661
P0131,2026-06-01,Sports & Fitness,Outdoor,429.75,310.33,0.2779,6,1.1,1.6775889700109063,1.615
P0131,2026-07-01,Sports & Fitness,Outdoor,429.75,310.33,0.2779,7,1.08,1.7077855714711025,1.917
P0131,2026-08-01,Sports & Fitness,Outdoor,429.75,310.33,0.2779,8,1.0,1.7385257117575825,1.828
P0131,2026-09-01,Sports & Fitness,Outdoor,429.75,310.33,0.2779,9,1.0,1.769819174569219,1.823
P0132,2024-01-01,Sports & Fitness,Outdoor,305.39,249.05,0.1845,1,0.88,1.0,1.024
P0132,2024-02-01,Sports & Fitness,Outdoor,305.39,249.05,0.1845,2,0.9,1.018,0.894
P0132,2024-03-01,Sports & Fitness,Outdoor,305.39,249.05,0.1845,3,1.0,1.036324,1.377
P0132,2024-04-01,Sports & Fitness,Outdoor,305.39,249.05,0.1845,4,1.0,1.054977832,0.957
P0132,2024-05-01,Sports & Fitness,Outdoor,305.39,249.05,0.1845,5,1.0,1.073967432976,1.029
P0132,2024-06-01,Sports & Fitness,Outdoor,305.39,249.05,0.1845,6,1.1,1.0932988467695681,1.472
P0132,2024-07-01,Sports & Fitness,Outdoor,305.39,249.05,0.1845,7,1.08,1.1129782260114203,0.894
P0132,2024-08-01,Sports & Fitness,Outdoor,305.39,249.05,0.1845,8,1.0,1.1330118340796258,1.327
P0132,2024-09-01,Sports & Fitness,Outdoor,305.39,249.05,0.1845,9,1.0,1.1534060470930592,0.866
P0132,2024-10-01,Sports & Fitness,Outdoor,305.39,249.05,0.1845,10,1.3,1.1741673559407342,1.258
P0132,2024-11-01,Sports & Fitness,Outdoor,305.39,249.05,0.1845,11,1.42,1.1953023683476676,1.882
P0132,2024-12-01,Sports & Fitness,Outdoor,305.39,249.05,0.1845,12,1.5,1.2168178109779255,1.652
P0132,2025-01-01,Sports & Fitness,Outdoor,305.39,249.05,0.1845,1,0.88,1.2387205315755283,1.067
P0132,2025-02-01,Sports & Fitness,Outdoor,305.39,249.05,0.1845,2,0.9,1.2610175011438878,1.169
P0132,2025-03-01,Sports & Fitness,Outdoor,305.39,249.05,0.1845,3,1.0,1.2837158161644777,1.179
P0132,2025-04-01,Sports & Fitness,Outdoor,305.39,249.05,0.1845,4,1.0,1.3068227008554383,1.429
P0132,2025-05-01,Sports & Fitness,Outdoor,305.39,249.05,0.1845,5,1.0,1.3303455094708363,1.198
P0132,2025-06-01,Sports & Fitness,Outdoor,305.39,249.05,0.1845,6,1.1,1.3542917286413114,1.362
P0132,2025-07-01,Sports & Fitness,Outdoor,305.39,249.05,0.1845,7,1.08,1.378668979756855,1.166
P0132,2025-08-01,Sports & Fitness,Outdoor,305.39,249.05,0.1845,8,1.0,1.4034850213924783,1.517
P0132,2025-09-01,Sports & Fitness,Outdoor,305.39,249.05,0.1845,9,1.0,1.428747751777543,1.512
P0132,2025-10-01,Sports & Fitness,Outdoor,305.39,249.05,0.1845,10,1.3,1.4544652113095389,1.537
P0132,2025-11-01,Sports & Fitness,Outdoor,305.39,249.05,0.1845,11,1.42,1.4806455851131106,1.715
P0132,2025-12-01,Sports & Fitness,Outdoor,305.39,249.05,0.1845,12,1.5,1.5072972056451466,2.505
P0132,2026-01-01,Sports & Fitness,Outdoor,305.39,249.05,0.1845,1,0.88,1.5344285553467591,1.481
P0132,2026-02-01,Sports & Fitness,Outdoor,305.39,249.05,0.1845,2,0.9,1.562048269343001,1.407
P0132,2026-03-01,Sports & Fitness,Outdoor,305.39,249.05,0.1845,3,1.0,1.590165138191175,1.442
P0132,2026-04-01,Sports & Fitness,Outdoor,305.39,249.05,0.1845,4,1.0,1.6187881106786162,1.858
P0132,2026-05-01,Sports & Fitness,Outdoor,305.39,249.05,0.1845,5,1.0,1.6479262966708312,1.736
P0132,2026-06-01,Sports & Fitness,Outdoor,305.39,249.05,0.1845,6,1.1,1.6775889700109063,2.093
P0132,2026-07-01,Sports & Fitness,Outdoor,305.39,249.05,0.1845,7,1.08,1.7077855714711025,1.751
P0132,2026-08-01,Sports & Fitness,Outdoor,305.39,249.05,0.1845,8,1.0,1.7385257117575825,1.581
P0132,2026-09-01,Sports & Fitness,Outdoor,305.39,249.05,0.1845,9,1.0,1.769819174569219,1.462
P0133,2024-01-01,Sports & Fitness,Outdoor,422.53,222.83,0.4726,1,0.88,1.0,0.906
P0133,2024-02-01,Sports & Fitness,Outdoor,422.53,222.83,0.4726,2,0.9,1.018,1.063
P0133,2024-03-01,Sports & Fitness,Outdoor,422.53,222.83,0.4726,3,1.0,1.036324,1.213
P0133,2024-04-01,Sports & Fitness,Outdoor,422.53,222.83,0.4726,4,1.0,1.054977832,0.954
P0133,2024-05-01,Sports & Fitness,Outdoor,422.53,222.83,0.4726,5,1.0,1.073967432976,0.823
P0133,2024-06-01,Sports & Fitness,Outdoor,422.53,222.83,0.4726,6,1.1,1.0932988467695681,1.173
P0133,2024-07-01,Sports & Fitness,Outdoor,422.53,222.83,0.4726,7,1.08,1.1129782260114203,1.067
P0133,2024-08-01,Sports & Fitness,Outdoor,422.53,222.83,0.4726,8,1.0,1.1330118340796258,1.17
P0133,2024-09-01,Sports & Fitness,Outdoor,422.53,222.83,0.4726,9,1.0,1.1534060470930592,1.104
P0133,2024-10-01,Sports & Fitness,Outdoor,422.53,222.83,0.4726,10,1.3,1.1741673559407342,1.646
P0133,2024-11-01,Sports & Fitness,Outdoor,422.53,222.83,0.4726,11,1.42,1.1953023683476676,1.576
P0133,2024-12-01,Sports & Fitness,Outdoor,422.53,222.83,0.4726,12,1.5,1.2168178109779255,2.057
P0133,2025-01-01,Sports & Fitness,Outdoor,422.53,222.83,0.4726,1,0.88,1.2387205315755283,1.099
P0133,2025-02-01,Sports & Fitness,Outdoor,422.53,222.83,0.4726,2,0.9,1.2610175011438878,0.92
P0133,2025-03-01,Sports & Fitness,Outdoor,422.53,222.83,0.4726,3,1.0,1.2837158161644777,1.144
P0133,2025-04-01,Sports & Fitness,Outdoor,422.53,222.83,0.4726,4,1.0,1.3068227008554383,0.993
P0133,2025-05-01,Sports & Fitness,Outdoor,422.53,222.83,0.4726,5,1.0,1.3303455094708363,1.275
P0133,2025-06-01,Sports & Fitness,Outdoor,422.53,222.83,0.4726,6,1.1,1.3542917286413114,1.391
P0133,2025-07-01,Sports & Fitness,Outdoor,422.53,222.83,0.4726,7,1.08,1.378668979756855,2.091
P0133,2025-08-01,Sports & Fitness,Outdoor,422.53,222.83,0.4726,8,1.0,1.4034850213924783,1.423
P0133,2025-09-01,Sports & Fitness,Outdoor,422.53,222.83,0.4726,9,1.0,1.428747751777543,1.285
P0133,2025-10-01,Sports & Fitness,Outdoor,422.53,222.83,0.4726,10,1.3,1.4544652113095389,1.54
P0133,2025-11-01,Sports & Fitness,Outdoor,422.53,222.83,0.4726,11,1.42,1.4806455851131106,2.424
P0133,2025-12-01,Sports & Fitness,Outdoor,422.53,222.83,0.4726,12,1.5,1.5072972056451466,2.266
P0133,2026-01-01,Sports & Fitness,Outdoor,422.53,222.83,0.4726,1,0.88,1.5344285553467591,1.158
P0133,2026-02-01,Sports & Fitness,Outdoor,422.53,222.83,0.4726,2,0.9,1.562048269343001,1.273
P0133,2026-03-01,Sports & Fitness,Outdoor,422.53,222.83,0.4726,3,1.0,1.590165138191175,1.712
P0133,2026-04-01,Sports & Fitness,Outdoor,422.53,222.83,0.4726,4,1.0,1.6187881106786162,1.61
P0133,2026-05-01,Sports & Fitness,Outdoor,422.53,222.83,0.4726,5,1.0,1.6479262966708312,1.864
P0133,2026-06-01,Sports & Fitness,Outdoor,422.53,222.83,0.4726,6,1.1,1.6775889700109063,1.629
P0133,2026-07-01,Sports & Fitness,Outdoor,422.53,222.83,0.4726,7,1.08,1.7077855714711025,2.447
P0133,2026-08-01,Sports & Fitness,Outdoor,422.53,222.83,0.4726,8,1.0,1.7385257117575825,1.897
P0133,2026-09-01,Sports & Fitness,Outdoor,422.53,222.83,0.4726,9,1.0,1.769819174569219,2.386
P0134,2024-01-01,Sports & Fitness,Outdoor,7580.07,6432.87,0.1513,1,0.88,1.0,0.954
P0134,2024-02-01,Sports & Fitness,Outdoor,7580.07,6432.87,0.1513,2,0.9,1.018,1.165
P0134,2024-03-01,Sports & Fitness,Outdoor,7580.07,6432.87,0.1513,3,1.0,1.036324,1.166
P0134,2024-04-01,Sports & Fitness,Outdoor,7580.07,6432.87,0.1513,4,1.0,1.054977832,1.01
P0134,2024-05-01,Sports & Fitness,Outdoor,7580.07,6432.87,0.1513,5,1.0,1.073967432976,1.174
P0134,2024-06-01,Sports & Fitness,Outdoor,7580.07,6432.87,0.1513,6,1.1,1.0932988467695681,1.302
P0134,2024-07-01,Sports & Fitness,Outdoor,7580.07,6432.87,0.1513,7,1.08,1.1129782260114203,1.155
P0134,2024-08-01,Sports & Fitness,Outdoor,7580.07,6432.87,0.1513,8,1.0,1.1330118340796258,0.957
P0134,2024-09-01,Sports & Fitness,Outdoor,7580.07,6432.87,0.1513,9,1.0,1.1534060470930592,1.21
P0134,2024-10-01,Sports & Fitness,Outdoor,7580.07,6432.87,0.1513,10,1.3,1.1741673559407342,1.468
P0134,2024-11-01,Sports & Fitness,Outdoor,7580.07,6432.87,0.1513,11,1.42,1.1953023683476676,1.919
P0134,2024-12-01,Sports & Fitness,Outdoor,7580.07,6432.87,0.1513,12,1.5,1.2168178109779255,1.878
P0134,2025-01-01,Sports & Fitness,Outdoor,7580.07,6432.87,0.1513,1,0.88,1.2387205315755283,1.316
P0134,2025-02-01,Sports & Fitness,Outdoor,7580.07,6432.87,0.1513,2,0.9,1.2610175011438878,1.396
P0134,2025-03-01,Sports & Fitness,Outdoor,7580.07,6432.87,0.1513,3,1.0,1.2837158161644777,1.166
P0134,2025-04-01,Sports & Fitness,Outdoor,7580.07,6432.87,0.1513,4,1.0,1.3068227008554383,1.238
P0134,2025-05-01,Sports & Fitness,Outdoor,7580.07,6432.87,0.1513,5,1.0,1.3303455094708363,1.297
P0134,2025-06-01,Sports & Fitness,Outdoor,7580.07,6432.87,0.1513,6,1.1,1.3542917286413114,1.46
P0134,2025-07-01,Sports & Fitness,Outdoor,7580.07,6432.87,0.1513,7,1.08,1.378668979756855,1.398
P0134,2025-08-01,Sports & Fitness,Outdoor,7580.07,6432.87,0.1513,8,1.0,1.4034850213924783,1.594
P0134,2025-09-01,Sports & Fitness,Outdoor,7580.07,6432.87,0.1513,9,1.0,1.428747751777543,1.352
P0134,2025-10-01,Sports & Fitness,Outdoor,7580.07,6432.87,0.1513,10,1.3,1.4544652113095389,1.635
P0134,2025-11-01,Sports & Fitness,Outdoor,7580.07,6432.87,0.1513,11,1.42,1.4806455851131106,1.599
P0134,2025-12-01,Sports & Fitness,Outdoor,7580.07,6432.87,0.1513,12,1.5,1.5072972056451466,2.005
P0134,2026-01-01,Sports & Fitness,Outdoor,7580.07,6432.87,0.1513,1,0.88,1.5344285553467591,1.22
P0134,2026-02-01,Sports & Fitness,Outdoor,7580.07,6432.87,0.1513,2,0.9,1.562048269343001,1.591
P0134,2026-03-01,Sports & Fitness,Outdoor,7580.07,6432.87,0.1513,3,1.0,1.590165138191175,1.502
P0134,2026-04-01,Sports & Fitness,Outdoor,7580.07,6432.87,0.1513,4,1.0,1.6187881106786162,1.558
P0134,2026-05-01,Sports & Fitness,Outdoor,7580.07,6432.87,0.1513,5,1.0,1.6479262966708312,1.725
P0134,2026-06-01,Sports & Fitness,Outdoor,7580.07,6432.87,0.1513,6,1.1,1.6775889700109063,1.929
P0134,2026-07-01,Sports & Fitness,Outdoor,7580.07,6432.87,0.1513,7,1.08,1.7077855714711025,1.748
P0134,2026-08-01,Sports & Fitness,Outdoor,7580.07,6432.87,0.1513,8,1.0,1.7385257117575825,1.943
P0134,2026-09-01,Sports & Fitness,Outdoor,7580.07,6432.87,0.1513,9,1.0,1.769819174569219,1.831
P0135,2024-01-01,Sports & Fitness,Outdoor,1107.14,937.53,0.1532,1,0.88,1.0,0.85
P0135,2024-02-01,Sports & Fitness,Outdoor,1107.14,937.53,0.1532,2,0.9,1.018,0.981
P0135,2024-03-01,Sports & Fitness,Outdoor,1107.14,937.53,0.1532,3,1.0,1.036324,0.987
P0135,2024-04-01,Sports & Fitness,Outdoor,1107.14,937.53,0.1532,4,1.0,1.054977832,1.036
P0135,2024-05-01,Sports & Fitness,Outdoor,1107.14,937.53,0.1532,5,1.0,1.073967432976,1.405
P0135,2024-06-01,Sports & Fitness,Outdoor,1107.14,937.53,0.1532,6,1.1,1.0932988467695681,1.063
P0135,2024-07-01,Sports & Fitness,Outdoor,1107.14,937.53,0.1532,7,1.08,1.1129782260114203,1.102
P0135,2024-08-01,Sports & Fitness,Outdoor,1107.14,937.53,0.1532,8,1.0,1.1330118340796258,1.01
P0135,2024-09-01,Sports & Fitness,Outdoor,1107.14,937.53,0.1532,9,1.0,1.1534060470930592,1.24
P0135,2024-10-01,Sports & Fitness,Outdoor,1107.14,937.53,0.1532,10,1.3,1.1741673559407342,1.337
P0135,2024-11-01,Sports & Fitness,Outdoor,1107.14,937.53,0.1532,11,1.42,1.1953023683476676,1.768
P0135,2024-12-01,Sports & Fitness,Outdoor,1107.14,937.53,0.1532,12,1.5,1.2168178109779255,2.105
P0135,2025-01-01,Sports & Fitness,Outdoor,1107.14,937.53,0.1532,1,0.88,1.2387205315755283,1.332
P0135,2025-02-01,Sports & Fitness,Outdoor,1107.14,937.53,0.1532,2,0.9,1.2610175011438878,1.047
P0135,2025-03-01,Sports & Fitness,Outdoor,1107.14,937.53,0.1532,3,1.0,1.2837158161644777,1.228
P0135,2025-04-01,Sports & Fitness,Outdoor,1107.14,937.53,0.1532,4,1.0,1.3068227008554383,1.574
P0135,2025-05-01,Sports & Fitness,Outdoor,1107.14,937.53,0.1532,5,1.0,1.3303455094708363,1.026
P0135,2025-06-01,Sports & Fitness,Outdoor,1107.14,937.53,0.1532,6,1.1,1.3542917286413114,1.45
P0135,2025-07-01,Sports & Fitness,Outdoor,1107.14,937.53,0.1532,7,1.08,1.378668979756855,1.296
P0135,2025-08-01,Sports & Fitness,Outdoor,1107.14,937.53,0.1532,8,1.0,1.4034850213924783,1.586
P0135,2025-09-01,Sports & Fitness,Outdoor,1107.14,937.53,0.1532,9,1.0,1.428747751777543,1.669
P0135,2025-10-01,Sports & Fitness,Outdoor,1107.14,937.53,0.1532,10,1.3,1.4544652113095389,1.537
P0135,2025-11-01,Sports & Fitness,Outdoor,1107.14,937.53,0.1532,11,1.42,1.4806455851131106,1.663
P0135,2025-12-01,Sports & Fitness,Outdoor,1107.14,937.53,0.1532,12,1.5,1.5072972056451466,2.529
P0135,2026-01-01,Sports & Fitness,Outdoor,1107.14,937.53,0.1532,1,0.88,1.5344285553467591,1.317
P0135,2026-02-01,Sports & Fitness,Outdoor,1107.14,937.53,0.1532,2,0.9,1.562048269343001,1.401
P0135,2026-03-01,Sports & Fitness,Outdoor,1107.14,937.53,0.1532,3,1.0,1.590165138191175,1.616
P0135,2026-04-01,Sports & Fitness,Outdoor,1107.14,937.53,0.1532,4,1.0,1.6187881106786162,1.484
P0135,2026-05-01,Sports & Fitness,Outdoor,1107.14,937.53,0.1532,5,1.0,1.6479262966708312,1.633
P0135,2026-06-01,Sports & Fitness,Outdoor,1107.14,937.53,0.1532,6,1.1,1.6775889700109063,1.732
P0135,2026-07-01,Sports & Fitness,Outdoor,1107.14,937.53,0.1532,7,1.08,1.7077855714711025,1.93
P0135,2026-08-01,Sports & Fitness,Outdoor,1107.14,937.53,0.1532,8,1.0,1.7385257117575825,1.777
P0135,2026-09-01,Sports & Fitness,Outdoor,1107.14,937.53,0.1532,9,1.0,1.769819174569219,1.725
P0136,2024-01-01,Sports & Fitness,Outdoor,5117.48,2756.62,0.4613,1,0.88,1.0,0.804
P0136,2024-02-01,Sports & Fitness,Outdoor,5117.48,2756.62,0.4613,2,0.9,1.018,0.873
P0136,2024-03-01,Sports & Fitness,Outdoor,5117.48,2756.62,0.4613,3,1.0,1.036324,1.251
P0136,2024-04-01,Sports & Fitness,Outdoor,5117.48,2756.62,0.4613,4,1.0,1.054977832,1.038
P0136,2024-05-01,Sports & Fitness,Outdoor,5117.48,2756.62,0.4613,5,1.0,1.073967432976,1.112
P0136,2024-06-01,Sports & Fitness,Outdoor,5117.48,2756.62,0.4613,6,1.1,1.0932988467695681,1.517
P0136,2024-07-01,Sports & Fitness,Outdoor,5117.48,2756.62,0.4613,7,1.08,1.1129782260114203,1.134
P0136,2024-08-01,Sports & Fitness,Outdoor,5117.48,2756.62,0.4613,8,1.0,1.1330118340796258,0.959
P0136,2024-09-01,Sports & Fitness,Outdoor,5117.48,2756.62,0.4613,9,1.0,1.1534060470930592,1.06
P0136,2024-10-01,Sports & Fitness,Outdoor,5117.48,2756.62,0.4613,10,1.3,1.1741673559407342,1.236
P0136,2024-11-01,Sports & Fitness,Outdoor,5117.48,2756.62,0.4613,11,1.42,1.1953023683476676,1.828
P0136,2024-12-01,Sports & Fitness,Outdoor,5117.48,2756.62,0.4613,12,1.5,1.2168178109779255,1.82
P0136,2025-01-01,Sports & Fitness,Outdoor,5117.48,2756.62,0.4613,1,0.88,1.2387205315755283,1.118
P0136,2025-02-01,Sports & Fitness,Outdoor,5117.48,2756.62,0.4613,2,0.9,1.2610175011438878,1.16
P0136,2025-03-01,Sports & Fitness,Outdoor,5117.48,2756.62,0.4613,3,1.0,1.2837158161644777,1.156
P0136,2025-04-01,Sports & Fitness,Outdoor,5117.48,2756.62,0.4613,4,1.0,1.3068227008554383,1.129
P0136,2025-05-01,Sports & Fitness,Outdoor,5117.48,2756.62,0.4613,5,1.0,1.3303455094708363,1.623
P0136,2025-06-01,Sports & Fitness,Outdoor,5117.48,2756.62,0.4613,6,1.1,1.3542917286413114,1.724
P0136,2025-07-01,Sports & Fitness,Outdoor,5117.48,2756.62,0.4613,7,1.08,1.378668979756855,1.644
P0136,2025-08-01,Sports & Fitness,Outdoor,5117.48,2756.62,0.4613,8,1.0,1.4034850213924783,1.468
P0136,2025-09-01,Sports & Fitness,Outdoor,5117.48,2756.62,0.4613,9,1.0,1.428747751777543,1.572
P0136,2025-10-01,Sports & Fitness,Outdoor,5117.48,2756.62,0.4613,10,1.3,1.4544652113095389,2.029
P0136,2025-11-01,Sports & Fitness,Outdoor,5117.48,2756.62,0.4613,11,1.42,1.4806455851131106,2.231
P0136,2025-12-01,Sports & Fitness,Outdoor,5117.48,2756.62,0.4613,12,1.5,1.5072972056451466,2.187
P0136,2026-01-01,Sports & Fitness,Outdoor,5117.48,2756.62,0.4613,1,0.88,1.5344285553467591,1.372
P0136,2026-02-01,Sports & Fitness,Outdoor,5117.48,2756.62,0.4613,2,0.9,1.562048269343001,1.22
P0136,2026-03-01,Sports & Fitness,Outdoor,5117.48,2756.62,0.4613,3,1.0,1.590165138191175,1.559
P0136,2026-04-01,Sports & Fitness,Outdoor,5117.48,2756.62,0.4613,4,1.0,1.6187881106786162,1.397
P0136,2026-05-01,Sports & Fitness,Outdoor,5117.48,2756.62,0.4613,5,1.0,1.6479262966708312,1.786
P0136,2026-06-01,Sports & Fitness,Outdoor,5117.48,2756.62,0.4613,6,1.1,1.6775889700109063,1.508
P0136,2026-07-01,Sports & Fitness,Outdoor,5117.48,2756.62,0.4613,7,1.08,1.7077855714711025,1.599
P0136,2026-08-01,Sports & Fitness,Outdoor,5117.48,2756.62,0.4613,8,1.0,1.7385257117575825,1.542
P0136,2026-09-01,Sports & Fitness,Outdoor,5117.48,2756.62,0.4613,9,1.0,1.769819174569219,1.938
P0137,2024-01-01,Sports & Fitness,Outdoor,860.94,703.03,0.1834,1,0.88,1.0,0.921
P0137,2024-02-01,Sports & Fitness,Outdoor,860.94,703.03,0.1834,2,0.9,1.018,0.822
P0137,2024-03-01,Sports & Fitness,Outdoor,860.94,703.03,0.1834,3,1.0,1.036324,0.962
P0137,2024-04-01,Sports & Fitness,Outdoor,860.94,703.03,0.1834,4,1.0,1.054977832,1.311
P0137,2024-05-01,Sports & Fitness,Outdoor,860.94,703.03,0.1834,5,1.0,1.073967432976,1.056
P0137,2024-06-01,Sports & Fitness,Outdoor,860.94,703.03,0.1834,6,1.1,1.0932988467695681,1.474
P0137,2024-07-01,Sports & Fitness,Outdoor,860.94,703.03,0.1834,7,1.08,1.1129782260114203,1.513
P0137,2024-08-01,Sports & Fitness,Outdoor,860.94,703.03,0.1834,8,1.0,1.1330118340796258,1.021
P0137,2024-09-01,Sports & Fitness,Outdoor,860.94,703.03,0.1834,9,1.0,1.1534060470930592,0.944
P0137,2024-10-01,Sports & Fitness,Outdoor,860.94,703.03,0.1834,10,1.3,1.1741673559407342,1.324
P0137,2024-11-01,Sports & Fitness,Outdoor,860.94,703.03,0.1834,11,1.42,1.1953023683476676,1.579
P0137,2024-12-01,Sports & Fitness,Outdoor,860.94,703.03,0.1834,12,1.5,1.2168178109779255,1.867
P0137,2025-01-01,Sports & Fitness,Outdoor,860.94,703.03,0.1834,1,0.88,1.2387205315755283,1.218
P0137,2025-02-01,Sports & Fitness,Outdoor,860.94,703.03,0.1834,2,0.9,1.2610175011438878,1.185
P0137,2025-03-01,Sports & Fitness,Outdoor,860.94,703.03,0.1834,3,1.0,1.2837158161644777,1.346
P0137,2025-04-01,Sports & Fitness,Outdoor,860.94,703.03,0.1834,4,1.0,1.3068227008554383,1.064
P0137,2025-05-01,Sports & Fitness,Outdoor,860.94,703.03,0.1834,5,1.0,1.3303455094708363,1.498
P0137,2025-06-01,Sports & Fitness,Outdoor,860.94,703.03,0.1834,6,1.1,1.3542917286413114,1.558
P0137,2025-07-01,Sports & Fitness,Outdoor,860.94,703.03,0.1834,7,1.08,1.378668979756855,1.466
P0137,2025-08-01,Sports & Fitness,Outdoor,860.94,703.03,0.1834,8,1.0,1.4034850213924783,1.249
P0137,2025-09-01,Sports & Fitness,Outdoor,860.94,703.03,0.1834,9,1.0,1.428747751777543,1.464
P0137,2025-10-01,Sports & Fitness,Outdoor,860.94,703.03,0.1834,10,1.3,1.4544652113095389,2.036
P0137,2025-11-01,Sports & Fitness,Outdoor,860.94,703.03,0.1834,11,1.42,1.4806455851131106,2.265
P0137,2025-12-01,Sports & Fitness,Outdoor,860.94,703.03,0.1834,12,1.5,1.5072972056451466,1.809
P0137,2026-01-01,Sports & Fitness,Outdoor,860.94,703.03,0.1834,1,0.88,1.5344285553467591,1.526
P0137,2026-02-01,Sports & Fitness,Outdoor,860.94,703.03,0.1834,2,0.9,1.562048269343001,1.153
P0137,2026-03-01,Sports & Fitness,Outdoor,860.94,703.03,0.1834,3,1.0,1.590165138191175,1.365
P0137,2026-04-01,Sports & Fitness,Outdoor,860.94,703.03,0.1834,4,1.0,1.6187881106786162,1.824
P0137,2026-05-01,Sports & Fitness,Outdoor,860.94,703.03,0.1834,5,1.0,1.6479262966708312,1.8
P0137,2026-06-01,Sports & Fitness,Outdoor,860.94,703.03,0.1834,6,1.1,1.6775889700109063,2.151
P0137,2026-07-01,Sports & Fitness,Outdoor,860.94,703.03,0.1834,7,1.08,1.7077855714711025,1.85
P0137,2026-08-01,Sports & Fitness,Outdoor,860.94,703.03,0.1834,8,1.0,1.7385257117575825,1.548
P0137,2026-09-01,Sports & Fitness,Outdoor,860.94,703.03,0.1834,9,1.0,1.769819174569219,1.673
P0138,2024-01-01,Sports & Fitness,Outdoor,958.65,406.53,0.5759,1,0.88,1.0,0.917
P0138,2024-02-01,Sports & Fitness,Outdoor,958.65,406.53,0.5759,2,0.9,1.018,0.865
P0138,2024-03-01,Sports & Fitness,Outdoor,958.65,406.53,0.5759,3,1.0,1.036324,1.013
P0138,2024-04-01,Sports & Fitness,Outdoor,958.65,406.53,0.5759,4,1.0,1.054977832,0.997
P0138,2024-05-01,Sports & Fitness,Outdoor,958.65,406.53,0.5759,5,1.0,1.073967432976,1.073
P0138,2024-06-01,Sports & Fitness,Outdoor,958.65,406.53,0.5759,6,1.1,1.0932988467695681,0.987
P0138,2024-07-01,Sports & Fitness,Outdoor,958.65,406.53,0.5759,7,1.08,1.1129782260114203,1.045
P0138,2024-08-01,Sports & Fitness,Outdoor,958.65,406.53,0.5759,8,1.0,1.1330118340796258,0.928
P0138,2024-09-01,Sports & Fitness,Outdoor,958.65,406.53,0.5759,9,1.0,1.1534060470930592,1.022
P0138,2024-10-01,Sports & Fitness,Outdoor,958.65,406.53,0.5759,10,1.3,1.1741673559407342,1.428
P0138,2024-11-01,Sports & Fitness,Outdoor,958.65,406.53,0.5759,11,1.42,1.1953023683476676,1.428
P0138,2024-12-01,Sports & Fitness,Outdoor,958.65,406.53,0.5759,12,1.5,1.2168178109779255,2.025
P0138,2025-01-01,Sports & Fitness,Outdoor,958.65,406.53,0.5759,1,0.88,1.2387205315755283,1.136
P0138,2025-02-01,Sports & Fitness,Outdoor,958.65,406.53,0.5759,2,0.9,1.2610175011438878,1.108
P0138,2025-03-01,Sports & Fitness,Outdoor,958.65,406.53,0.5759,3,1.0,1.2837158161644777,1.283
P0138,2025-04-01,Sports & Fitness,Outdoor,958.65,406.53,0.5759,4,1.0,1.3068227008554383,1.116
P0138,2025-05-01,Sports & Fitness,Outdoor,958.65,406.53,0.5759,5,1.0,1.3303455094708363,1.495
P0138,2025-06-01,Sports & Fitness,Outdoor,958.65,406.53,0.5759,6,1.1,1.3542917286413114,1.496
P0138,2025-07-01,Sports & Fitness,Outdoor,958.65,406.53,0.5759,7,1.08,1.378668979756855,1.555
P0138,2025-08-01,Sports & Fitness,Outdoor,958.65,406.53,0.5759,8,1.0,1.4034850213924783,1.438
P0138,2025-09-01,Sports & Fitness,Outdoor,958.65,406.53,0.5759,9,1.0,1.428747751777543,1.34
P0138,2025-10-01,Sports & Fitness,Outdoor,958.65,406.53,0.5759,10,1.3,1.4544652113095389,1.769
P0138,2025-11-01,Sports & Fitness,Outdoor,958.65,406.53,0.5759,11,1.42,1.4806455851131106,2.044
P0138,2025-12-01,Sports & Fitness,Outdoor,958.65,406.53,0.5759,12,1.5,1.5072972056451466,2.088
P0138,2026-01-01,Sports & Fitness,Outdoor,958.65,406.53,0.5759,1,0.88,1.5344285553467591,1.522
P0138,2026-02-01,Sports & Fitness,Outdoor,958.65,406.53,0.5759,2,0.9,1.562048269343001,1.371
P0138,2026-03-01,Sports & Fitness,Outdoor,958.65,406.53,0.5759,3,1.0,1.590165138191175,1.45
P0138,2026-04-01,Sports & Fitness,Outdoor,958.65,406.53,0.5759,4,1.0,1.6187881106786162,1.909
P0138,2026-05-01,Sports & Fitness,Outdoor,958.65,406.53,0.5759,5,1.0,1.6479262966708312,1.445
P0138,2026-06-01,Sports & Fitness,Outdoor,958.65,406.53,0.5759,6,1.1,1.6775889700109063,1.877
P0138,2026-07-01,Sports & Fitness,Outdoor,958.65,406.53,0.5759,7,1.08,1.7077855714711025,1.919
P0138,2026-08-01,Sports & Fitness,Outdoor,958.65,406.53,0.5759,8,1.0,1.7385257117575825,2.232
P0138,2026-09-01,Sports & Fitness,Outdoor,958.65,406.53,0.5759,9,1.0,1.769819174569219,1.834
P0139,2024-01-01,Sports & Fitness,Outdoor,3896.67,1721.45,0.5582,1,0.88,1.0,0.878
P0139,2024-02-01,Sports & Fitness,Outdoor,3896.67,1721.45,0.5582,2,0.9,1.018,0.928
P0139,2024-03-01,Sports & Fitness,Outdoor,3896.67,1721.45,0.5582,3,1.0,1.036324,1.033
P0139,2024-04-01,Sports & Fitness,Outdoor,3896.67,1721.45,0.5582,4,1.0,1.054977832,0.991
P0139,2024-05-01,Sports & Fitness,Outdoor,3896.67,1721.45,0.5582,5,1.0,1.073967432976,0.956
P0139,2024-06-01,Sports & Fitness,Outdoor,3896.67,1721.45,0.5582,6,1.1,1.0932988467695681,1.262
P0139,2024-07-01,Sports & Fitness,Outdoor,3896.67,1721.45,0.5582,7,1.08,1.1129782260114203,1.089
P0139,2024-08-01,Sports & Fitness,Outdoor,3896.67,1721.45,0.5582,8,1.0,1.1330118340796258,1.529
P0139,2024-09-01,Sports & Fitness,Outdoor,3896.67,1721.45,0.5582,9,1.0,1.1534060470930592,1.04
P0139,2024-10-01,Sports & Fitness,Outdoor,3896.67,1721.45,0.5582,10,1.3,1.1741673559407342,1.548
P0139,2024-11-01,Sports & Fitness,Outdoor,3896.67,1721.45,0.5582,11,1.42,1.1953023683476676,1.536
P0139,2024-12-01,Sports & Fitness,Outdoor,3896.67,1721.45,0.5582,12,1.5,1.2168178109779255,1.629
P0139,2025-01-01,Sports & Fitness,Outdoor,3896.67,1721.45,0.5582,1,0.88,1.2387205315755283,1.136
P0139,2025-02-01,Sports & Fitness,Outdoor,3896.67,1721.45,0.5582,2,0.9,1.2610175011438878,1.126
P0139,2025-03-01,Sports & Fitness,Outdoor,3896.67,1721.45,0.5582,3,1.0,1.2837158161644777,1.228
P0139,2025-04-01,Sports & Fitness,Outdoor,3896.67,1721.45,0.5582,4,1.0,1.3068227008554383,1.441
P0139,2025-05-01,Sports & Fitness,Outdoor,3896.67,1721.45,0.5582,5,1.0,1.3303455094708363,1.224
P0139,2025-06-01,Sports & Fitness,Outdoor,3896.67,1721.45,0.5582,6,1.1,1.3542917286413114,1.568
P0139,2025-07-01,Sports & Fitness,Outdoor,3896.67,1721.45,0.5582,7,1.08,1.378668979756855,1.247
P0139,2025-08-01,Sports & Fitness,Outdoor,3896.67,1721.45,0.5582,8,1.0,1.4034850213924783,1.43
P0139,2025-09-01,Sports & Fitness,Outdoor,3896.67,1721.45,0.5582,9,1.0,1.428747751777543,1.312
P0139,2025-10-01,Sports & Fitness,Outdoor,3896.67,1721.45,0.5582,10,1.3,1.4544652113095389,1.865
P0139,2025-11-01,Sports & Fitness,Outdoor,3896.67,1721.45,0.5582,11,1.42,1.4806455851131106,2.007
P0139,2025-12-01,Sports & Fitness,Outdoor,3896.67,1721.45,0.5582,12,1.5,1.5072972056451466,2.647
P0139,2026-01-01,Sports & Fitness,Outdoor,3896.67,1721.45,0.5582,1,0.88,1.5344285553467591,1.42
P0139,2026-02-01,Sports & Fitness,Outdoor,3896.67,1721.45,0.5582,2,0.9,1.562048269343001,1.182
P0139,2026-03-01,Sports & Fitness,Outdoor,3896.67,1721.45,0.5582,3,1.0,1.590165138191175,1.26
P0139,2026-04-01,Sports & Fitness,Outdoor,3896.67,1721.45,0.5582,4,1.0,1.6187881106786162,1.318
P0139,2026-05-01,Sports & Fitness,Outdoor,3896.67,1721.45,0.5582,5,1.0,1.6479262966708312,1.625
P0139,2026-06-01,Sports & Fitness,Outdoor,3896.67,1721.45,0.5582,6,1.1,1.6775889700109063,1.874
P0139,2026-07-01,Sports & Fitness,Outdoor,3896.67,1721.45,0.5582,7,1.08,1.7077855714711025,1.944
P0139,2026-08-01,Sports & Fitness,Outdoor,3896.67,1721.45,0.5582,8,1.0,1.7385257117575825,1.379
P0139,2026-09-01,Sports & Fitness,Outdoor,3896.67,1721.45,0.5582,9,1.0,1.769819174569219,1.732
P0140,2024-01-01,Sports & Fitness,Outdoor,2204.06,1411.71,0.3595,1,0.88,1.0,0.884
P0140,2024-02-01,Sports & Fitness,Outdoor,2204.06,1411.71,0.3595,2,0.9,1.018,0.733
P0140,2024-03-01,Sports & Fitness,Outdoor,2204.06,1411.71,0.3595,3,1.0,1.036324,1.261
P0140,2024-04-01,Sports & Fitness,Outdoor,2204.06,1411.71,0.3595,4,1.0,1.054977832,0.724
P0140,2024-05-01,Sports & Fitness,Outdoor,2204.06,1411.71,0.3595,5,1.0,1.073967432976,1.076
P0140,2024-06-01,Sports & Fitness,Outdoor,2204.06,1411.71,0.3595,6,1.1,1.0932988467695681,1.354
P0140,2024-07-01,Sports & Fitness,Outdoor,2204.06,1411.71,0.3595,7,1.08,1.1129782260114203,1.045
P0140,2024-08-01,Sports & Fitness,Outdoor,2204.06,1411.71,0.3595,8,1.0,1.1330118340796258,1.031
P0140,2024-09-01,Sports & Fitness,Outdoor,2204.06,1411.71,0.3595,9,1.0,1.1534060470930592,1.305
P0140,2024-10-01,Sports & Fitness,Outdoor,2204.06,1411.71,0.3595,10,1.3,1.1741673559407342,1.527
P0140,2024-11-01,Sports & Fitness,Outdoor,2204.06,1411.71,0.3595,11,1.42,1.1953023683476676,1.504
P0140,2024-12-01,Sports & Fitness,Outdoor,2204.06,1411.71,0.3595,12,1.5,1.2168178109779255,1.845
P0140,2025-01-01,Sports & Fitness,Outdoor,2204.06,1411.71,0.3595,1,0.88,1.2387205315755283,1.243
P0140,2025-02-01,Sports & Fitness,Outdoor,2204.06,1411.71,0.3595,2,0.9,1.2610175011438878,0.941
P0140,2025-03-01,Sports & Fitness,Outdoor,2204.06,1411.71,0.3595,3,1.0,1.2837158161644777,1.166
P0140,2025-04-01,Sports & Fitness,Outdoor,2204.06,1411.71,0.3595,4,1.0,1.3068227008554383,1.222
P0140,2025-05-01,Sports & Fitness,Outdoor,2204.06,1411.71,0.3595,5,1.0,1.3303455094708363,1.028
P0140,2025-06-01,Sports & Fitness,Outdoor,2204.06,1411.71,0.3595,6,1.1,1.3542917286413114,1.395
P0140,2025-07-01,Sports & Fitness,Outdoor,2204.06,1411.71,0.3595,7,1.08,1.378668979756855,1.847
P0140,2025-08-01,Sports & Fitness,Outdoor,2204.06,1411.71,0.3595,8,1.0,1.4034850213924783,1.165
P0140,2025-09-01,Sports & Fitness,Outdoor,2204.06,1411.71,0.3595,9,1.0,1.428747751777543,1.431
P0140,2025-10-01,Sports & Fitness,Outdoor,2204.06,1411.71,0.3595,10,1.3,1.4544652113095389,1.69
P0140,2025-11-01,Sports & Fitness,Outdoor,2204.06,1411.71,0.3595,11,1.42,1.4806455851131106,2.224
P0140,2025-12-01,Sports & Fitness,Outdoor,2204.06,1411.71,0.3595,12,1.5,1.5072972056451466,2.447
P0140,2026-01-01,Sports & Fitness,Outdoor,2204.06,1411.71,0.3595,1,0.88,1.5344285553467591,1.463
P0140,2026-02-01,Sports & Fitness,Outdoor,2204.06,1411.71,0.3595,2,0.9,1.562048269343001,1.609
P0140,2026-03-01,Sports & Fitness,Outdoor,2204.06,1411.71,0.3595,3,1.0,1.590165138191175,1.612
P0140,2026-04-01,Sports & Fitness,Outdoor,2204.06,1411.71,0.3595,4,1.0,1.6187881106786162,1.777
P0140,2026-05-01,Sports & Fitness,Outdoor,2204.06,1411.71,0.3595,5,1.0,1.6479262966708312,1.855
P0140,2026-06-01,Sports & Fitness,Outdoor,2204.06,1411.71,0.3595,6,1.1,1.6775889700109063,1.629
P0140,2026-07-01,Sports & Fitness,Outdoor,2204.06,1411.71,0.3595,7,1.08,1.7077855714711025,1.714
P0140,2026-08-01,Sports & Fitness,Outdoor,2204.06,1411.71,0.3595,8,1.0,1.7385257117575825,1.544
P0140,2026-09-01,Sports & Fitness,Outdoor,2204.06,1411.71,0.3595,9,1.0,1.769819174569219,1.768
P0141,2024-01-01,Sports & Fitness,Wellness,801.5,537.83,0.329,1,0.88,1.0,0.818
P0141,2024-02-01,Sports & Fitness,Wellness,801.5,537.83,0.329,2,0.9,1.018,0.994
P0141,2024-03-01,Sports & Fitness,Wellness,801.5,537.83,0.329,3,1.0,1.036324,0.989
P0141,2024-04-01,Sports & Fitness,Wellness,801.5,537.83,0.329,4,1.0,1.054977832,1.072
P0141,2024-05-01,Sports & Fitness,Wellness,801.5,537.83,0.329,5,1.0,1.073967432976,1.097
P0141,2024-06-01,Sports & Fitness,Wellness,801.5,537.83,0.329,6,1.1,1.0932988467695681,1.128
P0141,2024-07-01,Sports & Fitness,Wellness,801.5,537.83,0.329,7,1.08,1.1129782260114203,1.074
P0141,2024-08-01,Sports & Fitness,Wellness,801.5,537.83,0.329,8,1.0,1.1330118340796258,1.194
P0141,2024-09-01,Sports & Fitness,Wellness,801.5,537.83,0.329,9,1.0,1.1534060470930592,1.062
P0141,2024-10-01,Sports & Fitness,Wellness,801.5,537.83,0.329,10,1.3,1.1741673559407342,1.437
P0141,2024-11-01,Sports & Fitness,Wellness,801.5,537.83,0.329,11,1.42,1.1953023683476676,1.553
P0141,2024-12-01,Sports & Fitness,Wellness,801.5,537.83,0.329,12,1.5,1.2168178109779255,1.794
P0141,2025-01-01,Sports & Fitness,Wellness,801.5,537.83,0.329,1,0.88,1.2387205315755283,1.035
P0141,2025-02-01,Sports & Fitness,Wellness,801.5,537.83,0.329,2,0.9,1.2610175011438878,1.051
P0141,2025-03-01,Sports & Fitness,Wellness,801.5,537.83,0.329,3,1.0,1.2837158161644777,1.092
P0141,2025-04-01,Sports & Fitness,Wellness,801.5,537.83,0.329,4,1.0,1.3068227008554383,1.221
P0141,2025-05-01,Sports & Fitness,Wellness,801.5,537.83,0.329,5,1.0,1.3303455094708363,1.287
P0141,2025-06-01,Sports & Fitness,Wellness,801.5,537.83,0.329,6,1.1,1.3542917286413114,1.436
P0141,2025-07-01,Sports & Fitness,Wellness,801.5,537.83,0.329,7,1.08,1.378668979756855,1.467
P0141,2025-08-01,Sports & Fitness,Wellness,801.5,537.83,0.329,8,1.0,1.4034850213924783,1.097
P0141,2025-09-01,Sports & Fitness,Wellness,801.5,537.83,0.329,9,1.0,1.428747751777543,1.353
P0141,2025-10-01,Sports & Fitness,Wellness,801.5,537.83,0.329,10,1.3,1.4544652113095389,1.776
P0141,2025-11-01,Sports & Fitness,Wellness,801.5,537.83,0.329,11,1.42,1.4806455851131106,1.758
P0141,2025-12-01,Sports & Fitness,Wellness,801.5,537.83,0.329,12,1.5,1.5072972056451466,2.123
P0141,2026-01-01,Sports & Fitness,Wellness,801.5,537.83,0.329,1,0.88,1.5344285553467591,1.442
P0141,2026-02-01,Sports & Fitness,Wellness,801.5,537.83,0.329,2,0.9,1.562048269343001,1.453
P0141,2026-03-01,Sports & Fitness,Wellness,801.5,537.83,0.329,3,1.0,1.590165138191175,1.358
P0141,2026-04-01,Sports & Fitness,Wellness,801.5,537.83,0.329,4,1.0,1.6187881106786162,1.797
P0141,2026-05-01,Sports & Fitness,Wellness,801.5,537.83,0.329,5,1.0,1.6479262966708312,1.746
P0141,2026-06-01,Sports & Fitness,Wellness,801.5,537.83,0.329,6,1.1,1.6775889700109063,1.896
P0141,2026-07-01,Sports & Fitness,Wellness,801.5,537.83,0.329,7,1.08,1.7077855714711025,1.655
P0141,2026-08-01,Sports & Fitness,Wellness,801.5,537.83,0.329,8,1.0,1.7385257117575825,1.855
P0141,2026-09-01,Sports & Fitness,Wellness,801.5,537.83,0.329,9,1.0,1.769819174569219,1.569
P0142,2024-01-01,Sports & Fitness,Wellness,6730.91,5089.4,0.2439,1,0.88,1.0,0.856
P0142,2024-02-01,Sports & Fitness,Wellness,6730.91,5089.4,0.2439,2,0.9,1.018,0.916
P0142,2024-03-01,Sports & Fitness,Wellness,6730.91,5089.4,0.2439,3,1.0,1.036324,0.968
P0142,2024-04-01,Sports & Fitness,Wellness,6730.91,5089.4,0.2439,4,1.0,1.054977832,0.983
P0142,2024-05-01,Sports & Fitness,Wellness,6730.91,5089.4,0.2439,5,1.0,1.073967432976,0.954
P0142,2024-06-01,Sports & Fitness,Wellness,6730.91,5089.4,0.2439,6,1.1,1.0932988467695681,1.123
P0142,2024-07-01,Sports & Fitness,Wellness,6730.91,5089.4,0.2439,7,1.08,1.1129782260114203,1.229
P0142,2024-08-01,Sports & Fitness,Wellness,6730.91,5089.4,0.2439,8,1.0,1.1330118340796258,1.132
P0142,2024-09-01,Sports & Fitness,Wellness,6730.91,5089.4,0.2439,9,1.0,1.1534060470930592,1.08
P0142,2024-10-01,Sports & Fitness,Wellness,6730.91,5089.4,0.2439,10,1.3,1.1741673559407342,1.461
P0142,2024-11-01,Sports & Fitness,Wellness,6730.91,5089.4,0.2439,11,1.42,1.1953023683476676,1.985
P0142,2024-12-01,Sports & Fitness,Wellness,6730.91,5089.4,0.2439,12,1.5,1.2168178109779255,1.702
P0142,2025-01-01,Sports & Fitness,Wellness,6730.91,5089.4,0.2439,1,0.88,1.2387205315755283,0.917
P0142,2025-02-01,Sports & Fitness,Wellness,6730.91,5089.4,0.2439,2,0.9,1.2610175011438878,1.278
P0142,2025-03-01,Sports & Fitness,Wellness,6730.91,5089.4,0.2439,3,1.0,1.2837158161644777,1.681
P0142,2025-04-01,Sports & Fitness,Wellness,6730.91,5089.4,0.2439,4,1.0,1.3068227008554383,1.127
P0142,2025-05-01,Sports & Fitness,Wellness,6730.91,5089.4,0.2439,5,1.0,1.3303455094708363,1.235
P0142,2025-06-01,Sports & Fitness,Wellness,6730.91,5089.4,0.2439,6,1.1,1.3542917286413114,1.325
P0142,2025-07-01,Sports & Fitness,Wellness,6730.91,5089.4,0.2439,7,1.08,1.378668979756855,1.578
P0142,2025-08-01,Sports & Fitness,Wellness,6730.91,5089.4,0.2439,8,1.0,1.4034850213924783,1.383
P0142,2025-09-01,Sports & Fitness,Wellness,6730.91,5089.4,0.2439,9,1.0,1.428747751777543,1.463
P0142,2025-10-01,Sports & Fitness,Wellness,6730.91,5089.4,0.2439,10,1.3,1.4544652113095389,1.906
P0142,2025-11-01,Sports & Fitness,Wellness,6730.91,5089.4,0.2439,11,1.42,1.4806455851131106,1.954
P0142,2025-12-01,Sports & Fitness,Wellness,6730.91,5089.4,0.2439,12,1.5,1.5072972056451466,2.523
P0142,2026-01-01,Sports & Fitness,Wellness,6730.91,5089.4,0.2439,1,0.88,1.5344285553467591,1.225
P0142,2026-02-01,Sports & Fitness,Wellness,6730.91,5089.4,0.2439,2,0.9,1.562048269343001,1.612
P0142,2026-03-01,Sports & Fitness,Wellness,6730.91,5089.4,0.2439,3,1.0,1.590165138191175,1.698
P0142,2026-04-01,Sports & Fitness,Wellness,6730.91,5089.4,0.2439,4,1.0,1.6187881106786162,1.829
P0142,2026-05-01,Sports & Fitness,Wellness,6730.91,5089.4,0.2439,5,1.0,1.6479262966708312,1.579
P0142,2026-06-01,Sports & Fitness,Wellness,6730.91,5089.4,0.2439,6,1.1,1.6775889700109063,1.745
P0142,2026-07-01,Sports & Fitness,Wellness,6730.91,5089.4,0.2439,7,1.08,1.7077855714711025,1.891
P0142,2026-08-01,Sports & Fitness,Wellness,6730.91,5089.4,0.2439,8,1.0,1.7385257117575825,1.358
P0142,2026-09-01,Sports & Fitness,Wellness,6730.91,5089.4,0.2439,9,1.0,1.769819174569219,1.548
P0143,2024-01-01,Sports & Fitness,Wellness,859.54,648.87,0.2451,1,0.88,1.0,1.03
P0143,2024-02-01,Sports & Fitness,Wellness,859.54,648.87,0.2451,2,0.9,1.018,0.989
P0143,2024-03-01,Sports & Fitness,Wellness,859.54,648.87,0.2451,3,1.0,1.036324,0.875
P0143,2024-04-01,Sports & Fitness,Wellness,859.54,648.87,0.2451,4,1.0,1.054977832,0.968
P0143,2024-05-01,Sports & Fitness,Wellness,859.54,648.87,0.2451,5,1.0,1.073967432976,1.31
P0143,2024-06-01,Sports & Fitness,Wellness,859.54,648.87,0.2451,6,1.1,1.0932988467695681,1.267
P0143,2024-07-01,Sports & Fitness,Wellness,859.54,648.87,0.2451,7,1.08,1.1129782260114203,1.075
P0143,2024-08-01,Sports & Fitness,Wellness,859.54,648.87,0.2451,8,1.0,1.1330118340796258,1.142
P0143,2024-09-01,Sports & Fitness,Wellness,859.54,648.87,0.2451,9,1.0,1.1534060470930592,1.025
P0143,2024-10-01,Sports & Fitness,Wellness,859.54,648.87,0.2451,10,1.3,1.1741673559407342,1.455
P0143,2024-11-01,Sports & Fitness,Wellness,859.54,648.87,0.2451,11,1.42,1.1953023683476676,1.921
P0143,2024-12-01,Sports & Fitness,Wellness,859.54,648.87,0.2451,12,1.5,1.2168178109779255,1.887
P0143,2025-01-01,Sports & Fitness,Wellness,859.54,648.87,0.2451,1,0.88,1.2387205315755283,0.951
P0143,2025-02-01,Sports & Fitness,Wellness,859.54,648.87,0.2451,2,0.9,1.2610175011438878,1.28
P0143,2025-03-01,Sports & Fitness,Wellness,859.54,648.87,0.2451,3,1.0,1.2837158161644777,1.421
P0143,2025-04-01,Sports & Fitness,Wellness,859.54,648.87,0.2451,4,1.0,1.3068227008554383,1.354
P0143,2025-05-01,Sports & Fitness,Wellness,859.54,648.87,0.2451,5,1.0,1.3303455094708363,1.316
P0143,2025-06-01,Sports & Fitness,Wellness,859.54,648.87,0.2451,6,1.1,1.3542917286413114,1.709
P0143,2025-07-01,Sports & Fitness,Wellness,859.54,648.87,0.2451,7,1.08,1.378668979756855,1.269
P0143,2025-08-01,Sports & Fitness,Wellness,859.54,648.87,0.2451,8,1.0,1.4034850213924783,1.234
P0143,2025-09-01,Sports & Fitness,Wellness,859.54,648.87,0.2451,9,1.0,1.428747751777543,1.263
P0143,2025-10-01,Sports & Fitness,Wellness,859.54,648.87,0.2451,10,1.3,1.4544652113095389,1.778
P0143,2025-11-01,Sports & Fitness,Wellness,859.54,648.87,0.2451,11,1.42,1.4806455851131106,2.35
P0143,2025-12-01,Sports & Fitness,Wellness,859.54,648.87,0.2451,12,1.5,1.5072972056451466,2.126
P0143,2026-01-01,Sports & Fitness,Wellness,859.54,648.87,0.2451,1,0.88,1.5344285553467591,1.391
P0143,2026-02-01,Sports & Fitness,Wellness,859.54,648.87,0.2451,2,0.9,1.562048269343001,1.316
P0143,2026-03-01,Sports & Fitness,Wellness,859.54,648.87,0.2451,3,1.0,1.590165138191175,1.497
P0143,2026-04-01,Sports & Fitness,Wellness,859.54,648.87,0.2451,4,1.0,1.6187881106786162,1.748
P0143,2026-05-01,Sports & Fitness,Wellness,859.54,648.87,0.2451,5,1.0,1.6479262966708312,1.604
P0143,2026-06-01,Sports & Fitness,Wellness,859.54,648.87,0.2451,6,1.1,1.6775889700109063,1.818
P0143,2026-07-01,Sports & Fitness,Wellness,859.54,648.87,0.2451,7,1.08,1.7077855714711025,1.885
P0143,2026-08-01,Sports & Fitness,Wellness,859.54,648.87,0.2451,8,1.0,1.7385257117575825,1.479
P0143,2026-09-01,Sports & Fitness,Wellness,859.54,648.87,0.2451,9,1.0,1.769819174569219,1.868
P0144,2024-01-01,Sports & Fitness,Wellness,966.64,677.95,0.2987,1,0.88,1.0,0.802
P0144,2024-02-01,Sports & Fitness,Wellness,966.64,677.95,0.2987,2,0.9,1.018,0.788
P0144,2024-03-01,Sports & Fitness,Wellness,966.64,677.95,0.2987,3,1.0,1.036324,1.042
P0144,2024-04-01,Sports & Fitness,Wellness,966.64,677.95,0.2987,4,1.0,1.054977832,0.901
P0144,2024-05-01,Sports & Fitness,Wellness,966.64,677.95,0.2987,5,1.0,1.073967432976,1.117
P0144,2024-06-01,Sports & Fitness,Wellness,966.64,677.95,0.2987,6,1.1,1.0932988467695681,1.27
P0144,2024-07-01,Sports & Fitness,Wellness,966.64,677.95,0.2987,7,1.08,1.1129782260114203,1.469
P0144,2024-08-01,Sports & Fitness,Wellness,966.64,677.95,0.2987,8,1.0,1.1330118340796258,1.086
P0144,2024-09-01,Sports & Fitness,Wellness,966.64,677.95,0.2987,9,1.0,1.1534060470930592,1.178
P0144,2024-10-01,Sports & Fitness,Wellness,966.64,677.95,0.2987,10,1.3,1.1741673559407342,1.614
P0144,2024-11-01,Sports & Fitness,Wellness,966.64,677.95,0.2987,11,1.42,1.1953023683476676,2.05
P0144,2024-12-01,Sports & Fitness,Wellness,966.64,677.95,0.2987,12,1.5,1.2168178109779255,1.948
P0144,2025-01-01,Sports & Fitness,Wellness,966.64,677.95,0.2987,1,0.88,1.2387205315755283,1.157
P0144,2025-02-01,Sports & Fitness,Wellness,966.64,677.95,0.2987,2,0.9,1.2610175011438878,1.066
P0144,2025-03-01,Sports & Fitness,Wellness,966.64,677.95,0.2987,3,1.0,1.2837158161644777,1.164
P0144,2025-04-01,Sports & Fitness,Wellness,966.64,677.95,0.2987,4,1.0,1.3068227008554383,1.196
P0144,2025-05-01,Sports & Fitness,Wellness,966.64,677.95,0.2987,5,1.0,1.3303455094708363,1.109
P0144,2025-06-01,Sports & Fitness,Wellness,966.64,677.95,0.2987,6,1.1,1.3542917286413114,1.249
P0144,2025-07-01,Sports & Fitness,Wellness,966.64,677.95,0.2987,7,1.08,1.378668979756855,1.659
P0144,2025-08-01,Sports & Fitness,Wellness,966.64,677.95,0.2987,8,1.0,1.4034850213924783,1.378
P0144,2025-09-01,Sports & Fitness,Wellness,966.64,677.95,0.2987,9,1.0,1.428747751777543,1.404
P0144,2025-10-01,Sports & Fitness,Wellness,966.64,677.95,0.2987,10,1.3,1.4544652113095389,1.963
P0144,2025-11-01,Sports & Fitness,Wellness,966.64,677.95,0.2987,11,1.42,1.4806455851131106,2.262
P0144,2025-12-01,Sports & Fitness,Wellness,966.64,677.95,0.2987,12,1.5,1.5072972056451466,1.842
P0144,2026-01-01,Sports & Fitness,Wellness,966.64,677.95,0.2987,1,0.88,1.5344285553467591,1.193
P0144,2026-02-01,Sports & Fitness,Wellness,966.64,677.95,0.2987,2,0.9,1.562048269343001,1.469
P0144,2026-03-01,Sports & Fitness,Wellness,966.64,677.95,0.2987,3,1.0,1.590165138191175,1.586
P0144,2026-04-01,Sports & Fitness,Wellness,966.64,677.95,0.2987,4,1.0,1.6187881106786162,1.784
P0144,2026-05-01,Sports & Fitness,Wellness,966.64,677.95,0.2987,5,1.0,1.6479262966708312,1.66
P0144,2026-06-01,Sports & Fitness,Wellness,966.64,677.95,0.2987,6,1.1,1.6775889700109063,1.939
P0144,2026-07-01,Sports & Fitness,Wellness,966.64,677.95,0.2987,7,1.08,1.7077855714711025,2.046
P0144,2026-08-01,Sports & Fitness,Wellness,966.64,677.95,0.2987,8,1.0,1.7385257117575825,1.876
P0144,2026-09-01,Sports & Fitness,Wellness,966.64,677.95,0.2987,9,1.0,1.769819174569219,2.091
P0145,2024-01-01,Sports & Fitness,Wellness,5055.51,2894.41,0.4275,1,0.88,1.0,0.828
P0145,2024-02-01,Sports & Fitness,Wellness,5055.51,2894.41,0.4275,2,0.9,1.018,0.746
P0145,2024-03-01,Sports & Fitness,Wellness,5055.51,2894.41,0.4275,3,1.0,1.036324,1.152
P0145,2024-04-01,Sports & Fitness,Wellness,5055.51,2894.41,0.4275,4,1.0,1.054977832,1.054
P0145,2024-05-01,Sports & Fitness,Wellness,5055.51,2894.41,0.4275,5,1.0,1.073967432976,1.21
P0145,2024-06-01,Sports & Fitness,Wellness,5055.51,2894.41,0.4275,6,1.1,1.0932988467695681,1.322
P0145,2024-07-01,Sports & Fitness,Wellness,5055.51,2894.41,0.4275,7,1.08,1.1129782260114203,0.944
P0145,2024-08-01,Sports & Fitness,Wellness,5055.51,2894.41,0.4275,8,1.0,1.1330118340796258,1.12
P0145,2024-09-01,Sports & Fitness,Wellness,5055.51,2894.41,0.4275,9,1.0,1.1534060470930592,1.275
P0145,2024-10-01,Sports & Fitness,Wellness,5055.51,2894.41,0.4275,10,1.3,1.1741673559407342,1.595
P0145,2024-11-01,Sports & Fitness,Wellness,5055.51,2894.41,0.4275,11,1.42,1.1953023683476676,1.509
P0145,2024-12-01,Sports & Fitness,Wellness,5055.51,2894.41,0.4275,12,1.5,1.2168178109779255,1.85
P0145,2025-01-01,Sports & Fitness,Wellness,5055.51,2894.41,0.4275,1,0.88,1.2387205315755283,1.23
P0145,2025-02-01,Sports & Fitness,Wellness,5055.51,2894.41,0.4275,2,0.9,1.2610175011438878,1.454
P0145,2025-03-01,Sports & Fitness,Wellness,5055.51,2894.41,0.4275,3,1.0,1.2837158161644777,1.438
P0145,2025-04-01,Sports & Fitness,Wellness,5055.51,2894.41,0.4275,4,1.0,1.3068227008554383,1.407
P0145,2025-05-01,Sports & Fitness,Wellness,5055.51,2894.41,0.4275,5,1.0,1.3303455094708363,1.65
P0145,2025-06-01,Sports & Fitness,Wellness,5055.51,2894.41,0.4275,6,1.1,1.3542917286413114,1.488
P0145,2025-07-01,Sports & Fitness,Wellness,5055.51,2894.41,0.4275,7,1.08,1.378668979756855,1.59
P0145,2025-08-01,Sports & Fitness,Wellness,5055.51,2894.41,0.4275,8,1.0,1.4034850213924783,1.07
P0145,2025-09-01,Sports & Fitness,Wellness,5055.51,2894.41,0.4275,9,1.0,1.428747751777543,1.583
P0145,2025-10-01,Sports & Fitness,Wellness,5055.51,2894.41,0.4275,10,1.3,1.4544652113095389,1.863
P0145,2025-11-01,Sports & Fitness,Wellness,5055.51,2894.41,0.4275,11,1.42,1.4806455851131106,1.996
P0145,2025-12-01,Sports & Fitness,Wellness,5055.51,2894.41,0.4275,12,1.5,1.5072972056451466,1.83
P0145,2026-01-01,Sports & Fitness,Wellness,5055.51,2894.41,0.4275,1,0.88,1.5344285553467591,1.281
P0145,2026-02-01,Sports & Fitness,Wellness,5055.51,2894.41,0.4275,2,0.9,1.562048269343001,1.25
P0145,2026-03-01,Sports & Fitness,Wellness,5055.51,2894.41,0.4275,3,1.0,1.590165138191175,1.896
P0145,2026-04-01,Sports & Fitness,Wellness,5055.51,2894.41,0.4275,4,1.0,1.6187881106786162,1.495
P0145,2026-05-01,Sports & Fitness,Wellness,5055.51,2894.41,0.4275,5,1.0,1.6479262966708312,1.547
P0145,2026-06-01,Sports & Fitness,Wellness,5055.51,2894.41,0.4275,6,1.1,1.6775889700109063,1.846
P0145,2026-07-01,Sports & Fitness,Wellness,5055.51,2894.41,0.4275,7,1.08,1.7077855714711025,1.803
P0145,2026-08-01,Sports & Fitness,Wellness,5055.51,2894.41,0.4275,8,1.0,1.7385257117575825,1.782
P0145,2026-09-01,Sports & Fitness,Wellness,5055.51,2894.41,0.4275,9,1.0,1.769819174569219,2.082
P0146,2024-01-01,Sports & Fitness,Wellness,265.12,213.0,0.1966,1,0.88,1.0,0.681
P0146,2024-02-01,Sports & Fitness,Wellness,265.12,213.0,0.1966,2,0.9,1.018,0.993
P0146,2024-03-01,Sports & Fitness,Wellness,265.12,213.0,0.1966,3,1.0,1.036324,1.002
P0146,2024-04-01,Sports & Fitness,Wellness,265.12,213.0,0.1966,4,1.0,1.054977832,1.21
P0146,2024-05-01,Sports & Fitness,Wellness,265.12,213.0,0.1966,5,1.0,1.073967432976,0.883
P0146,2024-06-01,Sports & Fitness,Wellness,265.12,213.0,0.1966,6,1.1,1.0932988467695681,1.369
P0146,2024-07-01,Sports & Fitness,Wellness,265.12,213.0,0.1966,7,1.08,1.1129782260114203,1.18
P0146,2024-08-01,Sports & Fitness,Wellness,265.12,213.0,0.1966,8,1.0,1.1330118340796258,1.006
P0146,2024-09-01,Sports & Fitness,Wellness,265.12,213.0,0.1966,9,1.0,1.1534060470930592,1.167
P0146,2024-10-01,Sports & Fitness,Wellness,265.12,213.0,0.1966,10,1.3,1.1741673559407342,1.335
P0146,2024-11-01,Sports & Fitness,Wellness,265.12,213.0,0.1966,11,1.42,1.1953023683476676,1.69
P0146,2024-12-01,Sports & Fitness,Wellness,265.12,213.0,0.1966,12,1.5,1.2168178109779255,1.539
P0146,2025-01-01,Sports & Fitness,Wellness,265.12,213.0,0.1966,1,0.88,1.2387205315755283,0.993
P0146,2025-02-01,Sports & Fitness,Wellness,265.12,213.0,0.1966,2,0.9,1.2610175011438878,1.095
P0146,2025-03-01,Sports & Fitness,Wellness,265.12,213.0,0.1966,3,1.0,1.2837158161644777,1.672
P0146,2025-04-01,Sports & Fitness,Wellness,265.12,213.0,0.1966,4,1.0,1.3068227008554383,1.054
P0146,2025-05-01,Sports & Fitness,Wellness,265.12,213.0,0.1966,5,1.0,1.3303455094708363,1.363
P0146,2025-06-01,Sports & Fitness,Wellness,265.12,213.0,0.1966,6,1.1,1.3542917286413114,1.617
P0146,2025-07-01,Sports & Fitness,Wellness,265.12,213.0,0.1966,7,1.08,1.378668979756855,1.32
P0146,2025-08-01,Sports & Fitness,Wellness,265.12,213.0,0.1966,8,1.0,1.4034850213924783,1.304
P0146,2025-09-01,Sports & Fitness,Wellness,265.12,213.0,0.1966,9,1.0,1.428747751777543,1.477
P0146,2025-10-01,Sports & Fitness,Wellness,265.12,213.0,0.1966,10,1.3,1.4544652113095389,1.965
P0146,2025-11-01,Sports & Fitness,Wellness,265.12,213.0,0.1966,11,1.42,1.4806455851131106,1.918
P0146,2025-12-01,Sports & Fitness,Wellness,265.12,213.0,0.1966,12,1.5,1.5072972056451466,2.232
P0146,2026-01-01,Sports & Fitness,Wellness,265.12,213.0,0.1966,1,0.88,1.5344285553467591,1.02
P0146,2026-02-01,Sports & Fitness,Wellness,265.12,213.0,0.1966,2,0.9,1.562048269343001,1.454
P0146,2026-03-01,Sports & Fitness,Wellness,265.12,213.0,0.1966,3,1.0,1.590165138191175,1.878
P0146,2026-04-01,Sports & Fitness,Wellness,265.12,213.0,0.1966,4,1.0,1.6187881106786162,1.604
P0146,2026-05-01,Sports & Fitness,Wellness,265.12,213.0,0.1966,5,1.0,1.6479262966708312,1.569
P0146,2026-06-01,Sports & Fitness,Wellness,265.12,213.0,0.1966,6,1.1,1.6775889700109063,1.743
P0146,2026-07-01,Sports & Fitness,Wellness,265.12,213.0,0.1966,7,1.08,1.7077855714711025,1.868
P0146,2026-08-01,Sports & Fitness,Wellness,265.12,213.0,0.1966,8,1.0,1.7385257117575825,1.827
P0146,2026-09-01,Sports & Fitness,Wellness,265.12,213.0,0.1966,9,1.0,1.769819174569219,1.915
P0147,2024-01-01,Sports & Fitness,Wellness,8414.37,6183.44,0.2651,1,0.88,1.0,0.708
P0147,2024-02-01,Sports & Fitness,Wellness,8414.37,6183.44,0.2651,2,0.9,1.018,0.887
P0147,2024-03-01,Sports & Fitness,Wellness,8414.37,6183.44,0.2651,3,1.0,1.036324,1.087
P0147,2024-04-01,Sports & Fitness,Wellness,8414.37,6183.44,0.2651,4,1.0,1.054977832,1.103
P0147,2024-05-01,Sports & Fitness,Wellness,8414.37,6183.44,0.2651,5,1.0,1.073967432976,1.184
P0147,2024-06-01,Sports & Fitness,Wellness,8414.37,6183.44,0.2651,6,1.1,1.0932988467695681,1.381
P0147,2024-07-01,Sports & Fitness,Wellness,8414.37,6183.44,0.2651,7,1.08,1.1129782260114203,1.252
P0147,2024-08-01,Sports & Fitness,Wellness,8414.37,6183.44,0.2651,8,1.0,1.1330118340796258,1.321
P0147,2024-09-01,Sports & Fitness,Wellness,8414.37,6183.44,0.2651,9,1.0,1.1534060470930592,1.299
P0147,2024-10-01,Sports & Fitness,Wellness,8414.37,6183.44,0.2651,10,1.3,1.1741673559407342,1.391
P0147,2024-11-01,Sports & Fitness,Wellness,8414.37,6183.44,0.2651,11,1.42,1.1953023683476676,1.814
P0147,2024-12-01,Sports & Fitness,Wellness,8414.37,6183.44,0.2651,12,1.5,1.2168178109779255,2.085
P0147,2025-01-01,Sports & Fitness,Wellness,8414.37,6183.44,0.2651,1,0.88,1.2387205315755283,1.164
P0147,2025-02-01,Sports & Fitness,Wellness,8414.37,6183.44,0.2651,2,0.9,1.2610175011438878,1.085
P0147,2025-03-01,Sports & Fitness,Wellness,8414.37,6183.44,0.2651,3,1.0,1.2837158161644777,1.224
P0147,2025-04-01,Sports & Fitness,Wellness,8414.37,6183.44,0.2651,4,1.0,1.3068227008554383,1.295
P0147,2025-05-01,Sports & Fitness,Wellness,8414.37,6183.44,0.2651,5,1.0,1.3303455094708363,1.241
P0147,2025-06-01,Sports & Fitness,Wellness,8414.37,6183.44,0.2651,6,1.1,1.3542917286413114,1.27
P0147,2025-07-01,Sports & Fitness,Wellness,8414.37,6183.44,0.2651,7,1.08,1.378668979756855,1.407
P0147,2025-08-01,Sports & Fitness,Wellness,8414.37,6183.44,0.2651,8,1.0,1.4034850213924783,1.491
P0147,2025-09-01,Sports & Fitness,Wellness,8414.37,6183.44,0.2651,9,1.0,1.428747751777543,1.603
P0147,2025-10-01,Sports & Fitness,Wellness,8414.37,6183.44,0.2651,10,1.3,1.4544652113095389,1.894
P0147,2025-11-01,Sports & Fitness,Wellness,8414.37,6183.44,0.2651,11,1.42,1.4806455851131106,2.266
P0147,2025-12-01,Sports & Fitness,Wellness,8414.37,6183.44,0.2651,12,1.5,1.5072972056451466,2.158
P0147,2026-01-01,Sports & Fitness,Wellness,8414.37,6183.44,0.2651,1,0.88,1.5344285553467591,1.162
P0147,2026-02-01,Sports & Fitness,Wellness,8414.37,6183.44,0.2651,2,0.9,1.562048269343001,1.464
P0147,2026-03-01,Sports & Fitness,Wellness,8414.37,6183.44,0.2651,3,1.0,1.590165138191175,1.685
P0147,2026-04-01,Sports & Fitness,Wellness,8414.37,6183.44,0.2651,4,1.0,1.6187881106786162,1.638
P0147,2026-05-01,Sports & Fitness,Wellness,8414.37,6183.44,0.2651,5,1.0,1.6479262966708312,1.653
P0147,2026-06-01,Sports & Fitness,Wellness,8414.37,6183.44,0.2651,6,1.1,1.6775889700109063,2.045
P0147,2026-07-01,Sports & Fitness,Wellness,8414.37,6183.44,0.2651,7,1.08,1.7077855714711025,1.854
P0147,2026-08-01,Sports & Fitness,Wellness,8414.37,6183.44,0.2651,8,1.0,1.7385257117575825,1.92
P0147,2026-09-01,Sports & Fitness,Wellness,8414.37,6183.44,0.2651,9,1.0,1.769819174569219,1.681
P0148,2024-01-01,Sports & Fitness,Wellness,264.49,138.19,0.4775,1,0.88,1.0,0.807
P0148,2024-02-01,Sports & Fitness,Wellness,264.49,138.19,0.4775,2,0.9,1.018,0.809
P0148,2024-03-01,Sports & Fitness,Wellness,264.49,138.19,0.4775,3,1.0,1.036324,1.163
P0148,2024-04-01,Sports & Fitness,Wellness,264.49,138.19,0.4775,4,1.0,1.054977832,0.989
P0148,2024-05-01,Sports & Fitness,Wellness,264.49,138.19,0.4775,5,1.0,1.073967432976,1.008
P0148,2024-06-01,Sports & Fitness,Wellness,264.49,138.19,0.4775,6,1.1,1.0932988467695681,1.3
P0148,2024-07-01,Sports & Fitness,Wellness,264.49,138.19,0.4775,7,1.08,1.1129782260114203,1.387
P0148,2024-08-01,Sports & Fitness,Wellness,264.49,138.19,0.4775,8,1.0,1.1330118340796258,1.154
P0148,2024-09-01,Sports & Fitness,Wellness,264.49,138.19,0.4775,9,1.0,1.1534060470930592,1.593
P0148,2024-10-01,Sports & Fitness,Wellness,264.49,138.19,0.4775,10,1.3,1.1741673559407342,1.301
P0148,2024-11-01,Sports & Fitness,Wellness,264.49,138.19,0.4775,11,1.42,1.1953023683476676,2.089
P0148,2024-12-01,Sports & Fitness,Wellness,264.49,138.19,0.4775,12,1.5,1.2168178109779255,1.61
P0148,2025-01-01,Sports & Fitness,Wellness,264.49,138.19,0.4775,1,0.88,1.2387205315755283,1.082
P0148,2025-02-01,Sports & Fitness,Wellness,264.49,138.19,0.4775,2,0.9,1.2610175011438878,1.049
P0148,2025-03-01,Sports & Fitness,Wellness,264.49,138.19,0.4775,3,1.0,1.2837158161644777,1.642
P0148,2025-04-01,Sports & Fitness,Wellness,264.49,138.19,0.4775,4,1.0,1.3068227008554383,1.305
P0148,2025-05-01,Sports & Fitness,Wellness,264.49,138.19,0.4775,5,1.0,1.3303455094708363,1.129
P0148,2025-06-01,Sports & Fitness,Wellness,264.49,138.19,0.4775,6,1.1,1.3542917286413114,1.706
P0148,2025-07-01,Sports & Fitness,Wellness,264.49,138.19,0.4775,7,1.08,1.378668979756855,1.517
P0148,2025-08-01,Sports & Fitness,Wellness,264.49,138.19,0.4775,8,1.0,1.4034850213924783,1.333
P0148,2025-09-01,Sports & Fitness,Wellness,264.49,138.19,0.4775,9,1.0,1.428747751777543,1.41
P0148,2025-10-01,Sports & Fitness,Wellness,264.49,138.19,0.4775,10,1.3,1.4544652113095389,2.243
P0148,2025-11-01,Sports & Fitness,Wellness,264.49,138.19,0.4775,11,1.42,1.4806455851131106,1.645
P0148,2025-12-01,Sports & Fitness,Wellness,264.49,138.19,0.4775,12,1.5,1.5072972056451466,2.734
P0148,2026-01-01,Sports & Fitness,Wellness,264.49,138.19,0.4775,1,0.88,1.5344285553467591,1.287
P0148,2026-02-01,Sports & Fitness,Wellness,264.49,138.19,0.4775,2,0.9,1.562048269343001,1.559
P0148,2026-03-01,Sports & Fitness,Wellness,264.49,138.19,0.4775,3,1.0,1.590165138191175,1.636
P0148,2026-04-01,Sports & Fitness,Wellness,264.49,138.19,0.4775,4,1.0,1.6187881106786162,1.723
P0148,2026-05-01,Sports & Fitness,Wellness,264.49,138.19,0.4775,5,1.0,1.6479262966708312,1.759
P0148,2026-06-01,Sports & Fitness,Wellness,264.49,138.19,0.4775,6,1.1,1.6775889700109063,2.012
P0148,2026-07-01,Sports & Fitness,Wellness,264.49,138.19,0.4775,7,1.08,1.7077855714711025,1.697
P0148,2026-08-01,Sports & Fitness,Wellness,264.49,138.19,0.4775,8,1.0,1.7385257117575825,1.528
P0148,2026-09-01,Sports & Fitness,Wellness,264.49,138.19,0.4775,9,1.0,1.769819174569219,1.676
P0149,2024-01-01,Sports & Fitness,Wellness,8483.95,3753.28,0.5576,1,0.88,1.0,0.78
P0149,2024-02-01,Sports & Fitness,Wellness,8483.95,3753.28,0.5576,2,0.9,1.018,0.885
P0149,2024-03-01,Sports & Fitness,Wellness,8483.95,3753.28,0.5576,3,1.0,1.036324,1.163
P0149,2024-04-01,Sports & Fitness,Wellness,8483.95,3753.28,0.5576,4,1.0,1.054977832,0.948
P0149,2024-05-01,Sports & Fitness,Wellness,8483.95,3753.28,0.5576,5,1.0,1.073967432976,1.007
P0149,2024-06-01,Sports & Fitness,Wellness,8483.95,3753.28,0.5576,6,1.1,1.0932988467695681,1.306
P0149,2024-07-01,Sports & Fitness,Wellness,8483.95,3753.28,0.5576,7,1.08,1.1129782260114203,0.992
P0149,2024-08-01,Sports & Fitness,Wellness,8483.95,3753.28,0.5576,8,1.0,1.1330118340796258,1.029
P0149,2024-09-01,Sports & Fitness,Wellness,8483.95,3753.28,0.5576,9,1.0,1.1534060470930592,1.455
P0149,2024-10-01,Sports & Fitness,Wellness,8483.95,3753.28,0.5576,10,1.3,1.1741673559407342,1.815
P0149,2024-11-01,Sports & Fitness,Wellness,8483.95,3753.28,0.5576,11,1.42,1.1953023683476676,1.701
P0149,2024-12-01,Sports & Fitness,Wellness,8483.95,3753.28,0.5576,12,1.5,1.2168178109779255,1.752
P0149,2025-01-01,Sports & Fitness,Wellness,8483.95,3753.28,0.5576,1,0.88,1.2387205315755283,1.34
P0149,2025-02-01,Sports & Fitness,Wellness,8483.95,3753.28,0.5576,2,0.9,1.2610175011438878,1.023
P0149,2025-03-01,Sports & Fitness,Wellness,8483.95,3753.28,0.5576,3,1.0,1.2837158161644777,1.518
P0149,2025-04-01,Sports & Fitness,Wellness,8483.95,3753.28,0.5576,4,1.0,1.3068227008554383,1.226
P0149,2025-05-01,Sports & Fitness,Wellness,8483.95,3753.28,0.5576,5,1.0,1.3303455094708363,1.141
P0149,2025-06-01,Sports & Fitness,Wellness,8483.95,3753.28,0.5576,6,1.1,1.3542917286413114,1.762
P0149,2025-07-01,Sports & Fitness,Wellness,8483.95,3753.28,0.5576,7,1.08,1.378668979756855,1.421
P0149,2025-08-01,Sports & Fitness,Wellness,8483.95,3753.28,0.5576,8,1.0,1.4034850213924783,1.491
P0149,2025-09-01,Sports & Fitness,Wellness,8483.95,3753.28,0.5576,9,1.0,1.428747751777543,1.775
P0149,2025-10-01,Sports & Fitness,Wellness,8483.95,3753.28,0.5576,10,1.3,1.4544652113095389,1.623
P0149,2025-11-01,Sports & Fitness,Wellness,8483.95,3753.28,0.5576,11,1.42,1.4806455851131106,1.698
P0149,2025-12-01,Sports & Fitness,Wellness,8483.95,3753.28,0.5576,12,1.5,1.5072972056451466,2.351
P0149,2026-01-01,Sports & Fitness,Wellness,8483.95,3753.28,0.5576,1,0.88,1.5344285553467591,1.143
P0149,2026-02-01,Sports & Fitness,Wellness,8483.95,3753.28,0.5576,2,0.9,1.562048269343001,1.387
P0149,2026-03-01,Sports & Fitness,Wellness,8483.95,3753.28,0.5576,3,1.0,1.590165138191175,1.63
P0149,2026-04-01,Sports & Fitness,Wellness,8483.95,3753.28,0.5576,4,1.0,1.6187881106786162,1.504
P0149,2026-05-01,Sports & Fitness,Wellness,8483.95,3753.28,0.5576,5,1.0,1.6479262966708312,1.424
P0149,2026-06-01,Sports & Fitness,Wellness,8483.95,3753.28,0.5576,6,1.1,1.6775889700109063,1.738
P0149,2026-07-01,Sports & Fitness,Wellness,8483.95,3753.28,0.5576,7,1.08,1.7077855714711025,1.721
P0149,2026-08-01,Sports & Fitness,Wellness,8483.95,3753.28,0.5576,8,1.0,1.7385257117575825,1.658
P0149,2026-09-01,Sports & Fitness,Wellness,8483.95,3753.28,0.5576,9,1.0,1.769819174569219,1.394
P0150,2024-01-01,Sports & Fitness,Wellness,1509.16,874.71,0.4204,1,0.88,1.0,1.006
P0150,2024-02-01,Sports & Fitness,Wellness,1509.16,874.71,0.4204,2,0.9,1.018,0.926
P0150,2024-03-01,Sports & Fitness,Wellness,1509.16,874.71,0.4204,3,1.0,1.036324,1.106
P0150,2024-04-01,Sports & Fitness,Wellness,1509.16,874.71,0.4204,4,1.0,1.054977832,0.901
P0150,2024-05-01,Sports & Fitness,Wellness,1509.16,874.71,0.4204,5,1.0,1.073967432976,0.952
P0150,2024-06-01,Sports & Fitness,Wellness,1509.16,874.71,0.4204,6,1.1,1.0932988467695681,1.167
P0150,2024-07-01,Sports & Fitness,Wellness,1509.16,874.71,0.4204,7,1.08,1.1129782260114203,1.361
P0150,2024-08-01,Sports & Fitness,Wellness,1509.16,874.71,0.4204,8,1.0,1.1330118340796258,1.087
P0150,2024-09-01,Sports & Fitness,Wellness,1509.16,874.71,0.4204,9,1.0,1.1534060470930592,1.006
P0150,2024-10-01,Sports & Fitness,Wellness,1509.16,874.71,0.4204,10,1.3,1.1741673559407342,1.649
P0150,2024-11-01,Sports & Fitness,Wellness,1509.16,874.71,0.4204,11,1.42,1.1953023683476676,1.872
P0150,2024-12-01,Sports & Fitness,Wellness,1509.16,874.71,0.4204,12,1.5,1.2168178109779255,1.589
P0150,2025-01-01,Sports & Fitness,Wellness,1509.16,874.71,0.4204,1,0.88,1.2387205315755283,1.195
P0150,2025-02-01,Sports & Fitness,Wellness,1509.16,874.71,0.4204,2,0.9,1.2610175011438878,1.024
P0150,2025-03-01,Sports & Fitness,Wellness,1509.16,874.71,0.4204,3,1.0,1.2837158161644777,1.246
P0150,2025-04-01,Sports & Fitness,Wellness,1509.16,874.71,0.4204,4,1.0,1.3068227008554383,1.463
P0150,2025-05-01,Sports & Fitness,Wellness,1509.16,874.71,0.4204,5,1.0,1.3303455094708363,1.328
P0150,2025-06-01,Sports & Fitness,Wellness,1509.16,874.71,0.4204,6,1.1,1.3542917286413114,1.417
P0150,2025-07-01,Sports & Fitness,Wellness,1509.16,874.71,0.4204,7,1.08,1.378668979756855,1.256
P0150,2025-08-01,Sports & Fitness,Wellness,1509.16,874.71,0.4204,8,1.0,1.4034850213924783,1.295
P0150,2025-09-01,Sports & Fitness,Wellness,1509.16,874.71,0.4204,9,1.0,1.428747751777543,1.49
P0150,2025-10-01,Sports & Fitness,Wellness,1509.16,874.71,0.4204,10,1.3,1.4544652113095389,1.818
P0150,2025-11-01,Sports & Fitness,Wellness,1509.16,874.71,0.4204,11,1.42,1.4806455851131106,2.306
P0150,2025-12-01,Sports & Fitness,Wellness,1509.16,874.71,0.4204,12,1.5,1.5072972056451466,2.304
P0150,2026-01-01,Sports & Fitness,Wellness,1509.16,874.71,0.4204,1,0.88,1.5344285553467591,1.497
P0150,2026-02-01,Sports & Fitness,Wellness,1509.16,874.71,0.4204,2,0.9,1.562048269343001,1.467
P0150,2026-03-01,Sports & Fitness,Wellness,1509.16,874.71,0.4204,3,1.0,1.590165138191175,1.596
P0150,2026-04-01,Sports & Fitness,Wellness,1509.16,874.71,0.4204,4,1.0,1.6187881106786162,1.677
P0150,2026-05-01,Sports & Fitness,Wellness,1509.16,874.71,0.4204,5,1.0,1.6479262966708312,1.24
P0150,2026-06-01,Sports & Fitness,Wellness,1509.16,874.71,0.4204,6,1.1,1.6775889700109063,1.699
P0150,2026-07-01,Sports & Fitness,Wellness,1509.16,874.71,0.4204,7,1.08,1.7077855714711025,1.608
P0150,2026-08-01,Sports & Fitness,Wellness,1509.16,874.71,0.4204,8,1.0,1.7385257117575825,1.848
P0150,2026-09-01,Sports & Fitness,Wellness,1509.16,874.71,0.4204,9,1.0,1.769819174569219,1.731
P0151,2024-01-01,Grocery & Gourmet,Snacks,97.77,61.41,0.3719,1,0.88,1.0,0.894
P0151,2024-02-01,Grocery & Gourmet,Snacks,97.77,61.41,0.3719,2,0.9,1.008,0.787
P0151,2024-03-01,Grocery & Gourmet,Snacks,97.77,61.41,0.3719,3,1.0,1.016064,1.07
P0151,2024-04-01,Grocery & Gourmet,Snacks,97.77,61.41,0.3719,4,1.0,1.024192512,0.875
P0151,2024-05-01,Grocery & Gourmet,Snacks,97.77,61.41,0.3719,5,1.0,1.032386052096,0.916
P0151,2024-06-01,Grocery & Gourmet,Snacks,97.77,61.41,0.3719,6,1.1,1.0406451405127681,1.112
P0151,2024-07-01,Grocery & Gourmet,Snacks,97.77,61.41,0.3719,7,1.08,1.04897030163687,1.152
P0151,2024-08-01,Grocery & Gourmet,Snacks,97.77,61.41,0.3719,8,1.0,1.0573620640499652,0.931
P0151,2024-09-01,Grocery & Gourmet,Snacks,97.77,61.41,0.3719,9,1.0,1.065820960562365,1.129
P0151,2024-10-01,Grocery & Gourmet,Snacks,97.77,61.41,0.3719,10,1.3,1.0743475282468637,1.685
P0151,2024-11-01,Grocery & Gourmet,Snacks,97.77,61.41,0.3719,11,1.42,1.0829423084728387,1.384
P0151,2024-12-01,Grocery & Gourmet,Snacks,97.77,61.41,0.3719,12,1.5,1.0916058469406213,1.445
P0151,2025-01-01,Grocery & Gourmet,Snacks,97.77,61.41,0.3719,1,0.88,1.1003386937161463,0.883
P0151,2025-02-01,Grocery & Gourmet,Snacks,97.77,61.41,0.3719,2,0.9,1.1091414032658755,0.844
P0151,2025-03-01,Grocery & Gourmet,Snacks,97.77,61.41,0.3719,3,1.0,1.1180145344920027,1.099
P0151,2025-04-01,Grocery & Gourmet,Snacks,97.77,61.41,0.3719,4,1.0,1.1269586507679386,1.517
P0151,2025-05-01,Grocery & Gourmet,Snacks,97.77,61.41,0.3719,5,1.0,1.1359743199740822,1.036
P0151,2025-06-01,Grocery & Gourmet,Snacks,97.77,61.41,0.3719,6,1.1,1.1450621145338749,1.209
P0151,2025-07-01,Grocery & Gourmet,Snacks,97.77,61.41,0.3719,7,1.08,1.154222611450146,1.208
P0151,2025-08-01,Grocery & Gourmet,Snacks,97.77,61.41,0.3719,8,1.0,1.163456392341747,1.348
P0151,2025-09-01,Grocery & Gourmet,Snacks,97.77,61.41,0.3719,9,1.0,1.172764043480481,1.159
P0151,2025-10-01,Grocery & Gourmet,Snacks,97.77,61.41,0.3719,10,1.3,1.1821461558283248,1.776
P0151,2025-11-01,Grocery & Gourmet,Snacks,97.77,61.41,0.3719,11,1.42,1.1916033250749514,2.36
P0151,2025-12-01,Grocery & Gourmet,Snacks,97.77,61.41,0.3719,12,1.5,1.201136151675551,1.701
P0151,2026-01-01,Grocery & Gourmet,Snacks,97.77,61.41,0.3719,1,0.88,1.2107452408889554,1.184
P0151,2026-02-01,Grocery & Gourmet,Snacks,97.77,61.41,0.3719,2,0.9,1.220431202816067,1.051
P0151,2026-03-01,Grocery & Gourmet,Snacks,97.77,61.41,0.3719,3,1.0,1.2301946524385956,1.382
P0151,2026-04-01,Grocery & Gourmet,Snacks,97.77,61.41,0.3719,4,1.0,1.2400362096581046,1.235
P0151,2026-05-01,Grocery & Gourmet,Snacks,97.77,61.41,0.3719,5,1.0,1.2499564993353693,1.074
P0151,2026-06-01,Grocery & Gourmet,Snacks,97.77,61.41,0.3719,6,1.1,1.2599561513300523,1.348
P0151,2026-07-01,Grocery & Gourmet,Snacks,97.77,61.41,0.3719,7,1.08,1.2700358005406926,1.496
P0151,2026-08-01,Grocery & Gourmet,Snacks,97.77,61.41,0.3719,8,1.0,1.2801960869450182,1.385
P0151,2026-09-01,Grocery & Gourmet,Snacks,97.77,61.41,0.3719,9,1.0,1.2904376556405783,1.4
P0152,2024-01-01,Grocery & Gourmet,Snacks,604.55,478.53,0.2085,1,0.88,1.0,0.766
P0152,2024-02-01,Grocery & Gourmet,Snacks,604.55,478.53,0.2085,2,0.9,1.008,0.866
P0152,2024-03-01,Grocery & Gourmet,Snacks,604.55,478.53,0.2085,3,1.0,1.016064,0.97
P0152,2024-04-01,Grocery & Gourmet,Snacks,604.55,478.53,0.2085,4,1.0,1.024192512,1.292
P0152,2024-05-01,Grocery & Gourmet,Snacks,604.55,478.53,0.2085,5,1.0,1.032386052096,1.177
P0152,2024-06-01,Grocery & Gourmet,Snacks,604.55,478.53,0.2085,6,1.1,1.0406451405127681,1.042
P0152,2024-07-01,Grocery & Gourmet,Snacks,604.55,478.53,0.2085,7,1.08,1.04897030163687,0.993
P0152,2024-08-01,Grocery & Gourmet,Snacks,604.55,478.53,0.2085,8,1.0,1.0573620640499652,0.797
P0152,2024-09-01,Grocery & Gourmet,Snacks,604.55,478.53,0.2085,9,1.0,1.065820960562365,0.941
P0152,2024-10-01,Grocery & Gourmet,Snacks,604.55,478.53,0.2085,10,1.3,1.0743475282468637,1.345
P0152,2024-11-01,Grocery & Gourmet,Snacks,604.55,478.53,0.2085,11,1.42,1.0829423084728387,1.57
P0152,2024-12-01,Grocery & Gourmet,Snacks,604.55,478.53,0.2085,12,1.5,1.0916058469406213,1.354
P0152,2025-01-01,Grocery & Gourmet,Snacks,604.55,478.53,0.2085,1,0.88,1.1003386937161463,1.065
P0152,2025-02-01,Grocery & Gourmet,Snacks,604.55,478.53,0.2085,2,0.9,1.1091414032658755,0.835
P0152,2025-03-01,Grocery & Gourmet,Snacks,604.55,478.53,0.2085,3,1.0,1.1180145344920027,1.227
P0152,2025-04-01,Grocery & Gourmet,Snacks,604.55,478.53,0.2085,4,1.0,1.1269586507679386,0.892
P0152,2025-05-01,Grocery & Gourmet,Snacks,604.55,478.53,0.2085,5,1.0,1.1359743199740822,1.366
P0152,2025-06-01,Grocery & Gourmet,Snacks,604.55,478.53,0.2085,6,1.1,1.1450621145338749,1.132
P0152,2025-07-01,Grocery & Gourmet,Snacks,604.55,478.53,0.2085,7,1.08,1.154222611450146,1.11
P0152,2025-08-01,Grocery & Gourmet,Snacks,604.55,478.53,0.2085,8,1.0,1.163456392341747,1.009
P0152,2025-09-01,Grocery & Gourmet,Snacks,604.55,478.53,0.2085,9,1.0,1.172764043480481,1.291
P0152,2025-10-01,Grocery & Gourmet,Snacks,604.55,478.53,0.2085,10,1.3,1.1821461558283248,1.437
P0152,2025-11-01,Grocery & Gourmet,Snacks,604.55,478.53,0.2085,11,1.42,1.1916033250749514,1.714
P0152,2025-12-01,Grocery & Gourmet,Snacks,604.55,478.53,0.2085,12,1.5,1.201136151675551,1.602
P0152,2026-01-01,Grocery & Gourmet,Snacks,604.55,478.53,0.2085,1,0.88,1.2107452408889554,1.061
P0152,2026-02-01,Grocery & Gourmet,Snacks,604.55,478.53,0.2085,2,0.9,1.220431202816067,1.114
P0152,2026-03-01,Grocery & Gourmet,Snacks,604.55,478.53,0.2085,3,1.0,1.2301946524385956,1.441
P0152,2026-04-01,Grocery & Gourmet,Snacks,604.55,478.53,0.2085,4,1.0,1.2400362096581046,1.276
P0152,2026-05-01,Grocery & Gourmet,Snacks,604.55,478.53,0.2085,5,1.0,1.2499564993353693,1.155
P0152,2026-06-01,Grocery & Gourmet,Snacks,604.55,478.53,0.2085,6,1.1,1.2599561513300523,1.352
P0152,2026-07-01,Grocery & Gourmet,Snacks,604.55,478.53,0.2085,7,1.08,1.2700358005406926,1.415
P0152,2026-08-01,Grocery & Gourmet,Snacks,604.55,478.53,0.2085,8,1.0,1.2801960869450182,1.183
P0152,2026-09-01,Grocery & Gourmet,Snacks,604.55,478.53,0.2085,9,1.0,1.2904376556405783,1.603
P0153,2024-01-01,Grocery & Gourmet,Snacks,306.55,170.78,0.4429,1,0.88,1.0,0.995
P0153,2024-02-01,Grocery & Gourmet,Snacks,306.55,170.78,0.4429,2,0.9,1.008,1.048
P0153,2024-03-01,Grocery & Gourmet,Snacks,306.55,170.78,0.4429,3,1.0,1.016064,1.116
P0153,2024-04-01,Grocery & Gourmet,Snacks,306.55,170.78,0.4429,4,1.0,1.024192512,0.947
P0153,2024-05-01,Grocery & Gourmet,Snacks,306.55,170.78,0.4429,5,1.0,1.032386052096,1.035
P0153,2024-06-01,Grocery & Gourmet,Snacks,306.55,170.78,0.4429,6,1.1,1.0406451405127681,1.23
P0153,2024-07-01,Grocery & Gourmet,Snacks,306.55,170.78,0.4429,7,1.08,1.04897030163687,1.3
P0153,2024-08-01,Grocery & Gourmet,Snacks,306.55,170.78,0.4429,8,1.0,1.0573620640499652,1.132
P0153,2024-09-01,Grocery & Gourmet,Snacks,306.55,170.78,0.4429,9,1.0,1.065820960562365,1.112
P0153,2024-10-01,Grocery & Gourmet,Snacks,306.55,170.78,0.4429,10,1.3,1.0743475282468637,1.515
P0153,2024-11-01,Grocery & Gourmet,Snacks,306.55,170.78,0.4429,11,1.42,1.0829423084728387,1.515
P0153,2024-12-01,Grocery & Gourmet,Snacks,306.55,170.78,0.4429,12,1.5,1.0916058469406213,1.377
P0153,2025-01-01,Grocery & Gourmet,Snacks,306.55,170.78,0.4429,1,0.88,1.1003386937161463,0.829
P0153,2025-02-01,Grocery & Gourmet,Snacks,306.55,170.78,0.4429,2,0.9,1.1091414032658755,0.844
P0153,2025-03-01,Grocery & Gourmet,Snacks,306.55,170.78,0.4429,3,1.0,1.1180145344920027,1.075
P0153,2025-04-01,Grocery & Gourmet,Snacks,306.55,170.78,0.4429,4,1.0,1.1269586507679386,1.27
P0153,2025-05-01,Grocery & Gourmet,Snacks,306.55,170.78,0.4429,5,1.0,1.1359743199740822,1.02
P0153,2025-06-01,Grocery & Gourmet,Snacks,306.55,170.78,0.4429,6,1.1,1.1450621145338749,1.433
P0153,2025-07-01,Grocery & Gourmet,Snacks,306.55,170.78,0.4429,7,1.08,1.154222611450146,1.17
P0153,2025-08-01,Grocery & Gourmet,Snacks,306.55,170.78,0.4429,8,1.0,1.163456392341747,1.225
P0153,2025-09-01,Grocery & Gourmet,Snacks,306.55,170.78,0.4429,9,1.0,1.172764043480481,1.118
P0153,2025-10-01,Grocery & Gourmet,Snacks,306.55,170.78,0.4429,10,1.3,1.1821461558283248,1.382
P0153,2025-11-01,Grocery & Gourmet,Snacks,306.55,170.78,0.4429,11,1.42,1.1916033250749514,1.614
P0153,2025-12-01,Grocery & Gourmet,Snacks,306.55,170.78,0.4429,12,1.5,1.201136151675551,1.699
P0153,2026-01-01,Grocery & Gourmet,Snacks,306.55,170.78,0.4429,1,0.88,1.2107452408889554,1.096
P0153,2026-02-01,Grocery & Gourmet,Snacks,306.55,170.78,0.4429,2,0.9,1.220431202816067,1.286
P0153,2026-03-01,Grocery & Gourmet,Snacks,306.55,170.78,0.4429,3,1.0,1.2301946524385956,1.45
P0153,2026-04-01,Grocery & Gourmet,Snacks,306.55,170.78,0.4429,4,1.0,1.2400362096581046,1.016
P0153,2026-05-01,Grocery & Gourmet,Snacks,306.55,170.78,0.4429,5,1.0,1.2499564993353693,1.281
P0153,2026-06-01,Grocery & Gourmet,Snacks,306.55,170.78,0.4429,6,1.1,1.2599561513300523,1.378
P0153,2026-07-01,Grocery & Gourmet,Snacks,306.55,170.78,0.4429,7,1.08,1.2700358005406926,1.147
P0153,2026-08-01,Grocery & Gourmet,Snacks,306.55,170.78,0.4429,8,1.0,1.2801960869450182,1.201
P0153,2026-09-01,Grocery & Gourmet,Snacks,306.55,170.78,0.4429,9,1.0,1.2904376556405783,1.246
P0154,2024-01-01,Grocery & Gourmet,Snacks,385.91,242.76,0.371,1,0.88,1.0,0.924
P0154,2024-02-01,Grocery & Gourmet,Snacks,385.91,242.76,0.371,2,0.9,1.008,0.995
P0154,2024-03-01,Grocery & Gourmet,Snacks,385.91,242.76,0.371,3,1.0,1.016064,1.052
P0154,2024-04-01,Grocery & Gourmet,Snacks,385.91,242.76,0.371,4,1.0,1.024192512,1.001
P0154,2024-05-01,Grocery & Gourmet,Snacks,385.91,242.76,0.371,5,1.0,1.032386052096,0.992
P0154,2024-06-01,Grocery & Gourmet,Snacks,385.91,242.76,0.371,6,1.1,1.0406451405127681,1.309
P0154,2024-07-01,Grocery & Gourmet,Snacks,385.91,242.76,0.371,7,1.08,1.04897030163687,1.038
P0154,2024-08-01,Grocery & Gourmet,Snacks,385.91,242.76,0.371,8,1.0,1.0573620640499652,1.123
P0154,2024-09-01,Grocery & Gourmet,Snacks,385.91,242.76,0.371,9,1.0,1.065820960562365,0.903
P0154,2024-10-01,Grocery & Gourmet,Snacks,385.91,242.76,0.371,10,1.3,1.0743475282468637,1.384
P0154,2024-11-01,Grocery & Gourmet,Snacks,385.91,242.76,0.371,11,1.42,1.0829423084728387,1.843
P0154,2024-12-01,Grocery & Gourmet,Snacks,385.91,242.76,0.371,12,1.5,1.0916058469406213,1.6
P0154,2025-01-01,Grocery & Gourmet,Snacks,385.91,242.76,0.371,1,0.88,1.1003386937161463,0.957
P0154,2025-02-01,Grocery & Gourmet,Snacks,385.91,242.76,0.371,2,0.9,1.1091414032658755,1.095
P0154,2025-03-01,Grocery & Gourmet,Snacks,385.91,242.76,0.371,3,1.0,1.1180145344920027,1.15
P0154,2025-04-01,Grocery & Gourmet,Snacks,385.91,242.76,0.371,4,1.0,1.1269586507679386,1.222
P0154,2025-05-01,Grocery & Gourmet,Snacks,385.91,242.76,0.371,5,1.0,1.1359743199740822,1.104
P0154,2025-06-01,Grocery & Gourmet,Snacks,385.91,242.76,0.371,6,1.1,1.1450621145338749,1.25
P0154,2025-07-01,Grocery & Gourmet,Snacks,385.91,242.76,0.371,7,1.08,1.154222611450146,1.263
P0154,2025-08-01,Grocery & Gourmet,Snacks,385.91,242.76,0.371,8,1.0,1.163456392341747,0.991
P0154,2025-09-01,Grocery & Gourmet,Snacks,385.91,242.76,0.371,9,1.0,1.172764043480481,1.119
P0154,2025-10-01,Grocery & Gourmet,Snacks,385.91,242.76,0.371,10,1.3,1.1821461558283248,1.403
P0154,2025-11-01,Grocery & Gourmet,Snacks,385.91,242.76,0.371,11,1.42,1.1916033250749514,1.695
P0154,2025-12-01,Grocery & Gourmet,Snacks,385.91,242.76,0.371,12,1.5,1.201136151675551,1.858
P0154,2026-01-01,Grocery & Gourmet,Snacks,385.91,242.76,0.371,1,0.88,1.2107452408889554,0.87
P0154,2026-02-01,Grocery & Gourmet,Snacks,385.91,242.76,0.371,2,0.9,1.220431202816067,1.253
P0154,2026-03-01,Grocery & Gourmet,Snacks,385.91,242.76,0.371,3,1.0,1.2301946524385956,1.067
P0154,2026-04-01,Grocery & Gourmet,Snacks,385.91,242.76,0.371,4,1.0,1.2400362096581046,1.211
P0154,2026-05-01,Grocery & Gourmet,Snacks,385.91,242.76,0.371,5,1.0,1.2499564993353693,1.013
P0154,2026-06-01,Grocery & Gourmet,Snacks,385.91,242.76,0.371,6,1.1,1.2599561513300523,1.475
P0154,2026-07-01,Grocery & Gourmet,Snacks,385.91,242.76,0.371,7,1.08,1.2700358005406926,1.566
P0154,2026-08-01,Grocery & Gourmet,Snacks,385.91,242.76,0.371,8,1.0,1.2801960869450182,1.361
P0154,2026-09-01,Grocery & Gourmet,Snacks,385.91,242.76,0.371,9,1.0,1.2904376556405783,1.342
P0155,2024-01-01,Grocery & Gourmet,Snacks,1476.33,1109.78,0.2483,1,0.88,1.0,0.867
P0155,2024-02-01,Grocery & Gourmet,Snacks,1476.33,1109.78,0.2483,2,0.9,1.008,0.899
P0155,2024-03-01,Grocery & Gourmet,Snacks,1476.33,1109.78,0.2483,3,1.0,1.016064,0.864
P0155,2024-04-01,Grocery & Gourmet,Snacks,1476.33,1109.78,0.2483,4,1.0,1.024192512,0.825
P0155,2024-05-01,Grocery & Gourmet,Snacks,1476.33,1109.78,0.2483,5,1.0,1.032386052096,1.278
P0155,2024-06-01,Grocery & Gourmet,Snacks,1476.33,1109.78,0.2483,6,1.1,1.0406451405127681,1.24
P0155,2024-07-01,Grocery & Gourmet,Snacks,1476.33,1109.78,0.2483,7,1.08,1.04897030163687,1.274
P0155,2024-08-01,Grocery & Gourmet,Snacks,1476.33,1109.78,0.2483,8,1.0,1.0573620640499652,1.016
P0155,2024-09-01,Grocery & Gourmet,Snacks,1476.33,1109.78,0.2483,9,1.0,1.065820960562365,0.887
P0155,2024-10-01,Grocery & Gourmet,Snacks,1476.33,1109.78,0.2483,10,1.3,1.0743475282468637,1.234
P0155,2024-11-01,Grocery & Gourmet,Snacks,1476.33,1109.78,0.2483,11,1.42,1.0829423084728387,1.32
P0155,2024-12-01,Grocery & Gourmet,Snacks,1476.33,1109.78,0.2483,12,1.5,1.0916058469406213,1.569
P0155,2025-01-01,Grocery & Gourmet,Snacks,1476.33,1109.78,0.2483,1,0.88,1.1003386937161463,0.996
P0155,2025-02-01,Grocery & Gourmet,Snacks,1476.33,1109.78,0.2483,2,0.9,1.1091414032658755,1.029
P0155,2025-03-01,Grocery & Gourmet,Snacks,1476.33,1109.78,0.2483,3,1.0,1.1180145344920027,1.391
P0155,2025-04-01,Grocery & Gourmet,Snacks,1476.33,1109.78,0.2483,4,1.0,1.1269586507679386,0.909
P0155,2025-05-01,Grocery & Gourmet,Snacks,1476.33,1109.78,0.2483,5,1.0,1.1359743199740822,1.156
P0155,2025-06-01,Grocery & Gourmet,Snacks,1476.33,1109.78,0.2483,6,1.1,1.1450621145338749,1.378
P0155,2025-07-01,Grocery & Gourmet,Snacks,1476.33,1109.78,0.2483,7,1.08,1.154222611450146,1.319
P0155,2025-08-01,Grocery & Gourmet,Snacks,1476.33,1109.78,0.2483,8,1.0,1.163456392341747,1.008
P0155,2025-09-01,Grocery & Gourmet,Snacks,1476.33,1109.78,0.2483,9,1.0,1.172764043480481,1.236
P0155,2025-10-01,Grocery & Gourmet,Snacks,1476.33,1109.78,0.2483,10,1.3,1.1821461558283248,1.28
P0155,2025-11-01,Grocery & Gourmet,Snacks,1476.33,1109.78,0.2483,11,1.42,1.1916033250749514,1.742
P0155,2025-12-01,Grocery & Gourmet,Snacks,1476.33,1109.78,0.2483,12,1.5,1.201136151675551,1.504
P0155,2026-01-01,Grocery & Gourmet,Snacks,1476.33,1109.78,0.2483,1,0.88,1.2107452408889554,1.234
P0155,2026-02-01,Grocery & Gourmet,Snacks,1476.33,1109.78,0.2483,2,0.9,1.220431202816067,0.912
P0155,2026-03-01,Grocery & Gourmet,Snacks,1476.33,1109.78,0.2483,3,1.0,1.2301946524385956,1.116
P0155,2026-04-01,Grocery & Gourmet,Snacks,1476.33,1109.78,0.2483,4,1.0,1.2400362096581046,1.26
P0155,2026-05-01,Grocery & Gourmet,Snacks,1476.33,1109.78,0.2483,5,1.0,1.2499564993353693,1.205
P0155,2026-06-01,Grocery & Gourmet,Snacks,1476.33,1109.78,0.2483,6,1.1,1.2599561513300523,1.357
P0155,2026-07-01,Grocery & Gourmet,Snacks,1476.33,1109.78,0.2483,7,1.08,1.2700358005406926,1.55
P0155,2026-08-01,Grocery & Gourmet,Snacks,1476.33,1109.78,0.2483,8,1.0,1.2801960869450182,1.371
P0155,2026-09-01,Grocery & Gourmet,Snacks,1476.33,1109.78,0.2483,9,1.0,1.2904376556405783,1.376
P0156,2024-01-01,Grocery & Gourmet,Snacks,392.81,284.72,0.2752,1,0.88,1.0,0.766
P0156,2024-02-01,Grocery & Gourmet,Snacks,392.81,284.72,0.2752,2,0.9,1.008,1.02
P0156,2024-03-01,Grocery & Gourmet,Snacks,392.81,284.72,0.2752,3,1.0,1.016064,1.192
P0156,2024-04-01,Grocery & Gourmet,Snacks,392.81,284.72,0.2752,4,1.0,1.024192512,1.242
P0156,2024-05-01,Grocery & Gourmet,Snacks,392.81,284.72,0.2752,5,1.0,1.032386052096,0.84
P0156,2024-06-01,Grocery & Gourmet,Snacks,392.81,284.72,0.2752,6,1.1,1.0406451405127681,1.279
P0156,2024-07-01,Grocery & Gourmet,Snacks,392.81,284.72,0.2752,7,1.08,1.04897030163687,0.932
P0156,2024-08-01,Grocery & Gourmet,Snacks,392.81,284.72,0.2752,8,1.0,1.0573620640499652,1.03
P0156,2024-09-01,Grocery & Gourmet,Snacks,392.81,284.72,0.2752,9,1.0,1.065820960562365,0.987
P0156,2024-10-01,Grocery & Gourmet,Snacks,392.81,284.72,0.2752,10,1.3,1.0743475282468637,1.619
P0156,2024-11-01,Grocery & Gourmet,Snacks,392.81,284.72,0.2752,11,1.42,1.0829423084728387,1.695
P0156,2024-12-01,Grocery & Gourmet,Snacks,392.81,284.72,0.2752,12,1.5,1.0916058469406213,1.553
P0156,2025-01-01,Grocery & Gourmet,Snacks,392.81,284.72,0.2752,1,0.88,1.1003386937161463,1.138
P0156,2025-02-01,Grocery & Gourmet,Snacks,392.81,284.72,0.2752,2,0.9,1.1091414032658755,1.154
P0156,2025-03-01,Grocery & Gourmet,Snacks,392.81,284.72,0.2752,3,1.0,1.1180145344920027,1.013
P0156,2025-04-01,Grocery & Gourmet,Snacks,392.81,284.72,0.2752,4,1.0,1.1269586507679386,1.019
P0156,2025-05-01,Grocery & Gourmet,Snacks,392.81,284.72,0.2752,5,1.0,1.1359743199740822,1.175
P0156,2025-06-01,Grocery & Gourmet,Snacks,392.81,284.72,0.2752,6,1.1,1.1450621145338749,1.365
P0156,2025-07-01,Grocery & Gourmet,Snacks,392.81,284.72,0.2752,7,1.08,1.154222611450146,1.295
P0156,2025-08-01,Grocery & Gourmet,Snacks,392.81,284.72,0.2752,8,1.0,1.163456392341747,0.986
P0156,2025-09-01,Grocery & Gourmet,Snacks,392.81,284.72,0.2752,9,1.0,1.172764043480481,1.294
P0156,2025-10-01,Grocery & Gourmet,Snacks,392.81,284.72,0.2752,10,1.3,1.1821461558283248,1.65
P0156,2025-11-01,Grocery & Gourmet,Snacks,392.81,284.72,0.2752,11,1.42,1.1916033250749514,1.544
P0156,2025-12-01,Grocery & Gourmet,Snacks,392.81,284.72,0.2752,12,1.5,1.201136151675551,1.726
P0156,2026-01-01,Grocery & Gourmet,Snacks,392.81,284.72,0.2752,1,0.88,1.2107452408889554,0.928
P0156,2026-02-01,Grocery & Gourmet,Snacks,392.81,284.72,0.2752,2,0.9,1.220431202816067,1.232
P0156,2026-03-01,Grocery & Gourmet,Snacks,392.81,284.72,0.2752,3,1.0,1.2301946524385956,1.266
P0156,2026-04-01,Grocery & Gourmet,Snacks,392.81,284.72,0.2752,4,1.0,1.2400362096581046,1.102
P0156,2026-05-01,Grocery & Gourmet,Snacks,392.81,284.72,0.2752,5,1.0,1.2499564993353693,1.447
P0156,2026-06-01,Grocery & Gourmet,Snacks,392.81,284.72,0.2752,6,1.1,1.2599561513300523,1.505
P0156,2026-07-01,Grocery & Gourmet,Snacks,392.81,284.72,0.2752,7,1.08,1.2700358005406926,1.513
P0156,2026-08-01,Grocery & Gourmet,Snacks,392.81,284.72,0.2752,8,1.0,1.2801960869450182,1.126
P0156,2026-09-01,Grocery & Gourmet,Snacks,392.81,284.72,0.2752,9,1.0,1.2904376556405783,1.428
P0157,2024-01-01,Grocery & Gourmet,Snacks,2090.49,1526.32,0.2699,1,0.88,1.0,0.848
P0157,2024-02-01,Grocery & Gourmet,Snacks,2090.49,1526.32,0.2699,2,0.9,1.008,1.054
P0157,2024-03-01,Grocery & Gourmet,Snacks,2090.49,1526.32,0.2699,3,1.0,1.016064,0.991
P0157,2024-04-01,Grocery & Gourmet,Snacks,2090.49,1526.32,0.2699,4,1.0,1.024192512,0.838
P0157,2024-05-01,Grocery & Gourmet,Snacks,2090.49,1526.32,0.2699,5,1.0,1.032386052096,0.954
P0157,2024-06-01,Grocery & Gourmet,Snacks,2090.49,1526.32,0.2699,6,1.1,1.0406451405127681,0.911
P0157,2024-07-01,Grocery & Gourmet,Snacks,2090.49,1526.32,0.2699,7,1.08,1.04897030163687,0.868
P0157,2024-08-01,Grocery & Gourmet,Snacks,2090.49,1526.32,0.2699,8,1.0,1.0573620640499652,1.007
P0157,2024-09-01,Grocery & Gourmet,Snacks,2090.49,1526.32,0.2699,9,1.0,1.065820960562365,1.019
P0157,2024-10-01,Grocery & Gourmet,Snacks,2090.49,1526.32,0.2699,10,1.3,1.0743475282468637,1.714
P0157,2024-11-01,Grocery & Gourmet,Snacks,2090.49,1526.32,0.2699,11,1.42,1.0829423084728387,1.399
P0157,2024-12-01,Grocery & Gourmet,Snacks,2090.49,1526.32,0.2699,12,1.5,1.0916058469406213,1.797
P0157,2025-01-01,Grocery & Gourmet,Snacks,2090.49,1526.32,0.2699,1,0.88,1.1003386937161463,0.929
P0157,2025-02-01,Grocery & Gourmet,Snacks,2090.49,1526.32,0.2699,2,0.9,1.1091414032658755,1.245
P0157,2025-03-01,Grocery & Gourmet,Snacks,2090.49,1526.32,0.2699,3,1.0,1.1180145344920027,1.339
P0157,2025-04-01,Grocery & Gourmet,Snacks,2090.49,1526.32,0.2699,4,1.0,1.1269586507679386,1.024
P0157,2025-05-01,Grocery & Gourmet,Snacks,2090.49,1526.32,0.2699,5,1.0,1.1359743199740822,1.2
P0157,2025-06-01,Grocery & Gourmet,Snacks,2090.49,1526.32,0.2699,6,1.1,1.1450621145338749,1.063
P0157,2025-07-01,Grocery & Gourmet,Snacks,2090.49,1526.32,0.2699,7,1.08,1.154222611450146,1.311
P0157,2025-08-01,Grocery & Gourmet,Snacks,2090.49,1526.32,0.2699,8,1.0,1.163456392341747,1.16
P0157,2025-09-01,Grocery & Gourmet,Snacks,2090.49,1526.32,0.2699,9,1.0,1.172764043480481,1.095
P0157,2025-10-01,Grocery & Gourmet,Snacks,2090.49,1526.32,0.2699,10,1.3,1.1821461558283248,1.567
P0157,2025-11-01,Grocery & Gourmet,Snacks,2090.49,1526.32,0.2699,11,1.42,1.1916033250749514,1.512
P0157,2025-12-01,Grocery & Gourmet,Snacks,2090.49,1526.32,0.2699,12,1.5,1.201136151675551,2.078
P0157,2026-01-01,Grocery & Gourmet,Snacks,2090.49,1526.32,0.2699,1,0.88,1.2107452408889554,1.259
P0157,2026-02-01,Grocery & Gourmet,Snacks,2090.49,1526.32,0.2699,2,0.9,1.220431202816067,1.166
P0157,2026-03-01,Grocery & Gourmet,Snacks,2090.49,1526.32,0.2699,3,1.0,1.2301946524385956,1.326
P0157,2026-04-01,Grocery & Gourmet,Snacks,2090.49,1526.32,0.2699,4,1.0,1.2400362096581046,1.624
P0157,2026-05-01,Grocery & Gourmet,Snacks,2090.49,1526.32,0.2699,5,1.0,1.2499564993353693,1.231
P0157,2026-06-01,Grocery & Gourmet,Snacks,2090.49,1526.32,0.2699,6,1.1,1.2599561513300523,1.373
P0157,2026-07-01,Grocery & Gourmet,Snacks,2090.49,1526.32,0.2699,7,1.08,1.2700358005406926,1.24
P0157,2026-08-01,Grocery & Gourmet,Snacks,2090.49,1526.32,0.2699,8,1.0,1.2801960869450182,1.251
P0157,2026-09-01,Grocery & Gourmet,Snacks,2090.49,1526.32,0.2699,9,1.0,1.2904376556405783,1.152
P0158,2024-01-01,Grocery & Gourmet,Snacks,180.91,131.26,0.2744,1,0.88,1.0,0.824
P0158,2024-02-01,Grocery & Gourmet,Snacks,180.91,131.26,0.2744,2,0.9,1.008,0.772
P0158,2024-03-01,Grocery & Gourmet,Snacks,180.91,131.26,0.2744,3,1.0,1.016064,1.044
P0158,2024-04-01,Grocery & Gourmet,Snacks,180.91,131.26,0.2744,4,1.0,1.024192512,0.876
P0158,2024-05-01,Grocery & Gourmet,Snacks,180.91,131.26,0.2744,5,1.0,1.032386052096,0.957
P0158,2024-06-01,Grocery & Gourmet,Snacks,180.91,131.26,0.2744,6,1.1,1.0406451405127681,1.15
P0158,2024-07-01,Grocery & Gourmet,Snacks,180.91,131.26,0.2744,7,1.08,1.04897030163687,1.335
P0158,2024-08-01,Grocery & Gourmet,Snacks,180.91,131.26,0.2744,8,1.0,1.0573620640499652,1.32
P0158,2024-09-01,Grocery & Gourmet,Snacks,180.91,131.26,0.2744,9,1.0,1.065820960562365,1.277
P0158,2024-10-01,Grocery & Gourmet,Snacks,180.91,131.26,0.2744,10,1.3,1.0743475282468637,1.025
P0158,2024-11-01,Grocery & Gourmet,Snacks,180.91,131.26,0.2744,11,1.42,1.0829423084728387,1.59
P0158,2024-12-01,Grocery & Gourmet,Snacks,180.91,131.26,0.2744,12,1.5,1.0916058469406213,1.513
P0158,2025-01-01,Grocery & Gourmet,Snacks,180.91,131.26,0.2744,1,0.88,1.1003386937161463,0.972
P0158,2025-02-01,Grocery & Gourmet,Snacks,180.91,131.26,0.2744,2,0.9,1.1091414032658755,1.057
P0158,2025-03-01,Grocery & Gourmet,Snacks,180.91,131.26,0.2744,3,1.0,1.1180145344920027,0.961
P0158,2025-04-01,Grocery & Gourmet,Snacks,180.91,131.26,0.2744,4,1.0,1.1269586507679386,1.071
P0158,2025-05-01,Grocery & Gourmet,Snacks,180.91,131.26,0.2744,5,1.0,1.1359743199740822,1.005
P0158,2025-06-01,Grocery & Gourmet,Snacks,180.91,131.26,0.2744,6,1.1,1.1450621145338749,1.207
P0158,2025-07-01,Grocery & Gourmet,Snacks,180.91,131.26,0.2744,7,1.08,1.154222611450146,0.967
P0158,2025-08-01,Grocery & Gourmet,Snacks,180.91,131.26,0.2744,8,1.0,1.163456392341747,1.281
P0158,2025-09-01,Grocery & Gourmet,Snacks,180.91,131.26,0.2744,9,1.0,1.172764043480481,1.063
P0158,2025-10-01,Grocery & Gourmet,Snacks,180.91,131.26,0.2744,10,1.3,1.1821461558283248,1.41
P0158,2025-11-01,Grocery & Gourmet,Snacks,180.91,131.26,0.2744,11,1.42,1.1916033250749514,2.002
P0158,2025-12-01,Grocery & Gourmet,Snacks,180.91,131.26,0.2744,12,1.5,1.201136151675551,1.796
P0158,2026-01-01,Grocery & Gourmet,Snacks,180.91,131.26,0.2744,1,0.88,1.2107452408889554,1.184
P0158,2026-02-01,Grocery & Gourmet,Snacks,180.91,131.26,0.2744,2,0.9,1.220431202816067,1.207
P0158,2026-03-01,Grocery & Gourmet,Snacks,180.91,131.26,0.2744,3,1.0,1.2301946524385956,1.284
P0158,2026-04-01,Grocery & Gourmet,Snacks,180.91,131.26,0.2744,4,1.0,1.2400362096581046,1.279
P0158,2026-05-01,Grocery & Gourmet,Snacks,180.91,131.26,0.2744,5,1.0,1.2499564993353693,1.279
P0158,2026-06-01,Grocery & Gourmet,Snacks,180.91,131.26,0.2744,6,1.1,1.2599561513300523,1.37
P0158,2026-07-01,Grocery & Gourmet,Snacks,180.91,131.26,0.2744,7,1.08,1.2700358005406926,1.275
P0158,2026-08-01,Grocery & Gourmet,Snacks,180.91,131.26,0.2744,8,1.0,1.2801960869450182,1.24
P0158,2026-09-01,Grocery & Gourmet,Snacks,180.91,131.26,0.2744,9,1.0,1.2904376556405783,1.408
P0159,2024-01-01,Grocery & Gourmet,Snacks,104.67,54.55,0.4789,1,0.88,1.0,0.795
P0159,2024-02-01,Grocery & Gourmet,Snacks,104.67,54.55,0.4789,2,0.9,1.008,0.871
P0159,2024-03-01,Grocery & Gourmet,Snacks,104.67,54.55,0.4789,3,1.0,1.016064,0.926
P0159,2024-04-01,Grocery & Gourmet,Snacks,104.67,54.55,0.4789,4,1.0,1.024192512,1.074
P0159,2024-05-01,Grocery & Gourmet,Snacks,104.67,54.55,0.4789,5,1.0,1.032386052096,0.857
P0159,2024-06-01,Grocery & Gourmet,Snacks,104.67,54.55,0.4789,6,1.1,1.0406451405127681,1.121
P0159,2024-07-01,Grocery & Gourmet,Snacks,104.67,54.55,0.4789,7,1.08,1.04897030163687,1.23
P0159,2024-08-01,Grocery & Gourmet,Snacks,104.67,54.55,0.4789,8,1.0,1.0573620640499652,0.897
P0159,2024-09-01,Grocery & Gourmet,Snacks,104.67,54.55,0.4789,9,1.0,1.065820960562365,0.972
P0159,2024-10-01,Grocery & Gourmet,Snacks,104.67,54.55,0.4789,10,1.3,1.0743475282468637,1.511
P0159,2024-11-01,Grocery & Gourmet,Snacks,104.67,54.55,0.4789,11,1.42,1.0829423084728387,1.644
P0159,2024-12-01,Grocery & Gourmet,Snacks,104.67,54.55,0.4789,12,1.5,1.0916058469406213,1.491
P0159,2025-01-01,Grocery & Gourmet,Snacks,104.67,54.55,0.4789,1,0.88,1.1003386937161463,1.098
P0159,2025-02-01,Grocery & Gourmet,Snacks,104.67,54.55,0.4789,2,0.9,1.1091414032658755,0.901
P0159,2025-03-01,Grocery & Gourmet,Snacks,104.67,54.55,0.4789,3,1.0,1.1180145344920027,1.342
P0159,2025-04-01,Grocery & Gourmet,Snacks,104.67,54.55,0.4789,4,1.0,1.1269586507679386,1.279
P0159,2025-05-01,Grocery & Gourmet,Snacks,104.67,54.55,0.4789,5,1.0,1.1359743199740822,1.074
P0159,2025-06-01,Grocery & Gourmet,Snacks,104.67,54.55,0.4789,6,1.1,1.1450621145338749,1.227
P0159,2025-07-01,Grocery & Gourmet,Snacks,104.67,54.55,0.4789,7,1.08,1.154222611450146,1.409
P0159,2025-08-01,Grocery & Gourmet,Snacks,104.67,54.55,0.4789,8,1.0,1.163456392341747,1.351
P0159,2025-09-01,Grocery & Gourmet,Snacks,104.67,54.55,0.4789,9,1.0,1.172764043480481,1.105
P0159,2025-10-01,Grocery & Gourmet,Snacks,104.67,54.55,0.4789,10,1.3,1.1821461558283248,1.408
P0159,2025-11-01,Grocery & Gourmet,Snacks,104.67,54.55,0.4789,11,1.42,1.1916033250749514,1.463
P0159,2025-12-01,Grocery & Gourmet,Snacks,104.67,54.55,0.4789,12,1.5,1.201136151675551,1.563
P0159,2026-01-01,Grocery & Gourmet,Snacks,104.67,54.55,0.4789,1,0.88,1.2107452408889554,1.042
P0159,2026-02-01,Grocery & Gourmet,Snacks,104.67,54.55,0.4789,2,0.9,1.220431202816067,0.901
P0159,2026-03-01,Grocery & Gourmet,Snacks,104.67,54.55,0.4789,3,1.0,1.2301946524385956,1.334
P0159,2026-04-01,Grocery & Gourmet,Snacks,104.67,54.55,0.4789,4,1.0,1.2400362096581046,1.331
P0159,2026-05-01,Grocery & Gourmet,Snacks,104.67,54.55,0.4789,5,1.0,1.2499564993353693,1.395
P0159,2026-06-01,Grocery & Gourmet,Snacks,104.67,54.55,0.4789,6,1.1,1.2599561513300523,1.466
P0159,2026-07-01,Grocery & Gourmet,Snacks,104.67,54.55,0.4789,7,1.08,1.2700358005406926,1.862
P0159,2026-08-01,Grocery & Gourmet,Snacks,104.67,54.55,0.4789,8,1.0,1.2801960869450182,1.294
P0159,2026-09-01,Grocery & Gourmet,Snacks,104.67,54.55,0.4789,9,1.0,1.2904376556405783,1.281
P0160,2024-01-01,Grocery & Gourmet,Snacks,2031.28,1533.48,0.2451,1,0.88,1.0,0.808
P0160,2024-02-01,Grocery & Gourmet,Snacks,2031.28,1533.48,0.2451,2,0.9,1.008,1.128
P0160,2024-03-01,Grocery & Gourmet,Snacks,2031.28,1533.48,0.2451,3,1.0,1.016064,1.056
P0160,2024-04-01,Grocery & Gourmet,Snacks,2031.28,1533.48,0.2451,4,1.0,1.024192512,0.953
P0160,2024-05-01,Grocery & Gourmet,Snacks,2031.28,1533.48,0.2451,5,1.0,1.032386052096,1.042
P0160,2024-06-01,Grocery & Gourmet,Snacks,2031.28,1533.48,0.2451,6,1.1,1.0406451405127681,1.432
P0160,2024-07-01,Grocery & Gourmet,Snacks,2031.28,1533.48,0.2451,7,1.08,1.04897030163687,1.111
P0160,2024-08-01,Grocery & Gourmet,Snacks,2031.28,1533.48,0.2451,8,1.0,1.0573620640499652,1.028
P0160,2024-09-01,Grocery & Gourmet,Snacks,2031.28,1533.48,0.2451,9,1.0,1.065820960562365,1.251
P0160,2024-10-01,Grocery & Gourmet,Snacks,2031.28,1533.48,0.2451,10,1.3,1.0743475282468637,1.439
P0160,2024-11-01,Grocery & Gourmet,Snacks,2031.28,1533.48,0.2451,11,1.42,1.0829423084728387,1.876
P0160,2024-12-01,Grocery & Gourmet,Snacks,2031.28,1533.48,0.2451,12,1.5,1.0916058469406213,1.379
P0160,2025-01-01,Grocery & Gourmet,Snacks,2031.28,1533.48,0.2451,1,0.88,1.1003386937161463,0.86
P0160,2025-02-01,Grocery & Gourmet,Snacks,2031.28,1533.48,0.2451,2,0.9,1.1091414032658755,1.193
P0160,2025-03-01,Grocery & Gourmet,Snacks,2031.28,1533.48,0.2451,3,1.0,1.1180145344920027,1.436
P0160,2025-04-01,Grocery & Gourmet,Snacks,2031.28,1533.48,0.2451,4,1.0,1.1269586507679386,1.197
P0160,2025-05-01,Grocery & Gourmet,Snacks,2031.28,1533.48,0.2451,5,1.0,1.1359743199740822,1.073
P0160,2025-06-01,Grocery & Gourmet,Snacks,2031.28,1533.48,0.2451,6,1.1,1.1450621145338749,1.557
P0160,2025-07-01,Grocery & Gourmet,Snacks,2031.28,1533.48,0.2451,7,1.08,1.154222611450146,0.998
P0160,2025-08-01,Grocery & Gourmet,Snacks,2031.28,1533.48,0.2451,8,1.0,1.163456392341747,1.067
P0160,2025-09-01,Grocery & Gourmet,Snacks,2031.28,1533.48,0.2451,9,1.0,1.172764043480481,1.026
P0160,2025-10-01,Grocery & Gourmet,Snacks,2031.28,1533.48,0.2451,10,1.3,1.1821461558283248,1.428
P0160,2025-11-01,Grocery & Gourmet,Snacks,2031.28,1533.48,0.2451,11,1.42,1.1916033250749514,1.934
P0160,2025-12-01,Grocery & Gourmet,Snacks,2031.28,1533.48,0.2451,12,1.5,1.201136151675551,1.931
P0160,2026-01-01,Grocery & Gourmet,Snacks,2031.28,1533.48,0.2451,1,0.88,1.2107452408889554,1.213
P0160,2026-02-01,Grocery & Gourmet,Snacks,2031.28,1533.48,0.2451,2,0.9,1.220431202816067,1.172
P0160,2026-03-01,Grocery & Gourmet,Snacks,2031.28,1533.48,0.2451,3,1.0,1.2301946524385956,1.329
P0160,2026-04-01,Grocery & Gourmet,Snacks,2031.28,1533.48,0.2451,4,1.0,1.2400362096581046,0.914
P0160,2026-05-01,Grocery & Gourmet,Snacks,2031.28,1533.48,0.2451,5,1.0,1.2499564993353693,1.425
P0160,2026-06-01,Grocery & Gourmet,Snacks,2031.28,1533.48,0.2451,6,1.1,1.2599561513300523,1.461
P0160,2026-07-01,Grocery & Gourmet,Snacks,2031.28,1533.48,0.2451,7,1.08,1.2700358005406926,1.607
P0160,2026-08-01,Grocery & Gourmet,Snacks,2031.28,1533.48,0.2451,8,1.0,1.2801960869450182,1.655
P0160,2026-09-01,Grocery & Gourmet,Snacks,2031.28,1533.48,0.2451,9,1.0,1.2904376556405783,1.157
P0161,2024-01-01,Grocery & Gourmet,Beverages,88.28,72.35,0.1805,1,0.88,1.0,0.839
P0161,2024-02-01,Grocery & Gourmet,Beverages,88.28,72.35,0.1805,2,0.9,1.008,0.763
P0161,2024-03-01,Grocery & Gourmet,Beverages,88.28,72.35,0.1805,3,1.0,1.016064,1.009
P0161,2024-04-01,Grocery & Gourmet,Beverages,88.28,72.35,0.1805,4,1.0,1.024192512,0.96
P0161,2024-05-01,Grocery & Gourmet,Beverages,88.28,72.35,0.1805,5,1.0,1.032386052096,1.031
P0161,2024-06-01,Grocery & Gourmet,Beverages,88.28,72.35,0.1805,6,1.1,1.0406451405127681,1.065
P0161,2024-07-01,Grocery & Gourmet,Beverages,88.28,72.35,0.1805,7,1.08,1.04897030163687,1.111
P0161,2024-08-01,Grocery & Gourmet,Beverages,88.28,72.35,0.1805,8,1.0,1.0573620640499652,0.927
P0161,2024-09-01,Grocery & Gourmet,Beverages,88.28,72.35,0.1805,9,1.0,1.065820960562365,1.161
P0161,2024-10-01,Grocery & Gourmet,Beverages,88.28,72.35,0.1805,10,1.3,1.0743475282468637,1.378
P0161,2024-11-01,Grocery & Gourmet,Beverages,88.28,72.35,0.1805,11,1.42,1.0829423084728387,1.605
P0161,2024-12-01,Grocery & Gourmet,Beverages,88.28,72.35,0.1805,12,1.5,1.0916058469406213,1.722
P0161,2025-01-01,Grocery & Gourmet,Beverages,88.28,72.35,0.1805,1,0.88,1.1003386937161463,0.892
P0161,2025-02-01,Grocery & Gourmet,Beverages,88.28,72.35,0.1805,2,0.9,1.1091414032658755,0.882
P0161,2025-03-01,Grocery & Gourmet,Beverages,88.28,72.35,0.1805,3,1.0,1.1180145344920027,1.009
P0161,2025-04-01,Grocery & Gourmet,Beverages,88.28,72.35,0.1805,4,1.0,1.1269586507679386,0.952
P0161,2025-05-01,Grocery & Gourmet,Beverages,88.28,72.35,0.1805,5,1.0,1.1359743199740822,1.059
P0161,2025-06-01,Grocery & Gourmet,Beverages,88.28,72.35,0.1805,6,1.1,1.1450621145338749,1.22
P0161,2025-07-01,Grocery & Gourmet,Beverages,88.28,72.35,0.1805,7,1.08,1.154222611450146,1.306
P0161,2025-08-01,Grocery & Gourmet,Beverages,88.28,72.35,0.1805,8,1.0,1.163456392341747,1.37
P0161,2025-09-01,Grocery & Gourmet,Beverages,88.28,72.35,0.1805,9,1.0,1.172764043480481,1.172
P0161,2025-10-01,Grocery & Gourmet,Beverages,88.28,72.35,0.1805,10,1.3,1.1821461558283248,1.542
P0161,2025-11-01,Grocery & Gourmet,Beverages,88.28,72.35,0.1805,11,1.42,1.1916033250749514,1.666
P0161,2025-12-01,Grocery & Gourmet,Beverages,88.28,72.35,0.1805,12,1.5,1.201136151675551,1.834
P0161,2026-01-01,Grocery & Gourmet,Beverages,88.28,72.35,0.1805,1,0.88,1.2107452408889554,1.076
P0161,2026-02-01,Grocery & Gourmet,Beverages,88.28,72.35,0.1805,2,0.9,1.220431202816067,1.153
P0161,2026-03-01,Grocery & Gourmet,Beverages,88.28,72.35,0.1805,3,1.0,1.2301946524385956,1.263
P0161,2026-04-01,Grocery & Gourmet,Beverages,88.28,72.35,0.1805,4,1.0,1.2400362096581046,1.134
P0161,2026-05-01,Grocery & Gourmet,Beverages,88.28,72.35,0.1805,5,1.0,1.2499564993353693,1.122
P0161,2026-06-01,Grocery & Gourmet,Beverages,88.28,72.35,0.1805,6,1.1,1.2599561513300523,1.356
P0161,2026-07-01,Grocery & Gourmet,Beverages,88.28,72.35,0.1805,7,1.08,1.2700358005406926,1.468
P0161,2026-08-01,Grocery & Gourmet,Beverages,88.28,72.35,0.1805,8,1.0,1.2801960869450182,1.257
P0161,2026-09-01,Grocery & Gourmet,Beverages,88.28,72.35,0.1805,9,1.0,1.2904376556405783,1.445
P0162,2024-01-01,Grocery & Gourmet,Beverages,277.31,206.8,0.2543,1,0.88,1.0,0.856
P0162,2024-02-01,Grocery & Gourmet,Beverages,277.31,206.8,0.2543,2,0.9,1.008,0.871
P0162,2024-03-01,Grocery & Gourmet,Beverages,277.31,206.8,0.2543,3,1.0,1.016064,0.992
P0162,2024-04-01,Grocery & Gourmet,Beverages,277.31,206.8,0.2543,4,1.0,1.024192512,1.072
P0162,2024-05-01,Grocery & Gourmet,Beverages,277.31,206.8,0.2543,5,1.0,1.032386052096,1.006
P0162,2024-06-01,Grocery & Gourmet,Beverages,277.31,206.8,0.2543,6,1.1,1.0406451405127681,1.175
P0162,2024-07-01,Grocery & Gourmet,Beverages,277.31,206.8,0.2543,7,1.08,1.04897030163687,1.003
P0162,2024-08-01,Grocery & Gourmet,Beverages,277.31,206.8,0.2543,8,1.0,1.0573620640499652,1.072
P0162,2024-09-01,Grocery & Gourmet,Beverages,277.31,206.8,0.2543,9,1.0,1.065820960562365,1.109
P0162,2024-10-01,Grocery & Gourmet,Beverages,277.31,206.8,0.2543,10,1.3,1.0743475282468637,1.297
P0162,2024-11-01,Grocery & Gourmet,Beverages,277.31,206.8,0.2543,11,1.42,1.0829423084728387,1.662
P0162,2024-12-01,Grocery & Gourmet,Beverages,277.31,206.8,0.2543,12,1.5,1.0916058469406213,1.702
P0162,2025-01-01,Grocery & Gourmet,Beverages,277.31,206.8,0.2543,1,0.88,1.1003386937161463,0.986
P0162,2025-02-01,Grocery & Gourmet,Beverages,277.31,206.8,0.2543,2,0.9,1.1091414032658755,1.141
P0162,2025-03-01,Grocery & Gourmet,Beverages,277.31,206.8,0.2543,3,1.0,1.1180145344920027,1.247
P0162,2025-04-01,Grocery & Gourmet,Beverages,277.31,206.8,0.2543,4,1.0,1.1269586507679386,1.185
P0162,2025-05-01,Grocery & Gourmet,Beverages,277.31,206.8,0.2543,5,1.0,1.1359743199740822,1.131
P0162,2025-06-01,Grocery & Gourmet,Beverages,277.31,206.8,0.2543,6,1.1,1.1450621145338749,1.353
P0162,2025-07-01,Grocery & Gourmet,Beverages,277.31,206.8,0.2543,7,1.08,1.154222611450146,1.217
P0162,2025-08-01,Grocery & Gourmet,Beverages,277.31,206.8,0.2543,8,1.0,1.163456392341747,1.16
P0162,2025-09-01,Grocery & Gourmet,Beverages,277.31,206.8,0.2543,9,1.0,1.172764043480481,1.292
P0162,2025-10-01,Grocery & Gourmet,Beverages,277.31,206.8,0.2543,10,1.3,1.1821461558283248,1.428
P0162,2025-11-01,Grocery & Gourmet,Beverages,277.31,206.8,0.2543,11,1.42,1.1916033250749514,1.609
P0162,2025-12-01,Grocery & Gourmet,Beverages,277.31,206.8,0.2543,12,1.5,1.201136151675551,1.956
P0162,2026-01-01,Grocery & Gourmet,Beverages,277.31,206.8,0.2543,1,0.88,1.2107452408889554,1.21
P0162,2026-02-01,Grocery & Gourmet,Beverages,277.31,206.8,0.2543,2,0.9,1.220431202816067,1.142
P0162,2026-03-01,Grocery & Gourmet,Beverages,277.31,206.8,0.2543,3,1.0,1.2301946524385956,1.191
P0162,2026-04-01,Grocery & Gourmet,Beverages,277.31,206.8,0.2543,4,1.0,1.2400362096581046,1.383
P0162,2026-05-01,Grocery & Gourmet,Beverages,277.31,206.8,0.2543,5,1.0,1.2499564993353693,1.115
P0162,2026-06-01,Grocery & Gourmet,Beverages,277.31,206.8,0.2543,6,1.1,1.2599561513300523,1.18
P0162,2026-07-01,Grocery & Gourmet,Beverages,277.31,206.8,0.2543,7,1.08,1.2700358005406926,1.135
P0162,2026-08-01,Grocery & Gourmet,Beverages,277.31,206.8,0.2543,8,1.0,1.2801960869450182,1.452
P0162,2026-09-01,Grocery & Gourmet,Beverages,277.31,206.8,0.2543,9,1.0,1.2904376556405783,1.065
P0163,2024-01-01,Grocery & Gourmet,Beverages,1216.76,996.79,0.1808,1,0.88,1.0,0.867
P0163,2024-02-01,Grocery & Gourmet,Beverages,1216.76,996.79,0.1808,2,0.9,1.008,0.935
P0163,2024-03-01,Grocery & Gourmet,Beverages,1216.76,996.79,0.1808,3,1.0,1.016064,1.047
P0163,2024-04-01,Grocery & Gourmet,Beverages,1216.76,996.79,0.1808,4,1.0,1.024192512,1.11
P0163,2024-05-01,Grocery & Gourmet,Beverages,1216.76,996.79,0.1808,5,1.0,1.032386052096,1.031
P0163,2024-06-01,Grocery & Gourmet,Beverages,1216.76,996.79,0.1808,6,1.1,1.0406451405127681,1.341
P0163,2024-07-01,Grocery & Gourmet,Beverages,1216.76,996.79,0.1808,7,1.08,1.04897030163687,1.134
P0163,2024-08-01,Grocery & Gourmet,Beverages,1216.76,996.79,0.1808,8,1.0,1.0573620640499652,1.035
P0163,2024-09-01,Grocery & Gourmet,Beverages,1216.76,996.79,0.1808,9,1.0,1.065820960562365,1.055
P0163,2024-10-01,Grocery & Gourmet,Beverages,1216.76,996.79,0.1808,10,1.3,1.0743475282468637,1.158
P0163,2024-11-01,Grocery & Gourmet,Beverages,1216.76,996.79,0.1808,11,1.42,1.0829423084728387,1.484
P0163,2024-12-01,Grocery & Gourmet,Beverages,1216.76,996.79,0.1808,12,1.5,1.0916058469406213,1.547
P0163,2025-01-01,Grocery & Gourmet,Beverages,1216.76,996.79,0.1808,1,0.88,1.1003386937161463,0.91
P0163,2025-02-01,Grocery & Gourmet,Beverages,1216.76,996.79,0.1808,2,0.9,1.1091414032658755,1.03
P0163,2025-03-01,Grocery & Gourmet,Beverages,1216.76,996.79,0.1808,3,1.0,1.1180145344920027,0.896
P0163,2025-04-01,Grocery & Gourmet,Beverages,1216.76,996.79,0.1808,4,1.0,1.1269586507679386,1.058
P0163,2025-05-01,Grocery & Gourmet,Beverages,1216.76,996.79,0.1808,5,1.0,1.1359743199740822,0.999
P0163,2025-06-01,Grocery & Gourmet,Beverages,1216.76,996.79,0.1808,6,1.1,1.1450621145338749,1.395
P0163,2025-07-01,Grocery & Gourmet,Beverages,1216.76,996.79,0.1808,7,1.08,1.154222611450146,1.243
P0163,2025-08-01,Grocery & Gourmet,Beverages,1216.76,996.79,0.1808,8,1.0,1.163456392341747,1.292
P0163,2025-09-01,Grocery & Gourmet,Beverages,1216.76,996.79,0.1808,9,1.0,1.172764043480481,1.277
P0163,2025-10-01,Grocery & Gourmet,Beverages,1216.76,996.79,0.1808,10,1.3,1.1821461558283248,1.185
P0163,2025-11-01,Grocery & Gourmet,Beverages,1216.76,996.79,0.1808,11,1.42,1.1916033250749514,1.669
P0163,2025-12-01,Grocery & Gourmet,Beverages,1216.76,996.79,0.1808,12,1.5,1.201136151675551,2.026
P0163,2026-01-01,Grocery & Gourmet,Beverages,1216.76,996.79,0.1808,1,0.88,1.2107452408889554,1.088
P0163,2026-02-01,Grocery & Gourmet,Beverages,1216.76,996.79,0.1808,2,0.9,1.220431202816067,1.181
P0163,2026-03-01,Grocery & Gourmet,Beverages,1216.76,996.79,0.1808,3,1.0,1.2301946524385956,1.125
P0163,2026-04-01,Grocery & Gourmet,Beverages,1216.76,996.79,0.1808,4,1.0,1.2400362096581046,1.444
P0163,2026-05-01,Grocery & Gourmet,Beverages,1216.76,996.79,0.1808,5,1.0,1.2499564993353693,1.436
P0163,2026-06-01,Grocery & Gourmet,Beverages,1216.76,996.79,0.1808,6,1.1,1.2599561513300523,1.598
P0163,2026-07-01,Grocery & Gourmet,Beverages,1216.76,996.79,0.1808,7,1.08,1.2700358005406926,1.354
P0163,2026-08-01,Grocery & Gourmet,Beverages,1216.76,996.79,0.1808,8,1.0,1.2801960869450182,1.427
P0163,2026-09-01,Grocery & Gourmet,Beverages,1216.76,996.79,0.1808,9,1.0,1.2904376556405783,1.41
P0164,2024-01-01,Grocery & Gourmet,Beverages,171.61,99.99,0.4173,1,0.88,1.0,0.981
P0164,2024-02-01,Grocery & Gourmet,Beverages,171.61,99.99,0.4173,2,0.9,1.008,1.143
P0164,2024-03-01,Grocery & Gourmet,Beverages,171.61,99.99,0.4173,3,1.0,1.016064,0.899
P0164,2024-04-01,Grocery & Gourmet,Beverages,171.61,99.99,0.4173,4,1.0,1.024192512,0.884
P0164,2024-05-01,Grocery & Gourmet,Beverages,171.61,99.99,0.4173,5,1.0,1.032386052096,0.87
P0164,2024-06-01,Grocery & Gourmet,Beverages,171.61,99.99,0.4173,6,1.1,1.0406451405127681,1.127
P0164,2024-07-01,Grocery & Gourmet,Beverages,171.61,99.99,0.4173,7,1.08,1.04897030163687,1.168
P0164,2024-08-01,Grocery & Gourmet,Beverages,171.61,99.99,0.4173,8,1.0,1.0573620640499652,1.025
P0164,2024-09-01,Grocery & Gourmet,Beverages,171.61,99.99,0.4173,9,1.0,1.065820960562365,1.187
P0164,2024-10-01,Grocery & Gourmet,Beverages,171.61,99.99,0.4173,10,1.3,1.0743475282468637,1.433
P0164,2024-11-01,Grocery & Gourmet,Beverages,171.61,99.99,0.4173,11,1.42,1.0829423084728387,1.34
P0164,2024-12-01,Grocery & Gourmet,Beverages,171.61,99.99,0.4173,12,1.5,1.0916058469406213,1.618
P0164,2025-01-01,Grocery & Gourmet,Beverages,171.61,99.99,0.4173,1,0.88,1.1003386937161463,1.084
P0164,2025-02-01,Grocery & Gourmet,Beverages,171.61,99.99,0.4173,2,0.9,1.1091414032658755,1.014
P0164,2025-03-01,Grocery & Gourmet,Beverages,171.61,99.99,0.4173,3,1.0,1.1180145344920027,1.126
P0164,2025-04-01,Grocery & Gourmet,Beverages,171.61,99.99,0.4173,4,1.0,1.1269586507679386,0.981
P0164,2025-05-01,Grocery & Gourmet,Beverages,171.61,99.99,0.4173,5,1.0,1.1359743199740822,1.238
P0164,2025-06-01,Grocery & Gourmet,Beverages,171.61,99.99,0.4173,6,1.1,1.1450621145338749,1.07
P0164,2025-07-01,Grocery & Gourmet,Beverages,171.61,99.99,0.4173,7,1.08,1.154222611450146,1.294
P0164,2025-08-01,Grocery & Gourmet,Beverages,171.61,99.99,0.4173,8,1.0,1.163456392341747,1.412
P0164,2025-09-01,Grocery & Gourmet,Beverages,171.61,99.99,0.4173,9,1.0,1.172764043480481,1.268
P0164,2025-10-01,Grocery & Gourmet,Beverages,171.61,99.99,0.4173,10,1.3,1.1821461558283248,1.645
P0164,2025-11-01,Grocery & Gourmet,Beverages,171.61,99.99,0.4173,11,1.42,1.1916033250749514,1.706
P0164,2025-12-01,Grocery & Gourmet,Beverages,171.61,99.99,0.4173,12,1.5,1.201136151675551,1.956
P0164,2026-01-01,Grocery & Gourmet,Beverages,171.61,99.99,0.4173,1,0.88,1.2107452408889554,0.925
P0164,2026-02-01,Grocery & Gourmet,Beverages,171.61,99.99,0.4173,2,0.9,1.220431202816067,0.976
P0164,2026-03-01,Grocery & Gourmet,Beverages,171.61,99.99,0.4173,3,1.0,1.2301946524385956,1.023
P0164,2026-04-01,Grocery & Gourmet,Beverages,171.61,99.99,0.4173,4,1.0,1.2400362096581046,1.161
P0164,2026-05-01,Grocery & Gourmet,Beverages,171.61,99.99,0.4173,5,1.0,1.2499564993353693,1.155
P0164,2026-06-01,Grocery & Gourmet,Beverages,171.61,99.99,0.4173,6,1.1,1.2599561513300523,1.365
P0164,2026-07-01,Grocery & Gourmet,Beverages,171.61,99.99,0.4173,7,1.08,1.2700358005406926,1.289
P0164,2026-08-01,Grocery & Gourmet,Beverages,171.61,99.99,0.4173,8,1.0,1.2801960869450182,1.184
P0164,2026-09-01,Grocery & Gourmet,Beverages,171.61,99.99,0.4173,9,1.0,1.2904376556405783,1.3
P0165,2024-01-01,Grocery & Gourmet,Beverages,1120.53,613.16,0.4528,1,0.88,1.0,0.846
P0165,2024-02-01,Grocery & Gourmet,Beverages,1120.53,613.16,0.4528,2,0.9,1.008,1.035
P0165,2024-03-01,Grocery & Gourmet,Beverages,1120.53,613.16,0.4528,3,1.0,1.016064,1.009
P0165,2024-04-01,Grocery & Gourmet,Beverages,1120.53,613.16,0.4528,4,1.0,1.024192512,1.059
P0165,2024-05-01,Grocery & Gourmet,Beverages,1120.53,613.16,0.4528,5,1.0,1.032386052096,1.225
P0165,2024-06-01,Grocery & Gourmet,Beverages,1120.53,613.16,0.4528,6,1.1,1.0406451405127681,1.146
P0165,2024-07-01,Grocery & Gourmet,Beverages,1120.53,613.16,0.4528,7,1.08,1.04897030163687,0.933
P0165,2024-08-01,Grocery & Gourmet,Beverages,1120.53,613.16,0.4528,8,1.0,1.0573620640499652,1.007
P0165,2024-09-01,Grocery & Gourmet,Beverages,1120.53,613.16,0.4528,9,1.0,1.065820960562365,1.23
P0165,2024-10-01,Grocery & Gourmet,Beverages,1120.53,613.16,0.4528,10,1.3,1.0743475282468637,1.44
P0165,2024-11-01,Grocery & Gourmet,Beverages,1120.53,613.16,0.4528,11,1.42,1.0829423084728387,1.411
P0165,2024-12-01,Grocery & Gourmet,Beverages,1120.53,613.16,0.4528,12,1.5,1.0916058469406213,1.751
P0165,2025-01-01,Grocery & Gourmet,Beverages,1120.53,613.16,0.4528,1,0.88,1.1003386937161463,0.951
P0165,2025-02-01,Grocery & Gourmet,Beverages,1120.53,613.16,0.4528,2,0.9,1.1091414032658755,1.229
P0165,2025-03-01,Grocery & Gourmet,Beverages,1120.53,613.16,0.4528,3,1.0,1.1180145344920027,0.944
P0165,2025-04-01,Grocery & Gourmet,Beverages,1120.53,613.16,0.4528,4,1.0,1.1269586507679386,1.447
P0165,2025-05-01,Grocery & Gourmet,Beverages,1120.53,613.16,0.4528,5,1.0,1.1359743199740822,1.314
P0165,2025-06-01,Grocery & Gourmet,Beverages,1120.53,613.16,0.4528,6,1.1,1.1450621145338749,1.243
P0165,2025-07-01,Grocery & Gourmet,Beverages,1120.53,613.16,0.4528,7,1.08,1.154222611450146,1.129
P0165,2025-08-01,Grocery & Gourmet,Beverages,1120.53,613.16,0.4528,8,1.0,1.163456392341747,1.164
P0165,2025-09-01,Grocery & Gourmet,Beverages,1120.53,613.16,0.4528,9,1.0,1.172764043480481,1.259
P0165,2025-10-01,Grocery & Gourmet,Beverages,1120.53,613.16,0.4528,10,1.3,1.1821461558283248,1.461
P0165,2025-11-01,Grocery & Gourmet,Beverages,1120.53,613.16,0.4528,11,1.42,1.1916033250749514,1.94
P0165,2025-12-01,Grocery & Gourmet,Beverages,1120.53,613.16,0.4528,12,1.5,1.201136151675551,1.916
P0165,2026-01-01,Grocery & Gourmet,Beverages,1120.53,613.16,0.4528,1,0.88,1.2107452408889554,1.053
P0165,2026-02-01,Grocery & Gourmet,Beverages,1120.53,613.16,0.4528,2,0.9,1.220431202816067,1.069
P0165,2026-03-01,Grocery & Gourmet,Beverages,1120.53,613.16,0.4528,3,1.0,1.2301946524385956,1.155
P0165,2026-04-01,Grocery & Gourmet,Beverages,1120.53,613.16,0.4528,4,1.0,1.2400362096581046,1.709
P0165,2026-05-01,Grocery & Gourmet,Beverages,1120.53,613.16,0.4528,5,1.0,1.2499564993353693,0.974
P0165,2026-06-01,Grocery & Gourmet,Beverages,1120.53,613.16,0.4528,6,1.1,1.2599561513300523,1.299
P0165,2026-07-01,Grocery & Gourmet,Beverages,1120.53,613.16,0.4528,7,1.08,1.2700358005406926,1.209
P0165,2026-08-01,Grocery & Gourmet,Beverages,1120.53,613.16,0.4528,8,1.0,1.2801960869450182,1.248
P0165,2026-09-01,Grocery & Gourmet,Beverages,1120.53,613.16,0.4528,9,1.0,1.2904376556405783,1.337
P0166,2024-01-01,Grocery & Gourmet,Beverages,581.95,427.82,0.2648,1,0.88,1.0,0.989
P0166,2024-02-01,Grocery & Gourmet,Beverages,581.95,427.82,0.2648,2,0.9,1.008,0.816
P0166,2024-03-01,Grocery & Gourmet,Beverages,581.95,427.82,0.2648,3,1.0,1.016064,0.939
P0166,2024-04-01,Grocery & Gourmet,Beverages,581.95,427.82,0.2648,4,1.0,1.024192512,1.027
P0166,2024-05-01,Grocery & Gourmet,Beverages,581.95,427.82,0.2648,5,1.0,1.032386052096,1.369
P0166,2024-06-01,Grocery & Gourmet,Beverages,581.95,427.82,0.2648,6,1.1,1.0406451405127681,1.482
P0166,2024-07-01,Grocery & Gourmet,Beverages,581.95,427.82,0.2648,7,1.08,1.04897030163687,1.233
P0166,2024-08-01,Grocery & Gourmet,Beverages,581.95,427.82,0.2648,8,1.0,1.0573620640499652,1.143
P0166,2024-09-01,Grocery & Gourmet,Beverages,581.95,427.82,0.2648,9,1.0,1.065820960562365,1.203
P0166,2024-10-01,Grocery & Gourmet,Beverages,581.95,427.82,0.2648,10,1.3,1.0743475282468637,1.149
P0166,2024-11-01,Grocery & Gourmet,Beverages,581.95,427.82,0.2648,11,1.42,1.0829423084728387,1.553
P0166,2024-12-01,Grocery & Gourmet,Beverages,581.95,427.82,0.2648,12,1.5,1.0916058469406213,1.451
P0166,2025-01-01,Grocery & Gourmet,Beverages,581.95,427.82,0.2648,1,0.88,1.1003386937161463,0.947
P0166,2025-02-01,Grocery & Gourmet,Beverages,581.95,427.82,0.2648,2,0.9,1.1091414032658755,1.166
P0166,2025-03-01,Grocery & Gourmet,Beverages,581.95,427.82,0.2648,3,1.0,1.1180145344920027,1.059
P0166,2025-04-01,Grocery & Gourmet,Beverages,581.95,427.82,0.2648,4,1.0,1.1269586507679386,1.202
P0166,2025-05-01,Grocery & Gourmet,Beverages,581.95,427.82,0.2648,5,1.0,1.1359743199740822,1.21
P0166,2025-06-01,Grocery & Gourmet,Beverages,581.95,427.82,0.2648,6,1.1,1.1450621145338749,1.634
P0166,2025-07-01,Grocery & Gourmet,Beverages,581.95,427.82,0.2648,7,1.08,1.154222611450146,1.154
P0166,2025-08-01,Grocery & Gourmet,Beverages,581.95,427.82,0.2648,8,1.0,1.163456392341747,1.263
P0166,2025-09-01,Grocery & Gourmet,Beverages,581.95,427.82,0.2648,9,1.0,1.172764043480481,1.244
P0166,2025-10-01,Grocery & Gourmet,Beverages,581.95,427.82,0.2648,10,1.3,1.1821461558283248,1.686
P0166,2025-11-01,Grocery & Gourmet,Beverages,581.95,427.82,0.2648,11,1.42,1.1916033250749514,2.046
P0166,2025-12-01,Grocery & Gourmet,Beverages,581.95,427.82,0.2648,12,1.5,1.201136151675551,1.673
P0166,2026-01-01,Grocery & Gourmet,Beverages,581.95,427.82,0.2648,1,0.88,1.2107452408889554,1.346
P0166,2026-02-01,Grocery & Gourmet,Beverages,581.95,427.82,0.2648,2,0.9,1.220431202816067,1.305
P0166,2026-03-01,Grocery & Gourmet,Beverages,581.95,427.82,0.2648,3,1.0,1.2301946524385956,1.199
P0166,2026-04-01,Grocery & Gourmet,Beverages,581.95,427.82,0.2648,4,1.0,1.2400362096581046,1.517
P0166,2026-05-01,Grocery & Gourmet,Beverages,581.95,427.82,0.2648,5,1.0,1.2499564993353693,1.376
P0166,2026-06-01,Grocery & Gourmet,Beverages,581.95,427.82,0.2648,6,1.1,1.2599561513300523,1.325
P0166,2026-07-01,Grocery & Gourmet,Beverages,581.95,427.82,0.2648,7,1.08,1.2700358005406926,1.396
P0166,2026-08-01,Grocery & Gourmet,Beverages,581.95,427.82,0.2648,8,1.0,1.2801960869450182,1.565
P0166,2026-09-01,Grocery & Gourmet,Beverages,581.95,427.82,0.2648,9,1.0,1.2904376556405783,1.57
P0167,2024-01-01,Grocery & Gourmet,Beverages,334.5,240.53,0.2809,1,0.88,1.0,0.824
P0167,2024-02-01,Grocery & Gourmet,Beverages,334.5,240.53,0.2809,2,0.9,1.008,0.955
P0167,2024-03-01,Grocery & Gourmet,Beverages,334.5,240.53,0.2809,3,1.0,1.016064,1.03
P0167,2024-04-01,Grocery & Gourmet,Beverages,334.5,240.53,0.2809,4,1.0,1.024192512,1.062
P0167,2024-05-01,Grocery & Gourmet,Beverages,334.5,240.53,0.2809,5,1.0,1.032386052096,1.262
P0167,2024-06-01,Grocery & Gourmet,Beverages,334.5,240.53,0.2809,6,1.1,1.0406451405127681,1.282
P0167,2024-07-01,Grocery & Gourmet,Beverages,334.5,240.53,0.2809,7,1.08,1.04897030163687,1.11
P0167,2024-08-01,Grocery & Gourmet,Beverages,334.5,240.53,0.2809,8,1.0,1.0573620640499652,1.123
P0167,2024-09-01,Grocery & Gourmet,Beverages,334.5,240.53,0.2809,9,1.0,1.065820960562365,0.997
P0167,2024-10-01,Grocery & Gourmet,Beverages,334.5,240.53,0.2809,10,1.3,1.0743475282468637,1.439
P0167,2024-11-01,Grocery & Gourmet,Beverages,334.5,240.53,0.2809,11,1.42,1.0829423084728387,1.394
P0167,2024-12-01,Grocery & Gourmet,Beverages,334.5,240.53,0.2809,12,1.5,1.0916058469406213,1.956
P0167,2025-01-01,Grocery & Gourmet,Beverages,334.5,240.53,0.2809,1,0.88,1.1003386937161463,0.708
P0167,2025-02-01,Grocery & Gourmet,Beverages,334.5,240.53,0.2809,2,0.9,1.1091414032658755,1.214
P0167,2025-03-01,Grocery & Gourmet,Beverages,334.5,240.53,0.2809,3,1.0,1.1180145344920027,0.925
P0167,2025-04-01,Grocery & Gourmet,Beverages,334.5,240.53,0.2809,4,1.0,1.1269586507679386,1.083
P0167,2025-05-01,Grocery & Gourmet,Beverages,334.5,240.53,0.2809,5,1.0,1.1359743199740822,1.027
P0167,2025-06-01,Grocery & Gourmet,Beverages,334.5,240.53,0.2809,6,1.1,1.1450621145338749,1.364
P0167,2025-07-01,Grocery & Gourmet,Beverages,334.5,240.53,0.2809,7,1.08,1.154222611450146,1.156
P0167,2025-08-01,Grocery & Gourmet,Beverages,334.5,240.53,0.2809,8,1.0,1.163456392341747,1.324
P0167,2025-09-01,Grocery & Gourmet,Beverages,334.5,240.53,0.2809,9,1.0,1.172764043480481,1.115
P0167,2025-10-01,Grocery & Gourmet,Beverages,334.5,240.53,0.2809,10,1.3,1.1821461558283248,1.543
P0167,2025-11-01,Grocery & Gourmet,Beverages,334.5,240.53,0.2809,11,1.42,1.1916033250749514,1.931
P0167,2025-12-01,Grocery & Gourmet,Beverages,334.5,240.53,0.2809,12,1.5,1.201136151675551,1.962
P0167,2026-01-01,Grocery & Gourmet,Beverages,334.5,240.53,0.2809,1,0.88,1.2107452408889554,1.013
P0167,2026-02-01,Grocery & Gourmet,Beverages,334.5,240.53,0.2809,2,0.9,1.220431202816067,1.245
P0167,2026-03-01,Grocery & Gourmet,Beverages,334.5,240.53,0.2809,3,1.0,1.2301946524385956,1.34
P0167,2026-04-01,Grocery & Gourmet,Beverages,334.5,240.53,0.2809,4,1.0,1.2400362096581046,1.106
P0167,2026-05-01,Grocery & Gourmet,Beverages,334.5,240.53,0.2809,5,1.0,1.2499564993353693,1.116
P0167,2026-06-01,Grocery & Gourmet,Beverages,334.5,240.53,0.2809,6,1.1,1.2599561513300523,1.266
P0167,2026-07-01,Grocery & Gourmet,Beverages,334.5,240.53,0.2809,7,1.08,1.2700358005406926,1.554
P0167,2026-08-01,Grocery & Gourmet,Beverages,334.5,240.53,0.2809,8,1.0,1.2801960869450182,1.398
P0167,2026-09-01,Grocery & Gourmet,Beverages,334.5,240.53,0.2809,9,1.0,1.2904376556405783,1.086
P0168,2024-01-01,Grocery & Gourmet,Beverages,1137.07,727.44,0.3603,1,0.88,1.0,0.926
P0168,2024-02-01,Grocery & Gourmet,Beverages,1137.07,727.44,0.3603,2,0.9,1.008,0.972
P0168,2024-03-01,Grocery & Gourmet,Beverages,1137.07,727.44,0.3603,3,1.0,1.016064,0.867
P0168,2024-04-01,Grocery & Gourmet,Beverages,1137.07,727.44,0.3603,4,1.0,1.024192512,1.091
P0168,2024-05-01,Grocery & Gourmet,Beverages,1137.07,727.44,0.3603,5,1.0,1.032386052096,0.988
P0168,2024-06-01,Grocery & Gourmet,Beverages,1137.07,727.44,0.3603,6,1.1,1.0406451405127681,1.026
P0168,2024-07-01,Grocery & Gourmet,Beverages,1137.07,727.44,0.3603,7,1.08,1.04897030163687,1.072
P0168,2024-08-01,Grocery & Gourmet,Beverages,1137.07,727.44,0.3603,8,1.0,1.0573620640499652,0.885
P0168,2024-09-01,Grocery & Gourmet,Beverages,1137.07,727.44,0.3603,9,1.0,1.065820960562365,1.133
P0168,2024-10-01,Grocery & Gourmet,Beverages,1137.07,727.44,0.3603,10,1.3,1.0743475282468637,1.335
P0168,2024-11-01,Grocery & Gourmet,Beverages,1137.07,727.44,0.3603,11,1.42,1.0829423084728387,1.375
P0168,2024-12-01,Grocery & Gourmet,Beverages,1137.07,727.44,0.3603,12,1.5,1.0916058469406213,1.576
P0168,2025-01-01,Grocery & Gourmet,Beverages,1137.07,727.44,0.3603,1,0.88,1.1003386937161463,0.946
P0168,2025-02-01,Grocery & Gourmet,Beverages,1137.07,727.44,0.3603,2,0.9,1.1091414032658755,0.864
P0168,2025-03-01,Grocery & Gourmet,Beverages,1137.07,727.44,0.3603,3,1.0,1.1180145344920027,0.938
P0168,2025-04-01,Grocery & Gourmet,Beverages,1137.07,727.44,0.3603,4,1.0,1.1269586507679386,1.009
P0168,2025-05-01,Grocery & Gourmet,Beverages,1137.07,727.44,0.3603,5,1.0,1.1359743199740822,1.13
P0168,2025-06-01,Grocery & Gourmet,Beverages,1137.07,727.44,0.3603,6,1.1,1.1450621145338749,1.242
P0168,2025-07-01,Grocery & Gourmet,Beverages,1137.07,727.44,0.3603,7,1.08,1.154222611450146,1.095
P0168,2025-08-01,Grocery & Gourmet,Beverages,1137.07,727.44,0.3603,8,1.0,1.163456392341747,1.106
P0168,2025-09-01,Grocery & Gourmet,Beverages,1137.07,727.44,0.3603,9,1.0,1.172764043480481,1.141
P0168,2025-10-01,Grocery & Gourmet,Beverages,1137.07,727.44,0.3603,10,1.3,1.1821461558283248,1.376
P0168,2025-11-01,Grocery & Gourmet,Beverages,1137.07,727.44,0.3603,11,1.42,1.1916033250749514,1.656
P0168,2025-12-01,Grocery & Gourmet,Beverages,1137.07,727.44,0.3603,12,1.5,1.201136151675551,1.89
P0168,2026-01-01,Grocery & Gourmet,Beverages,1137.07,727.44,0.3603,1,0.88,1.2107452408889554,1.077
P0168,2026-02-01,Grocery & Gourmet,Beverages,1137.07,727.44,0.3603,2,0.9,1.220431202816067,1.099
P0168,2026-03-01,Grocery & Gourmet,Beverages,1137.07,727.44,0.3603,3,1.0,1.2301946524385956,1.154
P0168,2026-04-01,Grocery & Gourmet,Beverages,1137.07,727.44,0.3603,4,1.0,1.2400362096581046,1.135
P0168,2026-05-01,Grocery & Gourmet,Beverages,1137.07,727.44,0.3603,5,1.0,1.2499564993353693,1.082
P0168,2026-06-01,Grocery & Gourmet,Beverages,1137.07,727.44,0.3603,6,1.1,1.2599561513300523,1.272
P0168,2026-07-01,Grocery & Gourmet,Beverages,1137.07,727.44,0.3603,7,1.08,1.2700358005406926,1.202
P0168,2026-08-01,Grocery & Gourmet,Beverages,1137.07,727.44,0.3603,8,1.0,1.2801960869450182,1.233
P0168,2026-09-01,Grocery & Gourmet,Beverages,1137.07,727.44,0.3603,9,1.0,1.2904376556405783,1.275
P0169,2024-01-01,Grocery & Gourmet,Beverages,1662.1,1138.69,0.3149,1,0.88,1.0,0.899
P0169,2024-02-01,Grocery & Gourmet,Beverages,1662.1,1138.69,0.3149,2,0.9,1.008,0.772
P0169,2024-03-01,Grocery & Gourmet,Beverages,1662.1,1138.69,0.3149,3,1.0,1.016064,1.113
P0169,2024-04-01,Grocery & Gourmet,Beverages,1662.1,1138.69,0.3149,4,1.0,1.024192512,1.011
P0169,2024-05-01,Grocery & Gourmet,Beverages,1662.1,1138.69,0.3149,5,1.0,1.032386052096,1.02
P0169,2024-06-01,Grocery & Gourmet,Beverages,1662.1,1138.69,0.3149,6,1.1,1.0406451405127681,1.23
P0169,2024-07-01,Grocery & Gourmet,Beverages,1662.1,1138.69,0.3149,7,1.08,1.04897030163687,1.142
P0169,2024-08-01,Grocery & Gourmet,Beverages,1662.1,1138.69,0.3149,8,1.0,1.0573620640499652,1.071
P0169,2024-09-01,Grocery & Gourmet,Beverages,1662.1,1138.69,0.3149,9,1.0,1.065820960562365,1.064
P0169,2024-10-01,Grocery & Gourmet,Beverages,1662.1,1138.69,0.3149,10,1.3,1.0743475282468637,1.224
P0169,2024-11-01,Grocery & Gourmet,Beverages,1662.1,1138.69,0.3149,11,1.42,1.0829423084728387,1.678
P0169,2024-12-01,Grocery & Gourmet,Beverages,1662.1,1138.69,0.3149,12,1.5,1.0916058469406213,2.034
P0169,2025-01-01,Grocery & Gourmet,Beverages,1662.1,1138.69,0.3149,1,0.88,1.1003386937161463,1.105
P0169,2025-02-01,Grocery & Gourmet,Beverages,1662.1,1138.69,0.3149,2,0.9,1.1091414032658755,1.029
P0169,2025-03-01,Grocery & Gourmet,Beverages,1662.1,1138.69,0.3149,3,1.0,1.1180145344920027,1.146
P0169,2025-04-01,Grocery & Gourmet,Beverages,1662.1,1138.69,0.3149,4,1.0,1.1269586507679386,1.328
P0169,2025-05-01,Grocery & Gourmet,Beverages,1662.1,1138.69,0.3149,5,1.0,1.1359743199740822,1.165
P0169,2025-06-01,Grocery & Gourmet,Beverages,1662.1,1138.69,0.3149,6,1.1,1.1450621145338749,1.227
P0169,2025-07-01,Grocery & Gourmet,Beverages,1662.1,1138.69,0.3149,7,1.08,1.154222611450146,1.414
P0169,2025-08-01,Grocery & Gourmet,Beverages,1662.1,1138.69,0.3149,8,1.0,1.163456392341747,1.041
P0169,2025-09-01,Grocery & Gourmet,Beverages,1662.1,1138.69,0.3149,9,1.0,1.172764043480481,1.271
P0169,2025-10-01,Grocery & Gourmet,Beverages,1662.1,1138.69,0.3149,10,1.3,1.1821461558283248,1.506
P0169,2025-11-01,Grocery & Gourmet,Beverages,1662.1,1138.69,0.3149,11,1.42,1.1916033250749514,1.594
P0169,2025-12-01,Grocery & Gourmet,Beverages,1662.1,1138.69,0.3149,12,1.5,1.201136151675551,1.543
P0169,2026-01-01,Grocery & Gourmet,Beverages,1662.1,1138.69,0.3149,1,0.88,1.2107452408889554,1.128
P0169,2026-02-01,Grocery & Gourmet,Beverages,1662.1,1138.69,0.3149,2,0.9,1.220431202816067,1.216
P0169,2026-03-01,Grocery & Gourmet,Beverages,1662.1,1138.69,0.3149,3,1.0,1.2301946524385956,1.002
P0169,2026-04-01,Grocery & Gourmet,Beverages,1662.1,1138.69,0.3149,4,1.0,1.2400362096581046,1.276
P0169,2026-05-01,Grocery & Gourmet,Beverages,1662.1,1138.69,0.3149,5,1.0,1.2499564993353693,0.922
P0169,2026-06-01,Grocery & Gourmet,Beverages,1662.1,1138.69,0.3149,6,1.1,1.2599561513300523,1.309
P0169,2026-07-01,Grocery & Gourmet,Beverages,1662.1,1138.69,0.3149,7,1.08,1.2700358005406926,1.357
P0169,2026-08-01,Grocery & Gourmet,Beverages,1662.1,1138.69,0.3149,8,1.0,1.2801960869450182,1.28
P0169,2026-09-01,Grocery & Gourmet,Beverages,1662.1,1138.69,0.3149,9,1.0,1.2904376556405783,0.976
P0170,2024-01-01,Grocery & Gourmet,Beverages,300.18,182.83,0.3909,1,0.88,1.0,1.082
P0170,2024-02-01,Grocery & Gourmet,Beverages,300.18,182.83,0.3909,2,0.9,1.008,0.68
P0170,2024-03-01,Grocery & Gourmet,Beverages,300.18,182.83,0.3909,3,1.0,1.016064,1.047
P0170,2024-04-01,Grocery & Gourmet,Beverages,300.18,182.83,0.3909,4,1.0,1.024192512,0.933
P0170,2024-05-01,Grocery & Gourmet,Beverages,300.18,182.83,0.3909,5,1.0,1.032386052096,1.068
P0170,2024-06-01,Grocery & Gourmet,Beverages,300.18,182.83,0.3909,6,1.1,1.0406451405127681,0.994
P0170,2024-07-01,Grocery & Gourmet,Beverages,300.18,182.83,0.3909,7,1.08,1.04897030163687,1.189
P0170,2024-08-01,Grocery & Gourmet,Beverages,300.18,182.83,0.3909,8,1.0,1.0573620640499652,0.885
P0170,2024-09-01,Grocery & Gourmet,Beverages,300.18,182.83,0.3909,9,1.0,1.065820960562365,1.085
P0170,2024-10-01,Grocery & Gourmet,Beverages,300.18,182.83,0.3909,10,1.3,1.0743475282468637,1.307
P0170,2024-11-01,Grocery & Gourmet,Beverages,300.18,182.83,0.3909,11,1.42,1.0829423084728387,1.525
P0170,2024-12-01,Grocery & Gourmet,Beverages,300.18,182.83,0.3909,12,1.5,1.0916058469406213,1.408
P0170,2025-01-01,Grocery & Gourmet,Beverages,300.18,182.83,0.3909,1,0.88,1.1003386937161463,1.004
P0170,2025-02-01,Grocery & Gourmet,Beverages,300.18,182.83,0.3909,2,0.9,1.1091414032658755,1.092
P0170,2025-03-01,Grocery & Gourmet,Beverages,300.18,182.83,0.3909,3,1.0,1.1180145344920027,1.254
P0170,2025-04-01,Grocery & Gourmet,Beverages,300.18,182.83,0.3909,4,1.0,1.1269586507679386,1.252
P0170,2025-05-01,Grocery & Gourmet,Beverages,300.18,182.83,0.3909,5,1.0,1.1359743199740822,1.106
P0170,2025-06-01,Grocery & Gourmet,Beverages,300.18,182.83,0.3909,6,1.1,1.1450621145338749,1.155
P0170,2025-07-01,Grocery & Gourmet,Beverages,300.18,182.83,0.3909,7,1.08,1.154222611450146,1.095
P0170,2025-08-01,Grocery & Gourmet,Beverages,300.18,182.83,0.3909,8,1.0,1.163456392341747,1.194
P0170,2025-09-01,Grocery & Gourmet,Beverages,300.18,182.83,0.3909,9,1.0,1.172764043480481,1.189
P0170,2025-10-01,Grocery & Gourmet,Beverages,300.18,182.83,0.3909,10,1.3,1.1821461558283248,1.714
P0170,2025-11-01,Grocery & Gourmet,Beverages,300.18,182.83,0.3909,11,1.42,1.1916033250749514,1.69
P0170,2025-12-01,Grocery & Gourmet,Beverages,300.18,182.83,0.3909,12,1.5,1.201136151675551,1.734
P0170,2026-01-01,Grocery & Gourmet,Beverages,300.18,182.83,0.3909,1,0.88,1.2107452408889554,1.244
P0170,2026-02-01,Grocery & Gourmet,Beverages,300.18,182.83,0.3909,2,0.9,1.220431202816067,0.955
P0170,2026-03-01,Grocery & Gourmet,Beverages,300.18,182.83,0.3909,3,1.0,1.2301946524385956,1.334
P0170,2026-04-01,Grocery & Gourmet,Beverages,300.18,182.83,0.3909,4,1.0,1.2400362096581046,1.066
P0170,2026-05-01,Grocery & Gourmet,Beverages,300.18,182.83,0.3909,5,1.0,1.2499564993353693,1.457
P0170,2026-06-01,Grocery & Gourmet,Beverages,300.18,182.83,0.3909,6,1.1,1.2599561513300523,1.615
P0170,2026-07-01,Grocery & Gourmet,Beverages,300.18,182.83,0.3909,7,1.08,1.2700358005406926,1.425
P0170,2026-08-01,Grocery & Gourmet,Beverages,300.18,182.83,0.3909,8,1.0,1.2801960869450182,1.25
P0170,2026-09-01,Grocery & Gourmet,Beverages,300.18,182.83,0.3909,9,1.0,1.2904376556405783,1.305
P0171,2024-01-01,Grocery & Gourmet,Staples,782.23,550.24,0.2966,1,0.88,1.0,0.85
P0171,2024-02-01,Grocery & Gourmet,Staples,782.23,550.24,0.2966,2,0.9,1.008,0.936
P0171,2024-03-01,Grocery & Gourmet,Staples,782.23,550.24,0.2966,3,1.0,1.016064,0.91
P0171,2024-04-01,Grocery & Gourmet,Staples,782.23,550.24,0.2966,4,1.0,1.024192512,1.033
P0171,2024-05-01,Grocery & Gourmet,Staples,782.23,550.24,0.2966,5,1.0,1.032386052096,0.768
P0171,2024-06-01,Grocery & Gourmet,Staples,782.23,550.24,0.2966,6,1.1,1.0406451405127681,1.168
P0171,2024-07-01,Grocery & Gourmet,Staples,782.23,550.24,0.2966,7,1.08,1.04897030163687,1.006
P0171,2024-08-01,Grocery & Gourmet,Staples,782.23,550.24,0.2966,8,1.0,1.0573620640499652,0.953
P0171,2024-09-01,Grocery & Gourmet,Staples,782.23,550.24,0.2966,9,1.0,1.065820960562365,1.2
P0171,2024-10-01,Grocery & Gourmet,Staples,782.23,550.24,0.2966,10,1.3,1.0743475282468637,1.685
P0171,2024-11-01,Grocery & Gourmet,Staples,782.23,550.24,0.2966,11,1.42,1.0829423084728387,1.388
P0171,2024-12-01,Grocery & Gourmet,Staples,782.23,550.24,0.2966,12,1.5,1.0916058469406213,1.323
P0171,2025-01-01,Grocery & Gourmet,Staples,782.23,550.24,0.2966,1,0.88,1.1003386937161463,0.785
P0171,2025-02-01,Grocery & Gourmet,Staples,782.23,550.24,0.2966,2,0.9,1.1091414032658755,0.83
P0171,2025-03-01,Grocery & Gourmet,Staples,782.23,550.24,0.2966,3,1.0,1.1180145344920027,1.182
P0171,2025-04-01,Grocery & Gourmet,Staples,782.23,550.24,0.2966,4,1.0,1.1269586507679386,0.978
P0171,2025-05-01,Grocery & Gourmet,Staples,782.23,550.24,0.2966,5,1.0,1.1359743199740822,1.081
P0171,2025-06-01,Grocery & Gourmet,Staples,782.23,550.24,0.2966,6,1.1,1.1450621145338749,1.129
P0171,2025-07-01,Grocery & Gourmet,Staples,782.23,550.24,0.2966,7,1.08,1.154222611450146,1.217
P0171,2025-08-01,Grocery & Gourmet,Staples,782.23,550.24,0.2966,8,1.0,1.163456392341747,1.124
P0171,2025-09-01,Grocery & Gourmet,Staples,782.23,550.24,0.2966,9,1.0,1.172764043480481,1.18
P0171,2025-10-01,Grocery & Gourmet,Staples,782.23,550.24,0.2966,10,1.3,1.1821461558283248,1.594
P0171,2025-11-01,Grocery & Gourmet,Staples,782.23,550.24,0.2966,11,1.42,1.1916033250749514,1.792
P0171,2025-12-01,Grocery & Gourmet,Staples,782.23,550.24,0.2966,12,1.5,1.201136151675551,2.055
P0171,2026-01-01,Grocery & Gourmet,Staples,782.23,550.24,0.2966,1,0.88,1.2107452408889554,1.187
P0171,2026-02-01,Grocery & Gourmet,Staples,782.23,550.24,0.2966,2,0.9,1.220431202816067,1.214
P0171,2026-03-01,Grocery & Gourmet,Staples,782.23,550.24,0.2966,3,1.0,1.2301946524385956,1.187
P0171,2026-04-01,Grocery & Gourmet,Staples,782.23,550.24,0.2966,4,1.0,1.2400362096581046,1.205
P0171,2026-05-01,Grocery & Gourmet,Staples,782.23,550.24,0.2966,5,1.0,1.2499564993353693,1.418
P0171,2026-06-01,Grocery & Gourmet,Staples,782.23,550.24,0.2966,6,1.1,1.2599561513300523,1.43
P0171,2026-07-01,Grocery & Gourmet,Staples,782.23,550.24,0.2966,7,1.08,1.2700358005406926,1.537
P0171,2026-08-01,Grocery & Gourmet,Staples,782.23,550.24,0.2966,8,1.0,1.2801960869450182,1.124
P0171,2026-09-01,Grocery & Gourmet,Staples,782.23,550.24,0.2966,9,1.0,1.2904376556405783,1.173
P0172,2024-01-01,Grocery & Gourmet,Staples,532.96,408.64,0.2333,1,0.88,1.0,0.972
P0172,2024-02-01,Grocery & Gourmet,Staples,532.96,408.64,0.2333,2,0.9,1.008,0.937
P0172,2024-03-01,Grocery & Gourmet,Staples,532.96,408.64,0.2333,3,1.0,1.016064,0.912
P0172,2024-04-01,Grocery & Gourmet,Staples,532.96,408.64,0.2333,4,1.0,1.024192512,0.945
P0172,2024-05-01,Grocery & Gourmet,Staples,532.96,408.64,0.2333,5,1.0,1.032386052096,1.091
P0172,2024-06-01,Grocery & Gourmet,Staples,532.96,408.64,0.2333,6,1.1,1.0406451405127681,1.116
P0172,2024-07-01,Grocery & Gourmet,Staples,532.96,408.64,0.2333,7,1.08,1.04897030163687,1.315
P0172,2024-08-01,Grocery & Gourmet,Staples,532.96,408.64,0.2333,8,1.0,1.0573620640499652,1.152
P0172,2024-09-01,Grocery & Gourmet,Staples,532.96,408.64,0.2333,9,1.0,1.065820960562365,0.996
P0172,2024-10-01,Grocery & Gourmet,Staples,532.96,408.64,0.2333,10,1.3,1.0743475282468637,1.322
P0172,2024-11-01,Grocery & Gourmet,Staples,532.96,408.64,0.2333,11,1.42,1.0829423084728387,1.539
P0172,2024-12-01,Grocery & Gourmet,Staples,532.96,408.64,0.2333,12,1.5,1.0916058469406213,1.948
P0172,2025-01-01,Grocery & Gourmet,Staples,532.96,408.64,0.2333,1,0.88,1.1003386937161463,0.737
P0172,2025-02-01,Grocery & Gourmet,Staples,532.96,408.64,0.2333,2,0.9,1.1091414032658755,1.128
P0172,2025-03-01,Grocery & Gourmet,Staples,532.96,408.64,0.2333,3,1.0,1.1180145344920027,1.091
P0172,2025-04-01,Grocery & Gourmet,Staples,532.96,408.64,0.2333,4,1.0,1.1269586507679386,1.068
P0172,2025-05-01,Grocery & Gourmet,Staples,532.96,408.64,0.2333,5,1.0,1.1359743199740822,1.222
P0172,2025-06-01,Grocery & Gourmet,Staples,532.96,408.64,0.2333,6,1.1,1.1450621145338749,1.225
P0172,2025-07-01,Grocery & Gourmet,Staples,532.96,408.64,0.2333,7,1.08,1.154222611450146,1.318
P0172,2025-08-01,Grocery & Gourmet,Staples,532.96,408.64,0.2333,8,1.0,1.163456392341747,1.252
P0172,2025-09-01,Grocery & Gourmet,Staples,532.96,408.64,0.2333,9,1.0,1.172764043480481,1.141
P0172,2025-10-01,Grocery & Gourmet,Staples,532.96,408.64,0.2333,10,1.3,1.1821461558283248,2.226
P0172,2025-11-01,Grocery & Gourmet,Staples,532.96,408.64,0.2333,11,1.42,1.1916033250749514,1.481
P0172,2025-12-01,Grocery & Gourmet,Staples,532.96,408.64,0.2333,12,1.5,1.201136151675551,1.736
P0172,2026-01-01,Grocery & Gourmet,Staples,532.96,408.64,0.2333,1,0.88,1.2107452408889554,1.06
P0172,2026-02-01,Grocery & Gourmet,Staples,532.96,408.64,0.2333,2,0.9,1.220431202816067,1.399
P0172,2026-03-01,Grocery & Gourmet,Staples,532.96,408.64,0.2333,3,1.0,1.2301946524385956,1.451
P0172,2026-04-01,Grocery & Gourmet,Staples,532.96,408.64,0.2333,4,1.0,1.2400362096581046,1.384
P0172,2026-05-01,Grocery & Gourmet,Staples,532.96,408.64,0.2333,5,1.0,1.2499564993353693,1.227
P0172,2026-06-01,Grocery & Gourmet,Staples,532.96,408.64,0.2333,6,1.1,1.2599561513300523,1.445
P0172,2026-07-01,Grocery & Gourmet,Staples,532.96,408.64,0.2333,7,1.08,1.2700358005406926,1.384
P0172,2026-08-01,Grocery & Gourmet,Staples,532.96,408.64,0.2333,8,1.0,1.2801960869450182,1.357
P0172,2026-09-01,Grocery & Gourmet,Staples,532.96,408.64,0.2333,9,1.0,1.2904376556405783,1.143
P0173,2024-01-01,Grocery & Gourmet,Staples,898.81,503.09,0.4403,1,0.88,1.0,1.017
P0173,2024-02-01,Grocery & Gourmet,Staples,898.81,503.09,0.4403,2,0.9,1.008,1.03
P0173,2024-03-01,Grocery & Gourmet,Staples,898.81,503.09,0.4403,3,1.0,1.016064,1.071
P0173,2024-04-01,Grocery & Gourmet,Staples,898.81,503.09,0.4403,4,1.0,1.024192512,1.103
P0173,2024-05-01,Grocery & Gourmet,Staples,898.81,503.09,0.4403,5,1.0,1.032386052096,1.333
P0173,2024-06-01,Grocery & Gourmet,Staples,898.81,503.09,0.4403,6,1.1,1.0406451405127681,0.947
P0173,2024-07-01,Grocery & Gourmet,Staples,898.81,503.09,0.4403,7,1.08,1.04897030163687,1.108
P0173,2024-08-01,Grocery & Gourmet,Staples,898.81,503.09,0.4403,8,1.0,1.0573620640499652,1.204
P0173,2024-09-01,Grocery & Gourmet,Staples,898.81,503.09,0.4403,9,1.0,1.065820960562365,0.958
P0173,2024-10-01,Grocery & Gourmet,Staples,898.81,503.09,0.4403,10,1.3,1.0743475282468637,1.62
P0173,2024-11-01,Grocery & Gourmet,Staples,898.81,503.09,0.4403,11,1.42,1.0829423084728387,1.343
P0173,2024-12-01,Grocery & Gourmet,Staples,898.81,503.09,0.4403,12,1.5,1.0916058469406213,1.552
P0173,2025-01-01,Grocery & Gourmet,Staples,898.81,503.09,0.4403,1,0.88,1.1003386937161463,0.808
P0173,2025-02-01,Grocery & Gourmet,Staples,898.81,503.09,0.4403,2,0.9,1.1091414032658755,1.034
P0173,2025-03-01,Grocery & Gourmet,Staples,898.81,503.09,0.4403,3,1.0,1.1180145344920027,1.19
P0173,2025-04-01,Grocery & Gourmet,Staples,898.81,503.09,0.4403,4,1.0,1.1269586507679386,0.97
P0173,2025-05-01,Grocery & Gourmet,Staples,898.81,503.09,0.4403,5,1.0,1.1359743199740822,1.114
P0173,2025-06-01,Grocery & Gourmet,Staples,898.81,503.09,0.4403,6,1.1,1.1450621145338749,1.261
P0173,2025-07-01,Grocery & Gourmet,Staples,898.81,503.09,0.4403,7,1.08,1.154222611450146,1.144
P0173,2025-08-01,Grocery & Gourmet,Staples,898.81,503.09,0.4403,8,1.0,1.163456392341747,1.261
P0173,2025-09-01,Grocery & Gourmet,Staples,898.81,503.09,0.4403,9,1.0,1.172764043480481,1.52
P0173,2025-10-01,Grocery & Gourmet,Staples,898.81,503.09,0.4403,10,1.3,1.1821461558283248,1.638
P0173,2025-11-01,Grocery & Gourmet,Staples,898.81,503.09,0.4403,11,1.42,1.1916033250749514,1.648
P0173,2025-12-01,Grocery & Gourmet,Staples,898.81,503.09,0.4403,12,1.5,1.201136151675551,1.772
P0173,2026-01-01,Grocery & Gourmet,Staples,898.81,503.09,0.4403,1,0.88,1.2107452408889554,1.005
P0173,2026-02-01,Grocery & Gourmet,Staples,898.81,503.09,0.4403,2,0.9,1.220431202816067,1.091
P0173,2026-03-01,Grocery & Gourmet,Staples,898.81,503.09,0.4403,3,1.0,1.2301946524385956,0.923
P0173,2026-04-01,Grocery & Gourmet,Staples,898.81,503.09,0.4403,4,1.0,1.2400362096581046,1.111
P0173,2026-05-01,Grocery & Gourmet,Staples,898.81,503.09,0.4403,5,1.0,1.2499564993353693,1.61
P0173,2026-06-01,Grocery & Gourmet,Staples,898.81,503.09,0.4403,6,1.1,1.2599561513300523,1.337
P0173,2026-07-01,Grocery & Gourmet,Staples,898.81,503.09,0.4403,7,1.08,1.2700358005406926,1.066
P0173,2026-08-01,Grocery & Gourmet,Staples,898.81,503.09,0.4403,8,1.0,1.2801960869450182,1.195
P0173,2026-09-01,Grocery & Gourmet,Staples,898.81,503.09,0.4403,9,1.0,1.2904376556405783,1.36
P0174,2024-01-01,Grocery & Gourmet,Staples,151.1,110.08,0.2715,1,0.88,1.0,0.864
P0174,2024-02-01,Grocery & Gourmet,Staples,151.1,110.08,0.2715,2,0.9,1.008,0.869
P0174,2024-03-01,Grocery & Gourmet,Staples,151.1,110.08,0.2715,3,1.0,1.016064,0.857
P0174,2024-04-01,Grocery & Gourmet,Staples,151.1,110.08,0.2715,4,1.0,1.024192512,0.983
P0174,2024-05-01,Grocery & Gourmet,Staples,151.1,110.08,0.2715,5,1.0,1.032386052096,1.242
P0174,2024-06-01,Grocery & Gourmet,Staples,151.1,110.08,0.2715,6,1.1,1.0406451405127681,1.546
P0174,2024-07-01,Grocery & Gourmet,Staples,151.1,110.08,0.2715,7,1.08,1.04897030163687,1.191
P0174,2024-08-01,Grocery & Gourmet,Staples,151.1,110.08,0.2715,8,1.0,1.0573620640499652,0.814
P0174,2024-09-01,Grocery & Gourmet,Staples,151.1,110.08,0.2715,9,1.0,1.065820960562365,1.107
P0174,2024-10-01,Grocery & Gourmet,Staples,151.1,110.08,0.2715,10,1.3,1.0743475282468637,1.323
P0174,2024-11-01,Grocery & Gourmet,Staples,151.1,110.08,0.2715,11,1.42,1.0829423084728387,1.662
P0174,2024-12-01,Grocery & Gourmet,Staples,151.1,110.08,0.2715,12,1.5,1.0916058469406213,1.572
P0174,2025-01-01,Grocery & Gourmet,Staples,151.1,110.08,0.2715,1,0.88,1.1003386937161463,1.253
P0174,2025-02-01,Grocery & Gourmet,Staples,151.1,110.08,0.2715,2,0.9,1.1091414032658755,0.948
P0174,2025-03-01,Grocery & Gourmet,Staples,151.1,110.08,0.2715,3,1.0,1.1180145344920027,1.114
P0174,2025-04-01,Grocery & Gourmet,Staples,151.1,110.08,0.2715,4,1.0,1.1269586507679386,1.138
P0174,2025-05-01,Grocery & Gourmet,Staples,151.1,110.08,0.2715,5,1.0,1.1359743199740822,1.355
P0174,2025-06-01,Grocery & Gourmet,Staples,151.1,110.08,0.2715,6,1.1,1.1450621145338749,1.327
P0174,2025-07-01,Grocery & Gourmet,Staples,151.1,110.08,0.2715,7,1.08,1.154222611450146,1.532
P0174,2025-08-01,Grocery & Gourmet,Staples,151.1,110.08,0.2715,8,1.0,1.163456392341747,1.402
P0174,2025-09-01,Grocery & Gourmet,Staples,151.1,110.08,0.2715,9,1.0,1.172764043480481,1.244
P0174,2025-10-01,Grocery & Gourmet,Staples,151.1,110.08,0.2715,10,1.3,1.1821461558283248,1.6
P0174,2025-11-01,Grocery & Gourmet,Staples,151.1,110.08,0.2715,11,1.42,1.1916033250749514,1.26
P0174,2025-12-01,Grocery & Gourmet,Staples,151.1,110.08,0.2715,12,1.5,1.201136151675551,1.516
P0174,2026-01-01,Grocery & Gourmet,Staples,151.1,110.08,0.2715,1,0.88,1.2107452408889554,1.043
P0174,2026-02-01,Grocery & Gourmet,Staples,151.1,110.08,0.2715,2,0.9,1.220431202816067,1.039
P0174,2026-03-01,Grocery & Gourmet,Staples,151.1,110.08,0.2715,3,1.0,1.2301946524385956,1.146
P0174,2026-04-01,Grocery & Gourmet,Staples,151.1,110.08,0.2715,4,1.0,1.2400362096581046,1.331
P0174,2026-05-01,Grocery & Gourmet,Staples,151.1,110.08,0.2715,5,1.0,1.2499564993353693,1.335
P0174,2026-06-01,Grocery & Gourmet,Staples,151.1,110.08,0.2715,6,1.1,1.2599561513300523,1.289
P0174,2026-07-01,Grocery & Gourmet,Staples,151.1,110.08,0.2715,7,1.08,1.2700358005406926,1.378
P0174,2026-08-01,Grocery & Gourmet,Staples,151.1,110.08,0.2715,8,1.0,1.2801960869450182,1.373
P0174,2026-09-01,Grocery & Gourmet,Staples,151.1,110.08,0.2715,9,1.0,1.2904376556405783,1.348
P0175,2024-01-01,Grocery & Gourmet,Staples,873.29,571.84,0.3452,1,0.88,1.0,0.652
P0175,2024-02-01,Grocery & Gourmet,Staples,873.29,571.84,0.3452,2,0.9,1.008,1.125
P0175,2024-03-01,Grocery & Gourmet,Staples,873.29,571.84,0.3452,3,1.0,1.016064,1.076
P0175,2024-04-01,Grocery & Gourmet,Staples,873.29,571.84,0.3452,4,1.0,1.024192512,1.136
P0175,2024-05-01,Grocery & Gourmet,Staples,873.29,571.84,0.3452,5,1.0,1.032386052096,1.113
P0175,2024-06-01,Grocery & Gourmet,Staples,873.29,571.84,0.3452,6,1.1,1.0406451405127681,1.192
P0175,2024-07-01,Grocery & Gourmet,Staples,873.29,571.84,0.3452,7,1.08,1.04897030163687,0.925
P0175,2024-08-01,Grocery & Gourmet,Staples,873.29,571.84,0.3452,8,1.0,1.0573620640499652,1.155
P0175,2024-09-01,Grocery & Gourmet,Staples,873.29,571.84,0.3452,9,1.0,1.065820960562365,1.06
P0175,2024-10-01,Grocery & Gourmet,Staples,873.29,571.84,0.3452,10,1.3,1.0743475282468637,1.33
P0175,2024-11-01,Grocery & Gourmet,Staples,873.29,571.84,0.3452,11,1.42,1.0829423084728387,1.637
P0175,2024-12-01,Grocery & Gourmet,Staples,873.29,571.84,0.3452,12,1.5,1.0916058469406213,1.521
P0175,2025-01-01,Grocery & Gourmet,Staples,873.29,571.84,0.3452,1,0.88,1.1003386937161463,1.241
P0175,2025-02-01,Grocery & Gourmet,Staples,873.29,571.84,0.3452,2,0.9,1.1091414032658755,0.88
P0175,2025-03-01,Grocery & Gourmet,Staples,873.29,571.84,0.3452,3,1.0,1.1180145344920027,1.177
P0175,2025-04-01,Grocery & Gourmet,Staples,873.29,571.84,0.3452,4,1.0,1.1269586507679386,1.048
P0175,2025-05-01,Grocery & Gourmet,Staples,873.29,571.84,0.3452,5,1.0,1.1359743199740822,1.125
P0175,2025-06-01,Grocery & Gourmet,Staples,873.29,571.84,0.3452,6,1.1,1.1450621145338749,1.197
P0175,2025-07-01,Grocery & Gourmet,Staples,873.29,571.84,0.3452,7,1.08,1.154222611450146,1.087
P0175,2025-08-01,Grocery & Gourmet,Staples,873.29,571.84,0.3452,8,1.0,1.163456392341747,1.092
P0175,2025-09-01,Grocery & Gourmet,Staples,873.29,571.84,0.3452,9,1.0,1.172764043480481,1.136
P0175,2025-10-01,Grocery & Gourmet,Staples,873.29,571.84,0.3452,10,1.3,1.1821461558283248,1.599
P0175,2025-11-01,Grocery & Gourmet,Staples,873.29,571.84,0.3452,11,1.42,1.1916033250749514,1.937
P0175,2025-12-01,Grocery & Gourmet,Staples,873.29,571.84,0.3452,12,1.5,1.201136151675551,1.431
P0175,2026-01-01,Grocery & Gourmet,Staples,873.29,571.84,0.3452,1,0.88,1.2107452408889554,0.9
P0175,2026-02-01,Grocery & Gourmet,Staples,873.29,571.84,0.3452,2,0.9,1.220431202816067,0.808
P0175,2026-03-01,Grocery & Gourmet,Staples,873.29,571.84,0.3452,3,1.0,1.2301946524385956,1.056
P0175,2026-04-01,Grocery & Gourmet,Staples,873.29,571.84,0.3452,4,1.0,1.2400362096581046,1.171
P0175,2026-05-01,Grocery & Gourmet,Staples,873.29,571.84,0.3452,5,1.0,1.2499564993353693,1.247
P0175,2026-06-01,Grocery & Gourmet,Staples,873.29,571.84,0.3452,6,1.1,1.2599561513300523,1.192
P0175,2026-07-01,Grocery & Gourmet,Staples,873.29,571.84,0.3452,7,1.08,1.2700358005406926,1.357
P0175,2026-08-01,Grocery & Gourmet,Staples,873.29,571.84,0.3452,8,1.0,1.2801960869450182,1.38
P0175,2026-09-01,Grocery & Gourmet,Staples,873.29,571.84,0.3452,9,1.0,1.2904376556405783,1.137
P0176,2024-01-01,Grocery & Gourmet,Staples,298.15,243.56,0.1831,1,0.88,1.0,0.925
P0176,2024-02-01,Grocery & Gourmet,Staples,298.15,243.56,0.1831,2,0.9,1.008,0.853
P0176,2024-03-01,Grocery & Gourmet,Staples,298.15,243.56,0.1831,3,1.0,1.016064,1.299
P0176,2024-04-01,Grocery & Gourmet,Staples,298.15,243.56,0.1831,4,1.0,1.024192512,1.206
P0176,2024-05-01,Grocery & Gourmet,Staples,298.15,243.56,0.1831,5,1.0,1.032386052096,1.116
P0176,2024-06-01,Grocery & Gourmet,Staples,298.15,243.56,0.1831,6,1.1,1.0406451405127681,0.929
P0176,2024-07-01,Grocery & Gourmet,Staples,298.15,243.56,0.1831,7,1.08,1.04897030163687,1.035
P0176,2024-08-01,Grocery & Gourmet,Staples,298.15,243.56,0.1831,8,1.0,1.0573620640499652,0.976
P0176,2024-09-01,Grocery & Gourmet,Staples,298.15,243.56,0.1831,9,1.0,1.065820960562365,1.386
P0176,2024-10-01,Grocery & Gourmet,Staples,298.15,243.56,0.1831,10,1.3,1.0743475282468637,1.473
P0176,2024-11-01,Grocery & Gourmet,Staples,298.15,243.56,0.1831,11,1.42,1.0829423084728387,1.468
P0176,2024-12-01,Grocery & Gourmet,Staples,298.15,243.56,0.1831,12,1.5,1.0916058469406213,1.738
P0176,2025-01-01,Grocery & Gourmet,Staples,298.15,243.56,0.1831,1,0.88,1.1003386937161463,1.167
P0176,2025-02-01,Grocery & Gourmet,Staples,298.15,243.56,0.1831,2,0.9,1.1091414032658755,1.164
P0176,2025-03-01,Grocery & Gourmet,Staples,298.15,243.56,0.1831,3,1.0,1.1180145344920027,1.005
P0176,2025-04-01,Grocery & Gourmet,Staples,298.15,243.56,0.1831,4,1.0,1.1269586507679386,1.153
P0176,2025-05-01,Grocery & Gourmet,Staples,298.15,243.56,0.1831,5,1.0,1.1359743199740822,1.002
P0176,2025-06-01,Grocery & Gourmet,Staples,298.15,243.56,0.1831,6,1.1,1.1450621145338749,1.354
P0176,2025-07-01,Grocery & Gourmet,Staples,298.15,243.56,0.1831,7,1.08,1.154222611450146,1.151
P0176,2025-08-01,Grocery & Gourmet,Staples,298.15,243.56,0.1831,8,1.0,1.163456392341747,1.232
P0176,2025-09-01,Grocery & Gourmet,Staples,298.15,243.56,0.1831,9,1.0,1.172764043480481,1.025
P0176,2025-10-01,Grocery & Gourmet,Staples,298.15,243.56,0.1831,10,1.3,1.1821461558283248,1.553
P0176,2025-11-01,Grocery & Gourmet,Staples,298.15,243.56,0.1831,11,1.42,1.1916033250749514,1.638
P0176,2025-12-01,Grocery & Gourmet,Staples,298.15,243.56,0.1831,12,1.5,1.201136151675551,2.347
P0176,2026-01-01,Grocery & Gourmet,Staples,298.15,243.56,0.1831,1,0.88,1.2107452408889554,1.013
P0176,2026-02-01,Grocery & Gourmet,Staples,298.15,243.56,0.1831,2,0.9,1.220431202816067,0.947
P0176,2026-03-01,Grocery & Gourmet,Staples,298.15,243.56,0.1831,3,1.0,1.2301946524385956,1.317
P0176,2026-04-01,Grocery & Gourmet,Staples,298.15,243.56,0.1831,4,1.0,1.2400362096581046,1.283
P0176,2026-05-01,Grocery & Gourmet,Staples,298.15,243.56,0.1831,5,1.0,1.2499564993353693,1.592
P0176,2026-06-01,Grocery & Gourmet,Staples,298.15,243.56,0.1831,6,1.1,1.2599561513300523,1.279
P0176,2026-07-01,Grocery & Gourmet,Staples,298.15,243.56,0.1831,7,1.08,1.2700358005406926,1.225
P0176,2026-08-01,Grocery & Gourmet,Staples,298.15,243.56,0.1831,8,1.0,1.2801960869450182,1.282
P0176,2026-09-01,Grocery & Gourmet,Staples,298.15,243.56,0.1831,9,1.0,1.2904376556405783,1.634
P0177,2024-01-01,Grocery & Gourmet,Staples,1127.3,915.44,0.1879,1,0.88,1.0,1.179
P0177,2024-02-01,Grocery & Gourmet,Staples,1127.3,915.44,0.1879,2,0.9,1.008,0.988
P0177,2024-03-01,Grocery & Gourmet,Staples,1127.3,915.44,0.1879,3,1.0,1.016064,0.996
P0177,2024-04-01,Grocery & Gourmet,Staples,1127.3,915.44,0.1879,4,1.0,1.024192512,1.081
P0177,2024-05-01,Grocery & Gourmet,Staples,1127.3,915.44,0.1879,5,1.0,1.032386052096,1.103
P0177,2024-06-01,Grocery & Gourmet,Staples,1127.3,915.44,0.1879,6,1.1,1.0406451405127681,1.152
P0177,2024-07-01,Grocery & Gourmet,Staples,1127.3,915.44,0.1879,7,1.08,1.04897030163687,1.21
P0177,2024-08-01,Grocery & Gourmet,Staples,1127.3,915.44,0.1879,8,1.0,1.0573620640499652,1.013
P0177,2024-09-01,Grocery & Gourmet,Staples,1127.3,915.44,0.1879,9,1.0,1.065820960562365,1.075
P0177,2024-10-01,Grocery & Gourmet,Staples,1127.3,915.44,0.1879,10,1.3,1.0743475282468637,1.477
P0177,2024-11-01,Grocery & Gourmet,Staples,1127.3,915.44,0.1879,11,1.42,1.0829423084728387,1.41
P0177,2024-12-01,Grocery & Gourmet,Staples,1127.3,915.44,0.1879,12,1.5,1.0916058469406213,1.346
P0177,2025-01-01,Grocery & Gourmet,Staples,1127.3,915.44,0.1879,1,0.88,1.1003386937161463,0.89
P0177,2025-02-01,Grocery & Gourmet,Staples,1127.3,915.44,0.1879,2,0.9,1.1091414032658755,1.091
P0177,2025-03-01,Grocery & Gourmet,Staples,1127.3,915.44,0.1879,3,1.0,1.1180145344920027,0.996
P0177,2025-04-01,Grocery & Gourmet,Staples,1127.3,915.44,0.1879,4,1.0,1.1269586507679386,1.115
P0177,2025-05-01,Grocery & Gourmet,Staples,1127.3,915.44,0.1879,5,1.0,1.1359743199740822,1.07
P0177,2025-06-01,Grocery & Gourmet,Staples,1127.3,915.44,0.1879,6,1.1,1.1450621145338749,1.274
P0177,2025-07-01,Grocery & Gourmet,Staples,1127.3,915.44,0.1879,7,1.08,1.154222611450146,0.99
P0177,2025-08-01,Grocery & Gourmet,Staples,1127.3,915.44,0.1879,8,1.0,1.163456392341747,1.2
P0177,2025-09-01,Grocery & Gourmet,Staples,1127.3,915.44,0.1879,9,1.0,1.172764043480481,1.145
P0177,2025-10-01,Grocery & Gourmet,Staples,1127.3,915.44,0.1879,10,1.3,1.1821461558283248,1.561
P0177,2025-11-01,Grocery & Gourmet,Staples,1127.3,915.44,0.1879,11,1.42,1.1916033250749514,1.561
P0177,2025-12-01,Grocery & Gourmet,Staples,1127.3,915.44,0.1879,12,1.5,1.201136151675551,1.833
P0177,2026-01-01,Grocery & Gourmet,Staples,1127.3,915.44,0.1879,1,0.88,1.2107452408889554,1.196
P0177,2026-02-01,Grocery & Gourmet,Staples,1127.3,915.44,0.1879,2,0.9,1.220431202816067,1.169
P0177,2026-03-01,Grocery & Gourmet,Staples,1127.3,915.44,0.1879,3,1.0,1.2301946524385956,0.985
P0177,2026-04-01,Grocery & Gourmet,Staples,1127.3,915.44,0.1879,4,1.0,1.2400362096581046,0.843
P0177,2026-05-01,Grocery & Gourmet,Staples,1127.3,915.44,0.1879,5,1.0,1.2499564993353693,1.208
P0177,2026-06-01,Grocery & Gourmet,Staples,1127.3,915.44,0.1879,6,1.1,1.2599561513300523,1.366
P0177,2026-07-01,Grocery & Gourmet,Staples,1127.3,915.44,0.1879,7,1.08,1.2700358005406926,1.5
P0177,2026-08-01,Grocery & Gourmet,Staples,1127.3,915.44,0.1879,8,1.0,1.2801960869450182,1.454
P0177,2026-09-01,Grocery & Gourmet,Staples,1127.3,915.44,0.1879,9,1.0,1.2904376556405783,1.18
P0178,2024-01-01,Grocery & Gourmet,Staples,1185.2,814.1,0.3131,1,0.88,1.0,0.724
P0178,2024-02-01,Grocery & Gourmet,Staples,1185.2,814.1,0.3131,2,0.9,1.008,0.926
P0178,2024-03-01,Grocery & Gourmet,Staples,1185.2,814.1,0.3131,3,1.0,1.016064,1.014
P0178,2024-04-01,Grocery & Gourmet,Staples,1185.2,814.1,0.3131,4,1.0,1.024192512,0.882
P0178,2024-05-01,Grocery & Gourmet,Staples,1185.2,814.1,0.3131,5,1.0,1.032386052096,0.901
P0178,2024-06-01,Grocery & Gourmet,Staples,1185.2,814.1,0.3131,6,1.1,1.0406451405127681,1.092
P0178,2024-07-01,Grocery & Gourmet,Staples,1185.2,814.1,0.3131,7,1.08,1.04897030163687,1.09
P0178,2024-08-01,Grocery & Gourmet,Staples,1185.2,814.1,0.3131,8,1.0,1.0573620640499652,1.202
P0178,2024-09-01,Grocery & Gourmet,Staples,1185.2,814.1,0.3131,9,1.0,1.065820960562365,0.996
P0178,2024-10-01,Grocery & Gourmet,Staples,1185.2,814.1,0.3131,10,1.3,1.0743475282468637,1.651
P0178,2024-11-01,Grocery & Gourmet,Staples,1185.2,814.1,0.3131,11,1.42,1.0829423084728387,1.563
P0178,2024-12-01,Grocery & Gourmet,Staples,1185.2,814.1,0.3131,12,1.5,1.0916058469406213,1.776
P0178,2025-01-01,Grocery & Gourmet,Staples,1185.2,814.1,0.3131,1,0.88,1.1003386937161463,1.013
P0178,2025-02-01,Grocery & Gourmet,Staples,1185.2,814.1,0.3131,2,0.9,1.1091414032658755,0.895
P0178,2025-03-01,Grocery & Gourmet,Staples,1185.2,814.1,0.3131,3,1.0,1.1180145344920027,0.977
P0178,2025-04-01,Grocery & Gourmet,Staples,1185.2,814.1,0.3131,4,1.0,1.1269586507679386,1.007
P0178,2025-05-01,Grocery & Gourmet,Staples,1185.2,814.1,0.3131,5,1.0,1.1359743199740822,1.161
P0178,2025-06-01,Grocery & Gourmet,Staples,1185.2,814.1,0.3131,6,1.1,1.1450621145338749,1.275
P0178,2025-07-01,Grocery & Gourmet,Staples,1185.2,814.1,0.3131,7,1.08,1.154222611450146,1.568
P0178,2025-08-01,Grocery & Gourmet,Staples,1185.2,814.1,0.3131,8,1.0,1.163456392341747,0.971
P0178,2025-09-01,Grocery & Gourmet,Staples,1185.2,814.1,0.3131,9,1.0,1.172764043480481,1.427
P0178,2025-10-01,Grocery & Gourmet,Staples,1185.2,814.1,0.3131,10,1.3,1.1821461558283248,1.706
P0178,2025-11-01,Grocery & Gourmet,Staples,1185.2,814.1,0.3131,11,1.42,1.1916033250749514,1.674
P0178,2025-12-01,Grocery & Gourmet,Staples,1185.2,814.1,0.3131,12,1.5,1.201136151675551,1.641
P0178,2026-01-01,Grocery & Gourmet,Staples,1185.2,814.1,0.3131,1,0.88,1.2107452408889554,1.187
P0178,2026-02-01,Grocery & Gourmet,Staples,1185.2,814.1,0.3131,2,0.9,1.220431202816067,0.925
P0178,2026-03-01,Grocery & Gourmet,Staples,1185.2,814.1,0.3131,3,1.0,1.2301946524385956,1.426
P0178,2026-04-01,Grocery & Gourmet,Staples,1185.2,814.1,0.3131,4,1.0,1.2400362096581046,1.012
P0178,2026-05-01,Grocery & Gourmet,Staples,1185.2,814.1,0.3131,5,1.0,1.2499564993353693,1.122
P0178,2026-06-01,Grocery & Gourmet,Staples,1185.2,814.1,0.3131,6,1.1,1.2599561513300523,1.136
P0178,2026-07-01,Grocery & Gourmet,Staples,1185.2,814.1,0.3131,7,1.08,1.2700358005406926,1.462
P0178,2026-08-01,Grocery & Gourmet,Staples,1185.2,814.1,0.3131,8,1.0,1.2801960869450182,1.222
P0178,2026-09-01,Grocery & Gourmet,Staples,1185.2,814.1,0.3131,9,1.0,1.2904376556405783,1.229
P0179,2024-01-01,Grocery & Gourmet,Staples,384.88,274.32,0.2873,1,0.88,1.0,0.793
P0179,2024-02-01,Grocery & Gourmet,Staples,384.88,274.32,0.2873,2,0.9,1.008,0.886
P0179,2024-03-01,Grocery & Gourmet,Staples,384.88,274.32,0.2873,3,1.0,1.016064,1.219
P0179,2024-04-01,Grocery & Gourmet,Staples,384.88,274.32,0.2873,4,1.0,1.024192512,1.076
P0179,2024-05-01,Grocery & Gourmet,Staples,384.88,274.32,0.2873,5,1.0,1.032386052096,1.11
P0179,2024-06-01,Grocery & Gourmet,Staples,384.88,274.32,0.2873,6,1.1,1.0406451405127681,1.28
P0179,2024-07-01,Grocery & Gourmet,Staples,384.88,274.32,0.2873,7,1.08,1.04897030163687,1.183
P0179,2024-08-01,Grocery & Gourmet,Staples,384.88,274.32,0.2873,8,1.0,1.0573620640499652,0.97
P0179,2024-09-01,Grocery & Gourmet,Staples,384.88,274.32,0.2873,9,1.0,1.065820960562365,0.936
P0179,2024-10-01,Grocery & Gourmet,Staples,384.88,274.32,0.2873,10,1.3,1.0743475282468637,1.401
P0179,2024-11-01,Grocery & Gourmet,Staples,384.88,274.32,0.2873,11,1.42,1.0829423084728387,1.52
P0179,2024-12-01,Grocery & Gourmet,Staples,384.88,274.32,0.2873,12,1.5,1.0916058469406213,1.959
P0179,2025-01-01,Grocery & Gourmet,Staples,384.88,274.32,0.2873,1,0.88,1.1003386937161463,0.94
P0179,2025-02-01,Grocery & Gourmet,Staples,384.88,274.32,0.2873,2,0.9,1.1091414032658755,1.134
P0179,2025-03-01,Grocery & Gourmet,Staples,384.88,274.32,0.2873,3,1.0,1.1180145344920027,1.098
P0179,2025-04-01,Grocery & Gourmet,Staples,384.88,274.32,0.2873,4,1.0,1.1269586507679386,0.882
P0179,2025-05-01,Grocery & Gourmet,Staples,384.88,274.32,0.2873,5,1.0,1.1359743199740822,1.288
P0179,2025-06-01,Grocery & Gourmet,Staples,384.88,274.32,0.2873,6,1.1,1.1450621145338749,1.429
P0179,2025-07-01,Grocery & Gourmet,Staples,384.88,274.32,0.2873,7,1.08,1.154222611450146,1.12
P0179,2025-08-01,Grocery & Gourmet,Staples,384.88,274.32,0.2873,8,1.0,1.163456392341747,1.104
P0179,2025-09-01,Grocery & Gourmet,Staples,384.88,274.32,0.2873,9,1.0,1.172764043480481,1.018
P0179,2025-10-01,Grocery & Gourmet,Staples,384.88,274.32,0.2873,10,1.3,1.1821461558283248,1.152
P0179,2025-11-01,Grocery & Gourmet,Staples,384.88,274.32,0.2873,11,1.42,1.1916033250749514,1.682
P0179,2025-12-01,Grocery & Gourmet,Staples,384.88,274.32,0.2873,12,1.5,1.201136151675551,1.861
P0179,2026-01-01,Grocery & Gourmet,Staples,384.88,274.32,0.2873,1,0.88,1.2107452408889554,0.956
P0179,2026-02-01,Grocery & Gourmet,Staples,384.88,274.32,0.2873,2,0.9,1.220431202816067,1.033
P0179,2026-03-01,Grocery & Gourmet,Staples,384.88,274.32,0.2873,3,1.0,1.2301946524385956,1.094
P0179,2026-04-01,Grocery & Gourmet,Staples,384.88,274.32,0.2873,4,1.0,1.2400362096581046,1.366
P0179,2026-05-01,Grocery & Gourmet,Staples,384.88,274.32,0.2873,5,1.0,1.2499564993353693,1.313
P0179,2026-06-01,Grocery & Gourmet,Staples,384.88,274.32,0.2873,6,1.1,1.2599561513300523,1.347
P0179,2026-07-01,Grocery & Gourmet,Staples,384.88,274.32,0.2873,7,1.08,1.2700358005406926,1.561
P0179,2026-08-01,Grocery & Gourmet,Staples,384.88,274.32,0.2873,8,1.0,1.2801960869450182,1.141
P0179,2026-09-01,Grocery & Gourmet,Staples,384.88,274.32,0.2873,9,1.0,1.2904376556405783,1.252
P0180,2024-01-01,Grocery & Gourmet,Staples,795.34,670.86,0.1565,1,0.88,1.0,0.966
P0180,2024-02-01,Grocery & Gourmet,Staples,795.34,670.86,0.1565,2,0.9,1.008,1.026
P0180,2024-03-01,Grocery & Gourmet,Staples,795.34,670.86,0.1565,3,1.0,1.016064,1.074
P0180,2024-04-01,Grocery & Gourmet,Staples,795.34,670.86,0.1565,4,1.0,1.024192512,1.154
P0180,2024-05-01,Grocery & Gourmet,Staples,795.34,670.86,0.1565,5,1.0,1.032386052096,0.899
P0180,2024-06-01,Grocery & Gourmet,Staples,795.34,670.86,0.1565,6,1.1,1.0406451405127681,1.115
P0180,2024-07-01,Grocery & Gourmet,Staples,795.34,670.86,0.1565,7,1.08,1.04897030163687,1.021
P0180,2024-08-01,Grocery & Gourmet,Staples,795.34,670.86,0.1565,8,1.0,1.0573620640499652,0.859
P0180,2024-09-01,Grocery & Gourmet,Staples,795.34,670.86,0.1565,9,1.0,1.065820960562365,1.261
P0180,2024-10-01,Grocery & Gourmet,Staples,795.34,670.86,0.1565,10,1.3,1.0743475282468637,1.251
P0180,2024-11-01,Grocery & Gourmet,Staples,795.34,670.86,0.1565,11,1.42,1.0829423084728387,1.468
P0180,2024-12-01,Grocery & Gourmet,Staples,795.34,670.86,0.1565,12,1.5,1.0916058469406213,1.72
P0180,2025-01-01,Grocery & Gourmet,Staples,795.34,670.86,0.1565,1,0.88,1.1003386937161463,1.084
P0180,2025-02-01,Grocery & Gourmet,Staples,795.34,670.86,0.1565,2,0.9,1.1091414032658755,0.869
P0180,2025-03-01,Grocery & Gourmet,Staples,795.34,670.86,0.1565,3,1.0,1.1180145344920027,1.372
P0180,2025-04-01,Grocery & Gourmet,Staples,795.34,670.86,0.1565,4,1.0,1.1269586507679386,1.243
P0180,2025-05-01,Grocery & Gourmet,Staples,795.34,670.86,0.1565,5,1.0,1.1359743199740822,1.133
P0180,2025-06-01,Grocery & Gourmet,Staples,795.34,670.86,0.1565,6,1.1,1.1450621145338749,1.179
P0180,2025-07-01,Grocery & Gourmet,Staples,795.34,670.86,0.1565,7,1.08,1.154222611450146,1.18
P0180,2025-08-01,Grocery & Gourmet,Staples,795.34,670.86,0.1565,8,1.0,1.163456392341747,1.139
P0180,2025-09-01,Grocery & Gourmet,Staples,795.34,670.86,0.1565,9,1.0,1.172764043480481,0.966
P0180,2025-10-01,Grocery & Gourmet,Staples,795.34,670.86,0.1565,10,1.3,1.1821461558283248,1.473
P0180,2025-11-01,Grocery & Gourmet,Staples,795.34,670.86,0.1565,11,1.42,1.1916033250749514,1.734
P0180,2025-12-01,Grocery & Gourmet,Staples,795.34,670.86,0.1565,12,1.5,1.201136151675551,2.049
P0180,2026-01-01,Grocery & Gourmet,Staples,795.34,670.86,0.1565,1,0.88,1.2107452408889554,1.332
P0180,2026-02-01,Grocery & Gourmet,Staples,795.34,670.86,0.1565,2,0.9,1.220431202816067,1.156
P0180,2026-03-01,Grocery & Gourmet,Staples,795.34,670.86,0.1565,3,1.0,1.2301946524385956,0.907
P0180,2026-04-01,Grocery & Gourmet,Staples,795.34,670.86,0.1565,4,1.0,1.2400362096581046,1.132
P0180,2026-05-01,Grocery & Gourmet,Staples,795.34,670.86,0.1565,5,1.0,1.2499564993353693,1.6
P0180,2026-06-01,Grocery & Gourmet,Staples,795.34,670.86,0.1565,6,1.1,1.2599561513300523,1.304
P0180,2026-07-01,Grocery & Gourmet,Staples,795.34,670.86,0.1565,7,1.08,1.2700358005406926,1.193
P0180,2026-08-01,Grocery & Gourmet,Staples,795.34,670.86,0.1565,8,1.0,1.2801960869450182,1.19
P0180,2026-09-01,Grocery & Gourmet,Staples,795.34,670.86,0.1565,9,1.0,1.2904376556405783,1.1
